Date,Adj Close,Close,High,Low,Open,Volume
2019-03-18,250.0,250.0,250.0,250.0,250.0,455.0
2019-03-19,270.2799987792969,270.2799987792969,270.2799987792969,270.2799987792969,270.2799987792969,5.0
2019-03-20,270.2799987792969,270.2799987792969,270.2799987792969,270.2799987792969,270.2799987792969,0.0
2019-03-21,276.20001220703125,276.20001220703125,276.20001220703125,276.20001220703125,276.20001220703125,10.0
2019-03-22,289.9200134277344,289.9200134277344,289.9200134277344,289.9200134277344,289.9200134277344,20.0
2019-03-25,380.0,380.0,389.0,303.79998779296875,303.79998779296875,30.0
2019-03-26,420.6000061035156,420.6000061035156,420.6000061035156,417.6000061035156,417.6000061035156,20.0
2019-03-27,420.6000061035156,420.6000061035156,420.6000061035156,420.6000061035156,420.6000061035156,5.0
2019-03-28,420.6000061035156,420.6000061035156,420.6000061035156,420.6000061035156,420.6000061035156,5.0
2019-03-29,420.6000061035156,420.6000061035156,420.6000061035156,420.6000061035156,420.6000061035156,0.0
2019-04-01,457.0,457.0,457.0,457.0,457.0,35.0
2019-04-02,289.79998779296875,289.79998779296875,420.0,278.0,390.3999938964844,16790.0
2019-04-03,359.3999938964844,359.3999938964844,359.3999938964844,288.0,292.79998779296875,21585.0
2019-04-04,344.6000061035156,344.6000061035156,386.9200134277344,321.3999938964844,365.6000061035156,14380.0
2019-04-05,325.3999938964844,325.3999938964844,362.5,291.8999938964844,350.0,34805.0
2019-04-08,331.0,331.0,337.6000061035156,303.20001220703125,325.3999938964844,48395.0
2019-04-09,358.0,358.0,365.79998779296875,321.20001220703125,321.20001220703125,24075.0
2019-04-10,369.20001220703125,369.20001220703125,392.79998779296875,350.20001220703125,392.79998779296875,26870.0
2019-04-11,362.3999938964844,362.3999938964844,393.20001220703125,350.79998779296875,376.6000061035156,15630.0
2019-04-12,365.79998779296875,365.79998779296875,397.79998779296875,352.3999938964844,357.3999938964844,15500.0
2019-04-15,352.79998779296875,352.79998779296875,377.3999938964844,341.6000061035156,360.0,16555.0
2019-04-16,340.20001220703125,340.20001220703125,372.3999938964844,316.3999938964844,358.0,3855.0
2019-04-17,324.6000061035156,324.6000061035156,366.20001220703125,321.3999938964844,343.79998779296875,6325.0
2019-04-18,311.20001220703125,311.20001220703125,339.70001220703125,300.20001220703125,324.79998779296875,6920.0
2019-04-22,311.20001220703125,311.20001220703125,323.6000061035156,305.0,315.0,3830.0
2019-04-23,309.79998779296875,309.79998779296875,318.3999938964844,305.0,310.79998779296875,8810.0
2019-04-24,310.20001220703125,310.20001220703125,348.29998779296875,307.29998779296875,311.6000061035156,5945.0
2019-04-25,308.6000061035156,308.6000061035156,316.3999938964844,304.70001220703125,308.6000061035156,4375.0
2019-04-26,310.0,310.0,330.0,305.1000061035156,308.3999938964844,3325.0
2019-04-29,308.0,308.0,315.20001220703125,305.0,312.20001220703125,2300.0
2019-04-30,304.6000061035156,304.6000061035156,316.6000061035156,300.79998779296875,307.0,9395.0
2019-05-01,304.0,304.0,314.6000061035156,302.3999938964844,306.3999938964844,10520.0
2019-05-02,306.0,306.0,311.0,301.6000061035156,304.20001220703125,4235.0
2019-05-03,306.0,306.0,336.3599853515625,302.0,309.0,4170.0
2019-05-06,332.20001220703125,332.20001220703125,343.79998779296875,304.0,304.0,2665.0
2019-05-07,306.79998779296875,306.79998779296875,328.3999938964844,302.20001220703125,328.3999938964844,4615.0
2019-05-08,317.20001220703125,317.20001220703125,337.6000061035156,306.20001220703125,307.6000061035156,5615.0
2019-05-09,324.6000061035156,324.6000061035156,326.79998779296875,302.6000061035156,316.0,5275.0
2019-05-10,332.79998779296875,332.79998779296875,349.20001220703125,312.0,320.0,5975.0
2019-05-13,301.6000061035156,301.6000061035156,313.79998779296875,295.0,313.20001220703125,3565.0
2019-05-14,295.3999938964844,295.3999938964844,302.6000061035156,293.79998779296875,297.20001220703125,7140.0
2019-05-15,286.3999938964844,286.3999938964844,297.20001220703125,269.8999938964844,293.6000061035156,13890.0
2019-05-16,294.20001220703125,294.20001220703125,302.3999938964844,282.79998779296875,288.6000061035156,12365.0
2019-05-17,292.20001220703125,292.20001220703125,299.6000061035156,285.3999938964844,290.3999938964844,4845.0
2019-05-20,294.3999938964844,294.3999938964844,306.20001220703125,289.3999938964844,289.3999938964844,6285.0
2019-05-21,306.20001220703125,306.20001220703125,314.6000061035156,291.79998779296875,298.79998779296875,12890.0
2019-05-22,306.6000061035156,306.6000061035156,310.20001220703125,300.29998779296875,306.0,6250.0
2019-05-23,301.20001220703125,301.20001220703125,311.20001220703125,296.6000061035156,303.0,4915.0
2019-05-24,303.0,303.0,308.6000061035156,296.0,296.0,3130.0
2019-05-28,300.0,300.0,306.79998779296875,293.20001220703125,305.0,10685.0
2019-05-29,280.0,280.0,303.0,269.20001220703125,296.79998779296875,6490.0
2019-05-30,268.79998779296875,268.79998779296875,291.20001220703125,249.39999389648438,278.6000061035156,8225.0
2019-05-31,279.0,279.0,285.79998779296875,263.6000061035156,263.6000061035156,3880.0
2019-06-03,226.8000030517578,226.8000030517578,279.3999938964844,223.39999389648438,278.6000061035156,10675.0
2019-06-04,226.0,226.0,238.17999267578125,219.1999969482422,233.0,5940.0
2019-06-05,211.0,211.0,232.8000030517578,205.3000030517578,225.60000610351562,30320.0
2019-06-06,224.39999389648438,224.39999389648438,237.39999389648438,211.60000610351562,211.60000610351562,3800.0
2019-06-07,202.39999389648438,202.39999389648438,234.1999969482422,200.0,225.0,6850.0
2019-06-10,197.60000610351562,197.60000610351562,212.60000610351562,196.8000030517578,204.0,6215.0
2019-06-11,193.8000030517578,193.8000030517578,211.39999389648438,188.39999389648438,198.1999969482422,7480.0
2019-06-12,195.39999389648438,195.39999389648438,208.0,184.0,194.1999969482422,8050.0
2019-06-13,192.0,192.0,208.8000030517578,182.0,196.39999389648438,9380.0
2019-06-14,195.60000610351562,195.60000610351562,204.10000610351562,187.0,189.5,12310.0
2019-06-17,215.1999969482422,215.1999969482422,215.8000030517578,181.1999969482422,193.39999389648438,9015.0
2019-06-18,229.8000030517578,229.8000030517578,231.39999389648438,215.3000030517578,217.0,5580.0
2019-06-19,229.1999969482422,229.1999969482422,238.94000244140625,221.1999969482422,228.8000030517578,5245.0
2019-06-20,233.8000030517578,233.8000030517578,241.8000030517578,227.0,232.39999389648438,7310.0
2019-06-21,222.39999389648438,222.39999389648438,244.60000610351562,212.60000610351562,233.0,38770.0
2019-06-24,215.60000610351562,215.60000610351562,238.1999969482422,209.89999389648438,225.1999969482422,9650.0
2019-06-25,225.0,225.0,240.10000610351562,211.0,218.39999389648438,6925.0
2019-06-26,222.0,222.0,229.0,215.3000030517578,225.0,8330.0
2019-06-27,224.0,224.0,234.39999389648438,223.1999969482422,223.1999969482422,9480.0
2019-06-28,229.0,229.0,232.60000610351562,220.1999969482422,225.60000610351562,83720.0
2019-07-01,232.8000030517578,232.8000030517578,248.39999389648438,225.60000610351562,232.8000030517578,10950.0
2019-07-02,240.8000030517578,240.8000030517578,241.8000030517578,227.1199951171875,232.39999389648438,9835.0
2019-07-03,243.60000610351562,243.60000610351562,243.60000610351562,232.8000030517578,240.0,5700.0
2019-07-05,243.0,243.0,246.39999389648438,240.0,240.8000030517578,4405.0
2019-07-08,239.60000610351562,239.60000610351562,244.8000030517578,234.39999389648438,241.0,12850.0
2019-07-09,240.0,240.0,244.0,236.39999389648438,237.0,3435.0
2019-07-10,241.39999389648438,241.39999389648438,248.39999389648438,238.8000030517578,241.39999389648438,4285.0
2019-07-11,244.1999969482422,244.1999969482422,249.8000030517578,239.6999969482422,241.8000030517578,8405.0
2019-07-12,249.39999389648438,249.39999389648438,254.60000610351562,241.60000610351562,245.0,7905.0
2019-07-15,248.39999389648438,248.39999389648438,257.20001220703125,244.60000610351562,250.0,4405.0
2019-07-16,244.8000030517578,244.8000030517578,248.8000030517578,236.24000549316406,246.39999389648438,4455.0
2019-07-17,238.0,238.0,249.60000610351562,233.0,244.8000030517578,4650.0
2019-07-18,238.0,238.0,241.0,234.39999389648438,238.60000610351562,8755.0
2019-07-19,239.60000610351562,239.60000610351562,248.3000030517578,235.0,237.1999969482422,6335.0
2019-07-22,241.1999969482422,241.1999969482422,245.0,237.60000610351562,237.60000610351562,2925.0
2019-07-23,241.39999389648438,241.39999389648438,246.60000610351562,233.02000427246094,240.39999389648438,2730.0
2019-07-24,228.39999389648438,228.39999389648438,244.1999969482422,225.39999389648438,240.60000610351562,10425.0
2019-07-25,211.8000030517578,211.8000030517578,235.0,210.5,230.0,5630.0
2019-07-26,195.39999389648438,195.39999389648438,217.1999969482422,194.39999389648438,213.60000610351562,5470.0
2019-07-29,193.39999389648438,193.39999389648438,202.0,190.10000610351562,195.8000030517578,3220.0
2019-07-30,193.0,193.0,205.0,187.1999969482422,191.0,3905.0
2019-07-31,185.8000030517578,185.8000030517578,204.60000610351562,182.39999389648438,191.39999389648438,8385.0
2019-08-01,184.0,184.0,197.1999969482422,182.0,184.60000610351562,4265.0
2019-08-02,176.1999969482422,176.1999969482422,182.0,167.8000030517578,182.0,3435.0
2019-08-05,164.1999969482422,164.1999969482422,189.39999389648438,162.8000030517578,174.1999969482422,2025.0
2019-08-06,171.8000030517578,171.8000030517578,178.0,165.39999389648438,165.60000610351562,2635.0
2019-08-07,169.39999389648438,169.39999389648438,186.8000030517578,168.1999969482422,171.60000610351562,1705.0
2019-08-08,168.1999969482422,168.1999969482422,177.39999389648438,165.39999389648438,171.39999389648438,4720.0
2019-08-09,176.0,176.0,182.5,167.60000610351562,167.60000610351562,2730.0
2019-08-12,166.39999389648438,166.39999389648438,178.1999969482422,165.1999969482422,167.39999389648438,2485.0
2019-08-13,171.1999969482422,171.1999969482422,179.17999267578125,166.60000610351562,166.60000610351562,2125.0
2019-08-14,167.0,167.0,170.60000610351562,163.0,167.1999969482422,2365.0
2019-08-15,162.39999389648438,162.39999389648438,170.10000610351562,156.60000610351562,166.39999389648438,1785.0
2019-08-16,177.0,177.0,181.39999389648438,162.8000030517578,162.8000030517578,5860.0
2019-08-19,178.60000610351562,178.60000610351562,181.8000030517578,166.39999389648438,181.8000030517578,4600.0
2019-08-20,177.0,177.0,183.60000610351562,168.60000610351562,178.60000610351562,35635.0
2019-08-21,197.1999969482422,197.1999969482422,219.1999969482422,165.60000610351562,178.39999389648438,5530.0
2019-08-22,183.1999969482422,183.1999969482422,204.60000610351562,180.39999389648438,196.39999389648438,3240.0
2019-08-23,176.60000610351562,176.60000610351562,192.8000030517578,168.3000030517578,182.0,2035.0
2019-08-26,177.60000610351562,177.60000610351562,182.0,176.1999969482422,177.8000030517578,3575.0
2019-08-27,175.8000030517578,175.8000030517578,205.8000030517578,174.1999969482422,179.1999969482422,3075.0
2019-08-28,182.8000030517578,182.8000030517578,185.39999389648438,166.1999969482422,174.1999969482422,5590.0
2019-08-29,198.60000610351562,198.60000610351562,201.1999969482422,184.60000610351562,184.60000610351562,3295.0
2019-08-30,190.1999969482422,190.1999969482422,199.39999389648438,188.0,198.39999389648438,1440.0
2019-09-03,190.0,190.0,195.1999969482422,183.0,189.1999969482422,4500.0
2019-09-04,194.1999969482422,194.1999969482422,201.39999389648438,185.60000610351562,194.39999389648438,3430.0
2019-09-05,198.8000030517578,198.8000030517578,219.39999389648438,189.10000610351562,198.0,5515.0
2019-09-06,202.0,202.0,213.0,197.1999969482422,202.1999969482422,5250.0
2019-09-09,209.0,209.0,220.0,195.3000030517578,203.1999969482422,1900.0
2019-09-10,213.60000610351562,213.60000610351562,222.8000030517578,209.0,211.0,5825.0
2019-09-11,213.0,213.0,223.60000610351562,209.0,214.1999969482422,6755.0
2019-09-12,222.0,222.0,244.60000610351562,213.8000030517578,214.1999969482422,9055.0
2019-09-13,222.8000030517578,222.8000030517578,237.3000030517578,222.8000030517578,225.1999969482422,4365.0
2019-09-16,246.0,246.0,248.0,219.1999969482422,219.1999969482422,3830.0
2019-09-17,278.0,278.0,286.3999938964844,247.0,247.0,8445.0
2019-09-18,272.6000061035156,272.6000061035156,290.0,270.3999938964844,282.0,5245.0
2019-09-19,278.0,278.0,286.6000061035156,248.1999969482422,272.0,6405.0
2019-09-20,290.79998779296875,290.79998779296875,296.6000061035156,272.79998779296875,278.0,13645.0
2019-09-23,280.6000061035156,280.6000061035156,290.70001220703125,274.79998779296875,288.79998779296875,3915.0
2019-09-24,281.6000061035156,281.6000061035156,288.3999938964844,273.79998779296875,278.6000061035156,3830.0
2019-09-25,279.79998779296875,279.79998779296875,289.5199890136719,276.79998779296875,280.6000061035156,5670.0
2019-09-26,278.6000061035156,278.6000061035156,287.20001220703125,274.79998779296875,279.6000061035156,6105.0
2019-09-27,265.0,265.0,284.3999938964844,263.0,280.3999938964844,4540.0
2019-09-30,242.39999389648438,242.39999389648438,275.0,242.0,264.3999938964844,4350.0
2019-10-01,202.39999389648438,202.39999389648438,247.1999969482422,199.39999389648438,246.1999969482422,4530.0
2019-10-02,187.0,187.0,200.39999389648438,181.8000030517578,199.8000030517578,2855.0
2019-10-03,188.8000030517578,188.8000030517578,196.3800048828125,176.8000030517578,187.0,6735.0
2019-10-04,174.39999389648438,174.39999389648438,191.1999969482422,168.39999389648438,187.1999969482422,4305.0
2019-10-07,173.0,173.0,191.39999389648438,173.0,173.8000030517578,2155.0
2019-10-08,167.60000610351562,167.60000610351562,190.39999389648438,161.1999969482422,173.0,2780.0
2019-10-09,175.8000030517578,175.8000030517578,185.8000030517578,166.89999389648438,169.39999389648438,3835.0
2019-10-10,169.39999389648438,169.39999389648438,177.8000030517578,162.0,177.0,1740.0
2019-10-11,173.39999389648438,173.39999389648438,186.60000610351562,164.1999969482422,173.0,2995.0
2019-10-14,180.1999969482422,180.1999969482422,190.0,172.8000030517578,172.8000030517578,2005.0
2019-10-15,194.0,194.0,195.8000030517578,162.0,181.1999969482422,2215.0
2019-10-16,193.0,193.0,201.60000610351562,189.6999969482422,193.1999969482422,3165.0
2019-10-17,206.0,206.0,216.60000610351562,194.8000030517578,194.8000030517578,2165.0
2019-10-18,190.8000030517578,190.8000030517578,204.8000030517578,184.60000610351562,204.8000030517578,2130.0
2019-10-21,217.39999389648438,217.39999389648438,221.8000030517578,193.8000030517578,193.8000030517578,1730.0
2019-10-22,223.39999389648438,223.39999389648438,229.8000030517578,214.39999389648438,217.60000610351562,3380.0
2019-10-23,219.1999969482422,219.1999969482422,230.1999969482422,216.6999969482422,222.8000030517578,3750.0
2019-10-24,213.0,213.0,227.0,210.39999389648438,220.39999389648438,5045.0
2019-10-25,219.1999969482422,219.1999969482422,228.8000030517578,197.39999389648438,213.60000610351562,7570.0
2019-10-28,219.8000030517578,219.8000030517578,226.1999969482422,208.0,220.0,3720.0
2019-10-29,268.6000061035156,268.6000061035156,295.3999938964844,217.0,217.0,6570.0
2019-10-30,55.0,55.0,72.19999694824219,53.20000076293945,72.19999694824219,335640.0
2019-10-31,47.79999923706055,47.79999923706055,57.400001525878906,46.599998474121094,57.0,135020.0
2019-11-01,49.0,49.0,51.900001525878906,46.79999923706055,48.599998474121094,77735.0
2019-11-04,49.0,49.0,52.0,46.79999923706055,49.79999923706055,59285.0
2019-11-05,46.0,46.0,49.79999923706055,45.400001525878906,48.400001525878906,45090.0
2019-11-06,42.20000076293945,42.20000076293945,45.97999954223633,40.599998474121094,45.599998474121094,45450.0
2019-11-07,42.400001525878906,42.400001525878906,45.0,41.20000076293945,41.79999923706055,19815.0
2019-11-08,38.0,38.0,42.599998474121094,37.400001525878906,41.0,82540.0
2019-11-11,41.20000076293945,41.20000076293945,41.599998474121094,35.0,38.0,39665.0
2019-11-12,39.599998474121094,39.599998474121094,43.400001525878906,38.20000076293945,40.400001525878906,57470.0
2019-11-13,38.79999923706055,38.79999923706055,42.79999923706055,36.20000076293945,39.0,45495.0
2019-11-14,36.400001525878906,36.400001525878906,39.400001525878906,35.79999923706055,38.79999923706055,33060.0
2019-11-15,36.0,36.0,37.599998474121094,35.599998474121094,36.79999923706055,29160.0
2019-11-18,36.400001525878906,36.400001525878906,37.0,33.79999923706055,36.18000030517578,46085.0
2019-11-19,40.0,40.0,42.599998474121094,35.79999923706055,36.79999923706055,82270.0
2019-11-20,39.599998474121094,39.599998474121094,44.79999923706055,38.599998474121094,41.20000076293945,48575.0
2019-11-21,42.599998474121094,42.599998474121094,43.20000076293945,38.79999923706055,40.599998474121094,33905.0
2019-11-22,40.20000076293945,40.20000076293945,44.0,40.0,43.0,27610.0
2019-11-25,39.400001525878906,39.400001525878906,40.79999923706055,39.0,40.400001525878906,27780.0
2019-11-26,36.400001525878906,36.400001525878906,40.20000076293945,36.20000076293945,39.599998474121094,27785.0
2019-11-27,36.0,36.0,38.58000183105469,35.599998474121094,37.400001525878906,32140.0
2019-11-29,37.0,37.0,38.400001525878906,35.79999923706055,36.20000076293945,33615.0
2019-12-02,37.599998474121094,37.599998474121094,38.79999923706055,36.599998474121094,37.599998474121094,19750.0
2019-12-03,36.400001525878906,36.400001525878906,38.0,35.599998474121094,37.79999923706055,32825.0
2019-12-04,38.400001525878906,38.400001525878906,40.20000076293945,35.599998474121094,37.400001525878906,91410.0
2019-12-05,38.599998474121094,38.599998474121094,40.79999923706055,37.400001525878906,39.599998474121094,38585.0
2019-12-06,37.79999923706055,37.79999923706055,40.400001525878906,37.79999923706055,39.0,21560.0
2019-12-09,36.79999923706055,36.79999923706055,39.400001525878906,36.599998474121094,38.599998474121094,27095.0
2019-12-10,38.0,38.0,38.0,36.400001525878906,36.79999923706055,15840.0
2019-12-11,37.599998474121094,37.599998474121094,38.20000076293945,36.79999923706055,37.79999923706055,18610.0
2019-12-12,38.0,38.0,38.79999923706055,36.7400016784668,37.79999923706055,27715.0
2019-12-13,39.20000076293945,39.20000076293945,39.20000076293945,37.599998474121094,37.79999923706055,15360.0
2019-12-16,45.79999923706055,45.79999923706055,48.599998474121094,38.79999923706055,38.79999923706055,136515.0
2019-12-17,43.0,43.0,47.0,41.20000076293945,46.0,151365.0
2019-12-18,44.79999923706055,44.79999923706055,44.79999923706055,42.79999923706055,43.20000076293945,26200.0
2019-12-19,44.0,44.0,45.599998474121094,42.0,44.599998474121094,27435.0
2019-12-20,46.0,46.0,48.0,44.0,44.0,87170.0
2019-12-23,46.599998474121094,46.599998474121094,48.0,44.0,45.400001525878906,36200.0
2019-12-24,49.79999923706055,49.79999923706055,50.599998474121094,46.20000076293945,46.79999923706055,25730.0
2019-12-26,53.400001525878906,53.400001525878906,55.20000076293945,47.0,49.79999923706055,77105.0
2019-12-27,50.79999923706055,50.79999923706055,56.79999923706055,49.599998474121094,54.599998474121094,42455.0
2019-12-30,54.0,54.0,54.20000076293945,47.400001525878906,50.599998474121094,36680.0
2019-12-31,54.400001525878906,54.400001525878906,56.0,51.0,54.0,30165.0
2020-01-02,51.400001525878906,51.400001525878906,57.0,49.400001525878906,55.400001525878906,38805.0
2020-01-03,49.20000076293945,49.20000076293945,51.79999923706055,47.79999923706055,50.79999923706055,22800.0
2020-01-06,54.400001525878906,54.400001525878906,55.599998474121094,48.0,49.0,42410.0
2020-01-07,55.599998474121094,55.599998474121094,55.79999923706055,52.400001525878906,54.79999923706055,24040.0
2020-01-08,60.5,60.5,62.20000076293945,54.0,55.599998474121094,76100.0
2020-01-09,63.400001525878906,63.400001525878906,63.400001525878906,55.0,60.79999923706055,56050.0
2020-01-10,68.19999694824219,68.19999694824219,70.80000305175781,59.20000076293945,64.0,67700.0
2020-01-13,75.19999694824219,75.19999694824219,81.0,60.599998474121094,70.19999694824219,116540.0
2020-01-14,74.0,74.0,79.80000305175781,70.0,74.80000305175781,67800.0
2020-01-15,67.5999984741211,67.5999984741211,76.80000305175781,61.400001525878906,74.19999694824219,96175.0
2020-01-16,67.5,67.5,72.0,67.4000015258789,67.4000015258789,29550.0
2020-01-17,64.80000305175781,64.80000305175781,69.0,63.400001525878906,69.0,24170.0
2020-01-21,70.0,70.0,72.0,64.19999694824219,65.0,27375.0
2020-01-22,75.19999694824219,75.19999694824219,75.19999694824219,67.5999984741211,69.5999984741211,39250.0
2020-01-23,73.5999984741211,73.5999984741211,76.19999694824219,72.19999694824219,74.0,17350.0
2020-01-24,72.69999694824219,72.69999694824219,73.4000015258789,70.4000015258789,72.80000305175781,26240.0
2020-01-27,70.4000015258789,70.4000015258789,72.5999984741211,66.5999984741211,67.4000015258789,19075.0
2020-01-28,70.0,70.0,72.0,67.80000305175781,70.80000305175781,13500.0
2020-01-29,70.5999984741211,70.5999984741211,71.80000305175781,69.4000015258789,70.5999984741211,6780.0
2020-01-30,68.0,68.0,70.4000015258789,66.5999984741211,69.5999984741211,12965.0
2020-01-31,65.5999984741211,65.5999984741211,67.5,63.0,67.0,18115.0
2020-02-03,66.19999694824219,66.19999694824219,68.0,63.20000076293945,66.19999694824219,8315.0
2020-02-04,68.19999694824219,68.19999694824219,69.0999984741211,65.4000015258789,66.5999984741211,11165.0
2020-02-05,85.19999694824219,85.19999694824219,89.4000015258789,68.5999984741211,68.5999984741211,77080.0
2020-02-06,83.80000305175781,83.80000305175781,93.4000015258789,80.5999984741211,83.4000015258789,42960.0
2020-02-07,81.19999694824219,81.19999694824219,88.80000305175781,79.0,83.19999694824219,18240.0
2020-02-10,80.19999694824219,80.19999694824219,82.4000015258789,77.80000305175781,80.0,10595.0
2020-02-11,82.80000305175781,82.80000305175781,85.19999694824219,80.0,80.4000015258789,12395.0
2020-02-12,80.5999984741211,80.5999984741211,85.0,80.5999984741211,83.4000015258789,7710.0
2020-02-13,81.0,81.0,83.4000015258789,78.0,80.0,6265.0
2020-02-14,80.4000015258789,80.4000015258789,81.0,77.5999984741211,80.5999984741211,12675.0
2020-02-18,80.80000305175781,80.80000305175781,81.80000305175781,78.4000015258789,79.5999984741211,7395.0
2020-02-19,116.80000305175781,116.80000305175781,123.0,78.80000305175781,81.0,138845.0
2020-02-20,107.0,107.0,124.80000305175781,104.0,115.5999984741211,69900.0
2020-02-21,92.19999694824219,92.19999694824219,106.4000015258789,91.0,102.4000015258789,26635.0
2020-02-24,85.80000305175781,85.80000305175781,90.5199966430664,84.0,86.5999984741211,18240.0
2020-02-25,85.19999694824219,85.19999694824219,88.5999984741211,82.80000305175781,86.5999984741211,32830.0
2020-02-26,87.9000015258789,87.9000015258789,97.19999694824219,84.19999694824219,84.80000305175781,49440.0
2020-02-27,84.19999694824219,84.19999694824219,89.0,80.5999984741211,83.80000305175781,45935.0
2020-02-28,85.5999984741211,85.5999984741211,86.5999984741211,78.19999694824219,80.0,33885.0
2020-03-02,92.80000305175781,92.80000305175781,93.80000305175781,84.4000015258789,86.19999694824219,20945.0
2020-03-03,96.0,96.0,97.0,88.4000015258789,94.4000015258789,16690.0
2020-03-04,90.5999984741211,90.5999984741211,100.36000061035156,88.0,97.4000015258789,26895.0
2020-03-05,83.4000015258789,83.4000015258789,89.5999984741211,82.80000305175781,88.5999984741211,19355.0
2020-03-06,73.4000015258789,73.4000015258789,84.5999984741211,72.19999694824219,81.19999694824219,20285.0
2020-03-09,62.20000076293945,62.20000076293945,71.5999984741211,60.0,67.0,8705.0
2020-03-10,65.19999694824219,65.19999694824219,67.80000305175781,59.79999923706055,65.80000305175781,10395.0
2020-03-11,58.0,58.0,64.19999694824219,57.0,62.599998474121094,15005.0
2020-03-12,50.20000076293945,50.20000076293945,55.34000015258789,41.540000915527344,52.599998474121094,28300.0
2020-03-13,53.400001525878906,53.400001525878906,54.20000076293945,47.47999954223633,53.400001525878906,17685.0
2020-03-16,50.20000076293945,50.20000076293945,53.400001525878906,47.400001525878906,47.400001525878906,14875.0
2020-03-17,58.79999923706055,58.79999923706055,60.0,50.20000076293945,50.599998474121094,17475.0
2020-03-18,49.599998474121094,49.599998474121094,59.31999969482422,47.0,54.0,12695.0
2020-03-19,50.79999923706055,50.79999923706055,53.79999923706055,47.20000076293945,50.0,10875.0
2020-03-20,52.79999923706055,52.79999923706055,57.5,48.20000076293945,53.0,20450.0
2020-03-23,62.79999923706055,62.79999923706055,67.19999694824219,50.599998474121094,52.79999923706055,61770.0
2020-03-24,65.5999984741211,65.5999984741211,66.19999694824219,61.400001525878906,63.0,19355.0
2020-03-25,70.4000015258789,70.4000015258789,78.5999984741211,61.29999923706055,66.4000015258789,26840.0
2020-03-26,65.0,65.0,76.80000305175781,63.20000076293945,70.0,10830.0
2020-03-27,60.20000076293945,60.20000076293945,67.80000305175781,60.0,64.0,6375.0
2020-03-30,55.0,55.0,60.599998474121094,53.20000076293945,60.0,10215.0
2020-03-31,53.0,53.0,57.79999923706055,51.79999923706055,54.79999923706055,7120.0
2020-04-01,48.20000076293945,48.20000076293945,55.400001525878906,46.79999923706055,51.599998474121094,8510.0
2020-04-02,47.400001525878906,47.400001525878906,50.599998474121094,47.0,48.599998474121094,13060.0
2020-04-03,50.400001525878906,50.400001525878906,52.20000076293945,46.20000076293945,47.20000076293945,9775.0
2020-04-06,51.400001525878906,51.400001525878906,55.400001525878906,50.599998474121094,52.20000076293945,10370.0
2020-04-07,51.599998474121094,51.599998474121094,56.79999923706055,50.20000076293945,51.79999923706055,9215.0
2020-04-08,56.400001525878906,56.400001525878906,59.20000076293945,51.20000076293945,52.400001525878906,9670.0
2020-04-09,55.0,55.0,58.599998474121094,53.400001525878906,58.0,16265.0
2020-04-13,55.79999923706055,55.79999923706055,56.20000076293945,51.81999969482422,53.400001525878906,10145.0
2020-04-14,65.4000015258789,65.4000015258789,66.19999694824219,56.20000076293945,56.20000076293945,9155.0
2020-04-15,66.0,66.0,68.0,60.560001373291016,62.79999923706055,11170.0
2020-04-16,61.599998474121094,61.599998474121094,69.19999694824219,60.0,65.5999984741211,11405.0
2020-04-17,69.0,69.0,70.5999984741211,62.02000045776367,63.0,15155.0
2020-04-20,68.0,68.0,76.18000030517578,66.33999633789062,66.80000305175781,6760.0
2020-04-21,66.19999694824219,66.19999694824219,70.80000305175781,62.79999923706055,68.0,15435.0
2020-04-22,69.80000305175781,69.80000305175781,70.4000015258789,63.400001525878906,66.19999694824219,8140.0
2020-04-23,71.5999984741211,71.5999984741211,75.0,69.80000305175781,70.0,4190.0
2020-04-24,72.19999694824219,72.19999694824219,74.80000305175781,69.80000305175781,71.19999694824219,3195.0
2020-04-27,74.19999694824219,74.19999694824219,77.4000015258789,72.0,73.0,8070.0
2020-04-28,70.5999984741211,70.5999984741211,77.0,67.0,76.5999984741211,9290.0
2020-04-29,83.0,83.0,88.0,71.19999694824219,73.4000015258789,17630.0
2020-04-30,77.4000015258789,77.4000015258789,83.5999984741211,76.4000015258789,81.80000305175781,10955.0
2020-05-01,72.4000015258789,72.4000015258789,76.19999694824219,72.0,75.19999694824219,8395.0
2020-05-04,79.19999694824219,79.19999694824219,80.0,72.4000015258789,72.4000015258789,5070.0
2020-05-05,78.19999694824219,78.19999694824219,84.4000015258789,77.0,81.0,7895.0
2020-05-06,80.0,80.0,83.19999694824219,75.4000015258789,79.4000015258789,10105.0
2020-05-07,78.80000305175781,78.80000305175781,82.80000305175781,78.19999694824219,82.19999694824219,5895.0
2020-05-08,83.4000015258789,83.4000015258789,89.0,78.19999694824219,78.80000305175781,10390.0
2020-05-11,88.80000305175781,88.80000305175781,90.80000305175781,83.4000015258789,83.4000015258789,10385.0
2020-05-12,79.80000305175781,79.80000305175781,90.0999984741211,79.19999694824219,89.19999694824219,9725.0
2020-05-13,72.0,72.0,83.66000366210938,70.4000015258789,80.0,12905.0
2020-05-14,72.5999984741211,72.5999984741211,74.72000122070312,71.0,71.19999694824219,6650.0
2020-05-15,77.0,77.0,79.0,73.0,73.0,5985.0
2020-05-18,82.5999984741211,82.5999984741211,86.0,79.0,80.0,5930.0
2020-05-19,76.4000015258789,76.4000015258789,85.19999694824219,76.19999694824219,84.0,5470.0
2020-05-20,85.0,85.0,86.19999694824219,76.5999984741211,76.5999984741211,8885.0
2020-05-21,80.5999984741211,80.5999984741211,84.69999694824219,78.4000015258789,84.4000015258789,5740.0
2020-05-22,85.80000305175781,85.80000305175781,87.5999984741211,79.0,80.5999984741211,5785.0
2020-05-26,85.80000305175781,85.80000305175781,94.0,83.19999694824219,87.0,10195.0
2020-05-27,87.4000015258789,87.4000015258789,89.5999984741211,81.4000015258789,87.19999694824219,6715.0
2020-05-28,80.80000305175781,80.80000305175781,90.0,80.5999984741211,88.0,5005.0
2020-05-29,79.5999984741211,79.5999984741211,83.36000061035156,76.4000015258789,80.5999984741211,17140.0
2020-06-01,77.19999694824219,77.19999694824219,81.19999694824219,76.4000015258789,79.4000015258789,9575.0
2020-06-02,82.4000015258789,82.4000015258789,84.80000305175781,75.0,78.5999984741211,11880.0
2020-06-03,94.5999984741211,94.5999984741211,100.0,82.4000015258789,82.4000015258789,17145.0
2020-06-04,115.80000305175781,115.80000305175781,115.80000305175781,97.4000015258789,100.4000015258789,22740.0
2020-06-05,107.80000305175781,107.80000305175781,119.0,104.4000015258789,116.4000015258789,19280.0
2020-06-08,104.5999984741211,104.5999984741211,115.63999938964844,100.19999694824219,113.80000305175781,13030.0
2020-06-09,110.0,110.0,112.19999694824219,100.4000015258789,102.4000015258789,9535.0
2020-06-10,109.0,109.0,112.19999694824219,106.19999694824219,110.80000305175781,5615.0
2020-06-11,89.30000305175781,89.30000305175781,103.19999694824219,87.5999984741211,103.19999694824219,14635.0
2020-06-12,92.19999694824219,92.19999694824219,95.80000305175781,86.5999984741211,91.0,7560.0
2020-06-15,87.5999984741211,87.5999984741211,90.5999984741211,82.63999938964844,90.0,9820.0
2020-06-16,89.19999694824219,89.19999694824219,94.19999694824219,88.0,89.80000305175781,5855.0
2020-06-17,90.4000015258789,90.4000015258789,94.69999694824219,86.63999938964844,90.19999694824219,4865.0
2020-06-18,89.80000305175781,89.80000305175781,93.80000305175781,88.5999984741211,89.5999984741211,5155.0
2020-06-19,106.0,106.0,109.19999694824219,90.19999694824219,91.0,16960.0
2020-06-22,104.4000015258789,104.4000015258789,106.19999694824219,100.5999984741211,106.19999694824219,5465.0
2020-06-23,142.8000030517578,142.8000030517578,153.1999969482422,104.5999984741211,104.5999984741211,80715.0
2020-06-24,134.39999389648438,134.39999389648438,139.60000610351562,121.19999694824219,138.0800018310547,24240.0
2020-06-25,132.0,132.0,138.8000030517578,126.19999694824219,132.60000610351562,10610.0
2020-06-26,134.1999969482422,134.1999969482422,137.39999389648438,115.80000305175781,131.8000030517578,37560.0
2020-06-29,118.19999694824219,118.19999694824219,138.1999969482422,117.4800033569336,134.8000030517578,14090.0
2020-06-30,118.19999694824219,118.19999694824219,119.5999984741211,114.19999694824219,117.19999694824219,6245.0
2020-07-01,116.0,116.0,126.19999694824219,114.5999984741211,117.5999984741211,7805.0
2020-07-02,117.4000015258789,117.4000015258789,120.0,114.5999984741211,118.4000015258789,5910.0
2020-07-06,116.0,116.0,123.68000030517578,115.0,120.5999984741211,7935.0
2020-07-07,108.5999984741211,108.5999984741211,115.19999694824219,106.0,115.0,9820.0
2020-07-08,114.0,114.0,116.0,108.4000015258789,109.4000015258789,5970.0
2020-07-09,114.4000015258789,114.4000015258789,120.4000015258789,111.30000305175781,114.5999984741211,6650.0
2020-07-10,107.5999984741211,107.5999984741211,113.91999816894531,106.0,113.5999984741211,11470.0
2020-07-13,92.80000305175781,92.80000305175781,109.19999694824219,92.4000015258789,107.5999984741211,20950.0
2020-07-14,94.4000015258789,94.4000015258789,99.4000015258789,91.19999694824219,95.0,6830.0
2020-07-15,99.4000015258789,99.4000015258789,102.4000015258789,96.16000366210938,97.19999694824219,9395.0
2020-07-16,96.4000015258789,96.4000015258789,99.5999984741211,95.0,99.5999984741211,8925.0
2020-07-17,96.5999984741211,96.5999984741211,107.37999725341797,95.5999984741211,97.80000305175781,20065.0
2020-07-20,89.19999694824219,89.19999694824219,97.80000305175781,88.19999694824219,96.80000305175781,15265.0
2020-07-21,79.0,79.0,92.0,78.19999694824219,92.0,28540.0
2020-07-22,76.5999984741211,76.5999984741211,82.0999984741211,75.80000305175781,79.0,15750.0
2020-07-23,72.80000305175781,72.80000305175781,78.19999694824219,71.4000015258789,76.0,20935.0
2020-07-24,69.19999694824219,69.19999694824219,72.4000015258789,66.4000015258789,71.4000015258789,15455.0
2020-07-27,73.0,73.0,82.0,68.80000305175781,70.0,26130.0
2020-07-28,72.0,72.0,74.5999984741211,70.0,73.0,12410.0
2020-07-29,72.0,72.0,75.0,70.0,72.5999984741211,12835.0
2020-07-30,81.0,81.0,84.80000305175781,74.4000015258789,77.0,20735.0
2020-07-31,76.4000015258789,76.4000015258789,82.0,74.19999694824219,81.5999984741211,15110.0
2020-08-03,81.5999984741211,81.5999984741211,82.0,73.4000015258789,77.80000305175781,15820.0
2020-08-04,82.0999984741211,82.0999984741211,86.0,78.19999694824219,84.0,14355.0
2020-08-05,88.80000305175781,88.80000305175781,88.80000305175781,82.0,83.19999694824219,8635.0
2020-08-06,83.19999694824219,83.19999694824219,89.80000305175781,81.4000015258789,89.0,8475.0
2020-08-07,87.19999694824219,87.19999694824219,87.80000305175781,83.19999694824219,84.4000015258789,7735.0
2020-08-10,97.80000305175781,97.80000305175781,101.80000305175781,84.0,85.5999984741211,22810.0
2020-08-11,106.5999984741211,106.5999984741211,109.4000015258789,94.5999984741211,100.5999984741211,22820.0
2020-08-12,105.4000015258789,105.4000015258789,110.5999984741211,102.72000122070312,106.19999694824219,16395.0
2020-08-13,100.5999984741211,100.5999984741211,106.69999694824219,98.19999694824219,102.0,14575.0
2020-08-14,103.80000305175781,103.80000305175781,104.19999694824219,99.73999786376953,100.0,9255.0
2020-08-17,111.19999694824219,111.19999694824219,117.80000305175781,101.0,103.19999694824219,44600.0
2020-08-18,107.80000305175781,107.80000305175781,111.80000305175781,106.80000305175781,111.0,6230.0
2020-08-19,109.19999694824219,109.19999694824219,112.5999984741211,107.19999694824219,109.4000015258789,5875.0
2020-08-20,112.0,112.0,115.80000305175781,108.4000015258789,108.5999984741211,14725.0
2020-08-21,119.9000015258789,119.9000015258789,122.69999694824219,110.9000015258789,112.0,16535.0
2020-08-24,120.80000305175781,120.80000305175781,121.9000015258789,116.5999984741211,119.5999984741211,9140.0
2020-08-25,134.1999969482422,134.1999969482422,136.60000610351562,121.0,122.4000015258789,15340.0
2020-08-26,129.1999969482422,129.1999969482422,134.0,125.0,134.0,8990.0
2020-08-27,134.1999969482422,134.1999969482422,135.8000030517578,125.69999694824219,128.39999389648438,8775.0
2020-08-28,133.8000030517578,133.8000030517578,138.1999969482422,130.8000030517578,133.1999969482422,9005.0
2020-08-31,136.39999389648438,136.39999389648438,137.8000030517578,130.60000610351562,133.1999969482422,11360.0
2020-09-01,133.8000030517578,133.8000030517578,138.0,131.0,136.0,9555.0
2020-09-02,154.0,154.0,156.0,123.5999984741211,130.0,24330.0
2020-09-03,127.5999984741211,127.5999984741211,151.1999969482422,125.4000015258789,148.0,17795.0
2020-09-04,125.0,125.0,136.1999969482422,121.4000015258789,127.4000015258789,10510.0
2020-09-08,139.8000030517578,139.8000030517578,145.1999969482422,120.0,124.80000305175781,14040.0
2020-09-09,129.8000030517578,129.8000030517578,147.60000610351562,129.1999969482422,141.8000030517578,11650.0
2020-09-10,132.60000610351562,132.60000610351562,143.0,129.60000610351562,129.60000610351562,8655.0
2020-09-11,133.60000610351562,133.60000610351562,137.1999969482422,130.0,134.0,7620.0
2020-09-14,146.0,146.0,147.8000030517578,134.39999389648438,136.60000610351562,13345.0
2020-09-15,149.8000030517578,149.8000030517578,165.1999969482422,148.8000030517578,148.8000030517578,16895.0
2020-09-16,155.39999389648438,155.39999389648438,160.60000610351562,149.0,149.60000610351562,12120.0
2020-09-17,163.0,163.0,167.8000030517578,151.60000610351562,154.39999389648438,11325.0
2020-09-18,167.8000030517578,167.8000030517578,179.1999969482422,156.8000030517578,162.1999969482422,39250.0
2020-09-21,156.8000030517578,156.8000030517578,166.8000030517578,150.0,166.8000030517578,11470.0
2020-09-22,158.8000030517578,158.8000030517578,158.8000030517578,148.8000030517578,158.39999389648438,8475.0
2020-09-23,145.39999389648438,145.39999389648438,165.39999389648438,144.39999389648438,160.0,9090.0
2020-09-24,138.60000610351562,138.60000610351562,146.1999969482422,130.39999389648438,144.0,12220.0
2020-09-25,136.0,136.0,145.60000610351562,134.8000030517578,139.0,10935.0
2020-09-28,144.0,144.0,145.8000030517578,136.1999969482422,137.8000030517578,6520.0
2020-09-29,137.8000030517578,137.8000030517578,151.0,131.60000610351562,144.60000610351562,9185.0
2020-09-30,121.5999984741211,121.5999984741211,140.0,120.4000015258789,139.39999389648438,19080.0
2020-10-01,126.19999694824219,126.19999694824219,132.39999389648438,122.55999755859375,122.5999984741211,9890.0
2020-10-02,123.4000015258789,123.4000015258789,126.19999694824219,117.80000305175781,123.0,7815.0
2020-10-05,128.60000610351562,128.60000610351562,129.39999389648438,120.4000015258789,123.80000305175781,7450.0
2020-10-06,125.4000015258789,125.4000015258789,135.60000610351562,124.80000305175781,129.0,12500.0
2020-10-07,137.8000030517578,137.8000030517578,142.3000030517578,126.5999984741211,126.5999984741211,6355.0
2020-10-08,135.60000610351562,135.60000610351562,141.60000610351562,134.0,141.1999969482422,3730.0
2020-10-09,134.8000030517578,134.8000030517578,140.60000610351562,133.39999389648438,136.0,3370.0
2020-10-12,136.8000030517578,136.8000030517578,139.8000030517578,131.8000030517578,136.0,4760.0
2020-10-13,142.39999389648438,142.39999389648438,143.8000030517578,132.60000610351562,134.0,6075.0
2020-10-14,67.0,67.0,84.4000015258789,63.20000076293945,81.81999969482422,362720.0
2020-10-15,59.400001525878906,59.400001525878906,63.0,57.099998474121094,63.0,161685.0
2020-10-16,59.0,59.0,61.79999923706055,58.599998474121094,59.599998474121094,71810.0
2020-10-19,54.599998474121094,54.599998474121094,58.79999923706055,54.20000076293945,58.20000076293945,79880.0
2020-10-20,53.0,53.0,55.79999923706055,52.0,53.0,59555.0
2020-10-21,52.0,52.0,55.20000076293945,50.959999084472656,52.79999923706055,49175.0
2020-10-22,54.0,54.0,54.20000076293945,51.0,53.0,33735.0
2020-10-23,52.79999923706055,52.79999923706055,54.400001525878906,52.20000076293945,54.0,24680.0
2020-10-26,51.599998474121094,51.599998474121094,54.79999923706055,51.400001525878906,52.79999923706055,35880.0
2020-10-27,50.0,50.0,51.720001220703125,49.400001525878906,51.20000076293945,38640.0
2020-10-28,45.0,45.0,48.959999084472656,45.0,48.79999923706055,56220.0
2020-10-29,46.20000076293945,46.20000076293945,49.0,43.599998474121094,46.599998474121094,37285.0
2020-10-30,46.79999923706055,46.79999923706055,48.0,44.400001525878906,47.0,27895.0
2020-11-02,47.599998474121094,47.599998474121094,48.20000076293945,45.79999923706055,47.20000076293945,11520.0
2020-11-03,47.400001525878906,47.400001525878906,49.400001525878906,45.400001525878906,47.79999923706055,18240.0
2020-11-04,49.599998474121094,49.599998474121094,51.560001373291016,47.119998931884766,47.79999923706055,23920.0
2020-11-05,50.599998474121094,50.599998474121094,52.79999923706055,48.599998474121094,50.400001525878906,19610.0
2020-11-06,49.599998474121094,49.599998474121094,51.599998474121094,49.560001373291016,50.79999923706055,11395.0
2020-11-09,49.599998474121094,49.599998474121094,53.0,49.599998474121094,52.400001525878906,29565.0
2020-11-10,49.599998474121094,49.599998474121094,51.599998474121094,49.20000076293945,50.0,11915.0
2020-11-11,50.79999923706055,50.79999923706055,52.20000076293945,48.900001525878906,50.0,21155.0
2020-11-12,49.599998474121094,49.599998474121094,50.20000076293945,48.20000076293945,49.79999923706055,20240.0
2020-11-13,56.599998474121094,56.599998474121094,57.5,53.0,53.599998474121094,65695.0
2020-11-16,54.79999923706055,54.79999923706055,57.400001525878906,54.0,56.599998474121094,19900.0
2020-11-17,55.0,55.0,55.400001525878906,53.20000076293945,55.0,14125.0
2020-11-18,53.599998474121094,53.599998474121094,55.599998474121094,53.20000076293945,55.400001525878906,11160.0
2020-11-19,60.400001525878906,60.400001525878906,61.20000076293945,53.47999954223633,53.79999923706055,42235.0
2020-11-20,59.79999923706055,59.79999923706055,61.0,57.400001525878906,60.599998474121094,18610.0
2020-11-23,62.29999923706055,62.29999923706055,65.0,60.599998474121094,60.599998474121094,36555.0
2020-11-24,59.599998474121094,59.599998474121094,63.20000076293945,53.599998474121094,62.400001525878906,48620.0
2020-11-25,64.5999984741211,64.5999984741211,66.5999984741211,58.400001525878906,58.599998474121094,35865.0
2020-11-27,65.19999694824219,65.19999694824219,68.30000305175781,61.79999923706055,65.80000305175781,19960.0
2020-11-30,61.599998474121094,61.599998474121094,65.5999984741211,61.20000076293945,65.4000015258789,17745.0
2020-12-01,59.400001525878906,59.400001525878906,63.79999923706055,58.0,62.20000076293945,16730.0
2020-12-02,61.20000076293945,61.20000076293945,62.20000076293945,56.79999923706055,59.0,12905.0
2020-12-03,61.599998474121094,61.599998474121094,64.0,60.20000076293945,60.20000076293945,22275.0
2020-12-04,64.0,64.0,64.19999694824219,61.400001525878906,62.20000076293945,16975.0
2020-12-07,62.0,62.0,66.0,61.400001525878906,64.0,12195.0
2020-12-08,62.20000076293945,62.20000076293945,64.19999694824219,61.400001525878906,61.599998474121094,13175.0
2020-12-09,61.79999923706055,61.79999923706055,63.20000076293945,60.0,63.0,8030.0
2020-12-10,64.5999984741211,64.5999984741211,64.80000305175781,61.560001373291016,61.599998474121094,6515.0
2020-12-11,65.80000305175781,65.80000305175781,67.0999984741211,63.20000076293945,65.0,15355.0
2020-12-14,65.4000015258789,65.4000015258789,69.0,64.19999694824219,65.4000015258789,17180.0
2020-12-15,66.19999694824219,66.19999694824219,67.19999694824219,64.4000015258789,65.4000015258789,7025.0
2020-12-16,63.0,63.0,66.63999938964844,63.0,66.4000015258789,9365.0
2020-12-17,63.0,63.0,63.400001525878906,60.20000076293945,63.400001525878906,15440.0
2020-12-18,64.4000015258789,64.4000015258789,66.5999984741211,63.0,63.400001525878906,22625.0
2020-12-21,65.19999694824219,65.19999694824219,65.80000305175781,61.20000076293945,63.0,12755.0
2020-12-22,64.4000015258789,64.4000015258789,65.5999984741211,62.68000030517578,65.5999984741211,4230.0
2020-12-23,63.599998474121094,63.599998474121094,65.19999694824219,63.099998474121094,64.0,4650.0
2020-12-24,62.400001525878906,62.400001525878906,64.19999694824219,61.18000030517578,64.19999694824219,5060.0
2020-12-28,59.79999923706055,59.79999923706055,63.79999923706055,58.79999923706055,63.0,15095.0
2020-12-29,60.0,60.0,62.0,57.400001525878906,60.400001525878906,10070.0
2020-12-30,61.599998474121094,61.599998474121094,61.599998474121094,59.599998474121094,60.0,6335.0
2020-12-31,61.20000076293945,61.20000076293945,62.439998626708984,59.599998474121094,62.400001525878906,8880.0
2021-01-04,60.79999923706055,60.79999923706055,62.0,58.400001525878906,61.599998474121094,8780.0
2021-01-05,62.0,62.0,63.0,60.0,60.79999923706055,8290.0
2021-01-06,62.20000076293945,62.20000076293945,64.0,60.599998474121094,62.20000076293945,8910.0
2021-01-07,64.80000305175781,64.80000305175781,65.5999984741211,62.400001525878906,62.599998474121094,11750.0
2021-01-08,65.19999694824219,65.19999694824219,66.0,63.0,65.19999694824219,5405.0
2021-01-11,65.5999984741211,65.5999984741211,66.0,63.599998474121094,65.5999984741211,7450.0
2021-01-12,67.0,67.0,67.5999984741211,65.19999694824219,65.5999984741211,7000.0
2021-01-13,72.0,72.0,75.0,66.80000305175781,66.80000305175781,39800.0
2021-01-14,68.4000015258789,68.4000015258789,73.4000015258789,67.5999984741211,72.19999694824219,15800.0
2021-01-15,64.4000015258789,64.4000015258789,70.80000305175781,61.599998474121094,69.5999984741211,25470.0
2021-01-19,66.5999984741211,66.5999984741211,68.30000305175781,64.5,65.0,9445.0
2021-01-20,66.4000015258789,66.4000015258789,68.05999755859375,65.19999694824219,66.80000305175781,6675.0
2021-01-21,66.5999984741211,66.5999984741211,68.0,64.0,67.4000015258789,11310.0
2021-01-22,67.0,67.0,68.4000015258789,65.5999984741211,66.80000305175781,7960.0
2021-01-25,66.4000015258789,66.4000015258789,69.18000030517578,64.0,66.80000305175781,7685.0
2021-01-26,63.400001525878906,63.400001525878906,66.5999984741211,62.79999923706055,66.5999984741211,9740.0
2021-01-27,62.599998474121094,62.599998474121094,66.0,60.400001525878906,62.400001525878906,13320.0
2021-01-28,62.20000076293945,62.20000076293945,66.86000061035156,62.0,64.5999984741211,15870.0
2021-01-29,63.20000076293945,63.20000076293945,64.80000305175781,61.79999923706055,62.400001525878906,9160.0
2021-02-01,64.5999984741211,64.5999984741211,65.5999984741211,63.0,64.4000015258789,8595.0
2021-02-02,72.19999694824219,72.19999694824219,74.9800033569336,65.0999984741211,65.4000015258789,39865.0
2021-02-03,74.4000015258789,74.4000015258789,74.80000305175781,71.0,72.4000015258789,29210.0
2021-02-04,102.4000015258789,102.4000015258789,138.0,82.19999694824219,83.0,1133495.0
2021-02-05,89.0,89.0,101.0,83.0,92.4000015258789,83705.0
2021-02-08,91.80000305175781,91.80000305175781,97.0,87.19999694824219,90.4000015258789,35040.0
2021-02-09,95.19999694824219,95.19999694824219,96.0,89.37999725341797,95.0,27605.0
2021-02-10,92.0,92.0,105.80000305175781,88.0,96.19999694824219,31090.0
2021-02-11,89.80000305175781,89.80000305175781,97.0,87.4000015258789,93.5999984741211,20715.0
2021-02-12,86.0,86.0,91.0,84.80000305175781,89.19999694824219,16385.0
2021-02-16,91.5999984741211,91.5999984741211,92.66000366210938,86.0,87.0,20585.0
2021-02-17,92.19999694824219,92.19999694824219,97.0,90.0,91.80000305175781,21830.0
2021-02-18,86.19999694824219,86.19999694824219,92.80000305175781,85.19999694824219,91.5999984741211,12950.0
2021-02-19,87.4000015258789,87.4000015258789,89.5999984741211,83.5999984741211,84.4000015258789,12505.0
2021-02-22,80.80000305175781,80.80000305175781,87.4000015258789,80.19999694824219,86.0,12570.0
2021-02-23,78.80000305175781,78.80000305175781,82.5999984741211,71.80000305175781,82.5999984741211,18905.0
2021-02-24,84.4000015258789,84.4000015258789,86.0,77.26000213623047,77.5999984741211,9655.0
2021-02-25,76.4000015258789,76.4000015258789,86.4000015258789,75.4000015258789,84.80000305175781,36980.0
2021-02-26,76.80000305175781,76.80000305175781,80.0,70.80000305175781,76.4000015258789,22595.0
2021-03-01,78.0,78.0,80.0,76.80000305175781,78.80000305175781,9385.0
2021-03-02,80.5999984741211,80.5999984741211,81.4000015258789,76.5999984741211,78.0,9220.0
2021-03-03,82.19999694824219,82.19999694824219,84.4000015258789,77.4000015258789,81.80000305175781,15890.0
2021-03-04,75.19999694824219,75.19999694824219,84.0,73.0,82.19999694824219,16670.0
2021-03-05,71.80000305175781,71.80000305175781,78.80000305175781,64.0,75.19999694824219,22035.0
2021-03-08,76.80000305175781,76.80000305175781,77.5999984741211,71.0,72.4000015258789,10040.0
2021-03-09,80.0,80.0,81.80000305175781,76.80000305175781,76.80000305175781,8870.0
2021-03-10,83.4000015258789,83.4000015258789,84.5999984741211,80.4000015258789,82.4000015258789,9430.0
2021-03-11,86.80000305175781,86.80000305175781,87.5,83.12000274658203,84.19999694824219,8390.0
2021-03-12,85.4000015258789,85.4000015258789,88.0,82.80000305175781,86.80000305175781,5175.0
2021-03-15,81.80000305175781,81.80000305175781,86.0,81.19999694824219,85.5999984741211,5235.0
2021-03-16,84.4000015258789,84.4000015258789,91.80000305175781,81.80000305175781,83.5999984741211,16210.0
2021-03-17,88.4000015258789,88.4000015258789,90.0,82.0,83.80000305175781,10015.0
2021-03-18,84.19999694824219,84.19999694824219,89.4000015258789,84.0,87.0,4800.0
2021-03-19,80.0,80.0,86.0,80.0,82.80000305175781,25035.0
2021-03-22,79.0,79.0,81.0,75.5999984741211,80.19999694824219,9145.0
2021-03-23,70.5999984741211,70.5999984741211,78.19999694824219,69.80000305175781,78.19999694824219,10110.0
2021-03-24,65.80000305175781,65.80000305175781,76.4000015258789,65.5999984741211,71.72000122070312,8155.0
2021-03-25,69.5999984741211,69.5999984741211,71.5999984741211,63.400001525878906,69.69999694824219,9750.0
2021-03-26,61.599998474121094,61.599998474121094,70.58000183105469,60.599998474121094,69.4000015258789,15725.0
2021-03-29,57.79999923706055,57.79999923706055,65.0,57.400001525878906,63.0,23025.0
2021-03-30,53.79999923706055,53.79999923706055,58.20000076293945,51.0,58.0,46535.0
2021-03-31,55.79999923706055,55.79999923706055,56.400001525878906,52.0,54.20000076293945,33965.0
2021-04-01,65.80000305175781,65.80000305175781,65.80000305175781,56.0,57.31999969482422,29040.0
2021-04-05,59.20000076293945,59.20000076293945,65.80000305175781,58.20000076293945,65.80000305175781,17500.0
2021-04-06,57.599998474121094,57.599998474121094,60.599998474121094,57.400001525878906,58.0,10645.0
2021-04-07,57.599998474121094,57.599998474121094,59.599998474121094,56.0,57.0,8075.0
2021-04-08,57.0,57.0,58.0,54.400001525878906,58.0,8920.0
2021-04-09,57.0,57.0,57.599998474121094,54.599998474121094,57.0,12475.0
2021-04-12,55.400001525878906,55.400001525878906,59.20000076293945,54.0,58.0,14025.0
2021-04-13,54.0,54.0,55.599998474121094,52.400001525878906,55.599998474121094,11140.0
2021-04-14,55.0,55.0,57.400001525878906,53.0,56.20000076293945,23055.0
2021-04-15,50.0,50.0,55.599998474121094,50.0,55.20000076293945,16870.0
2021-04-16,51.599998474121094,51.599998474121094,52.099998474121094,47.599998474121094,50.400001525878906,24115.0
2021-04-19,48.599998474121094,48.599998474121094,51.599998474121094,46.20000076293945,51.400001525878906,19345.0
2021-04-20,52.20000076293945,52.20000076293945,52.599998474121094,48.0,48.20000076293945,22675.0
2021-04-21,55.20000076293945,55.20000076293945,57.0,51.79999923706055,52.400001525878906,25100.0
2021-04-22,55.599998474121094,55.599998474121094,60.599998474121094,54.0,54.599998474121094,32950.0
2021-04-23,58.20000076293945,58.20000076293945,60.02000045776367,53.400001525878906,56.20000076293945,21755.0
2021-04-26,62.400001525878906,62.400001525878906,63.20000076293945,56.29999923706055,60.20000076293945,35790.0
2021-04-27,51.20000076293945,51.20000076293945,55.0,49.400001525878906,50.959999084472656,87175.0
2021-04-28,48.79999923706055,48.79999923706055,51.20000076293945,48.599998474121094,51.20000076293945,26890.0
2021-04-29,45.79999923706055,45.79999923706055,49.79999923706055,45.0,48.79999923706055,23120.0
2021-04-30,43.599998474121094,43.599998474121094,47.20000076293945,43.0,47.20000076293945,42675.0
2021-05-03,44.400001525878906,44.400001525878906,45.0,41.599998474121094,43.599998474121094,22520.0
2021-05-04,46.400001525878906,46.400001525878906,49.0,41.79999923706055,44.79999923706055,39930.0
2021-05-05,51.0,51.0,52.20000076293945,46.0,47.0,38985.0
2021-05-06,49.79999923706055,49.79999923706055,52.0,46.20000076293945,51.79999923706055,27950.0
2021-05-07,55.20000076293945,55.20000076293945,66.0,53.599998474121094,54.599998474121094,321350.0
2021-05-10,54.79999923706055,54.79999923706055,61.599998474121094,52.79999923706055,58.0,83775.0
2021-05-11,56.400001525878906,56.400001525878906,57.79999923706055,51.0,53.20000076293945,46760.0
2021-05-12,59.0,59.0,60.599998474121094,55.5,56.400001525878906,34020.0
2021-05-13,56.20000076293945,56.20000076293945,59.79999923706055,54.20000076293945,59.20000076293945,17260.0
2021-05-14,58.79999923706055,58.79999923706055,61.0,56.79999923706055,56.79999923706055,19395.0
2021-05-17,60.20000076293945,60.20000076293945,62.20000076293945,57.400001525878906,58.79999923706055,13355.0
2021-05-18,59.20000076293945,59.20000076293945,62.400001525878906,58.79999923706055,60.400001525878906,19785.0
2021-05-19,58.79999923706055,58.79999923706055,60.20000076293945,56.599998474121094,57.79999923706055,7040.0
2021-05-20,60.20000076293945,60.20000076293945,62.79999923706055,58.0,59.0,23000.0
2021-05-21,62.599998474121094,62.599998474121094,67.94000244140625,59.79999923706055,62.0,110390.0
2021-05-24,59.0,59.0,64.4000015258789,58.79999923706055,63.79999923706055,28355.0
2021-05-25,59.20000076293945,59.20000076293945,60.20000076293945,58.0,59.20000076293945,15010.0
2021-05-26,61.0,61.0,63.0,57.400001525878906,59.79999923706055,20850.0
2021-05-27,64.19999694824219,64.19999694824219,66.0,61.400001525878906,62.20000076293945,17335.0
2021-05-28,64.80000305175781,64.80000305175781,68.19999694824219,63.20000076293945,65.0,19125.0
2021-06-01,68.5999984741211,68.5999984741211,68.80000305175781,63.79999923706055,64.4000015258789,16660.0
2021-06-02,66.0,66.0,72.0,60.599998474121094,68.5999984741211,33070.0
2021-06-03,64.5999984741211,64.5999984741211,66.5999984741211,62.79999923706055,66.0,11765.0
2021-06-04,63.79999923706055,63.79999923706055,73.80000305175781,63.0,68.4000015258789,147665.0
2021-06-07,63.0,63.0,73.0,62.400001525878906,64.0,416540.0
2021-06-08,82.0,82.0,88.0,68.4000015258789,72.19999694824219,1046425.0
2021-06-09,81.5999984741211,81.5999984741211,82.0,74.19999694824219,79.19999694824219,188445.0
2021-06-10,83.0,83.0,86.4000015258789,74.0999984741211,81.80000305175781,128955.0
2021-06-11,79.4000015258789,79.4000015258789,84.0,77.4000015258789,81.80000305175781,42820.0
2021-06-14,85.80000305175781,85.80000305175781,97.19999694824219,80.19999694824219,80.4000015258789,200455.0
2021-06-15,75.4000015258789,75.4000015258789,84.80000305175781,72.19999694824219,83.4000015258789,95885.0
2021-06-16,75.80000305175781,75.80000305175781,78.0,74.0,74.80000305175781,34050.0
2021-06-17,73.5999984741211,73.5999984741211,77.4000015258789,72.4000015258789,74.4000015258789,39125.0
2021-06-18,74.4000015258789,74.4000015258789,76.80000305175781,73.0,73.0,25530.0
2021-06-21,74.0,74.0,75.19999694824219,71.19999694824219,74.19999694824219,31080.0
2021-06-22,74.0,74.0,74.80000305175781,71.30000305175781,73.19999694824219,36550.0
2021-06-23,75.19999694824219,75.19999694824219,77.5999984741211,73.30000305175781,74.0,46020.0
2021-06-24,79.4000015258789,79.4000015258789,83.0,76.5999984741211,76.5999984741211,81895.0
2021-06-25,81.5999984741211,81.5999984741211,82.4000015258789,77.5999984741211,79.0,190280.0
2021-06-28,82.80000305175781,82.80000305175781,83.80000305175781,79.0,83.0,39620.0
2021-06-29,79.5999984741211,79.5999984741211,83.4000015258789,78.80000305175781,82.80000305175781,25130.0
2021-06-30,78.0,78.0,80.0,77.0,79.0,19785.0
2021-07-01,78.80000305175781,78.80000305175781,79.5999984741211,73.77999877929688,77.19999694824219,21460.0
2021-07-02,78.4000015258789,78.4000015258789,81.4000015258789,75.4000015258789,79.5999984741211,19320.0
2021-07-06,74.19999694824219,74.19999694824219,78.4800033569336,72.4000015258789,78.0,24845.0
2021-07-07,72.5999984741211,72.5999984741211,74.4000015258789,69.0,74.4000015258789,24450.0
2021-07-08,73.5999984741211,73.5999984741211,73.80000305175781,67.4000015258789,69.80000305175781,29050.0
2021-07-09,74.4000015258789,74.4000015258789,76.80000305175781,70.69999694824219,73.0,22160.0
2021-07-12,76.80000305175781,76.80000305175781,77.19999694824219,73.0,74.4000015258789,18010.0
2021-07-13,72.80000305175781,72.80000305175781,77.0,72.19999694824219,77.0,30910.0
2021-07-14,69.5999984741211,69.5999984741211,75.4000015258789,69.4000015258789,73.0,28065.0
2021-07-15,66.19999694824219,66.19999694824219,69.0,64.80000305175781,69.0,34590.0
2021-07-16,66.5999984741211,66.5999984741211,69.19999694824219,65.19999694824219,66.80000305175781,17125.0
2021-07-19,67.19999694824219,67.19999694824219,71.0,64.80000305175781,66.5999984741211,32345.0
2021-07-20,69.0,69.0,70.0,64.80000305175781,66.5999984741211,11715.0
2021-07-21,73.80000305175781,73.80000305175781,75.5999984741211,68.4000015258789,70.0,33240.0
2021-07-22,72.0,72.0,73.80000305175781,70.19999694824219,73.5999984741211,82775.0
2021-07-23,82.5999984741211,82.5999984741211,84.5999984741211,72.0,80.0,195540.0
2021-07-26,70.80000305175781,70.80000305175781,83.0,70.4000015258789,83.0,91640.0
2021-07-27,64.80000305175781,64.80000305175781,70.0,63.400001525878906,70.0,40360.0
2021-07-28,67.0,67.0,67.5,63.599998474121094,65.80000305175781,28785.0
2021-07-29,58.599998474121094,58.599998474121094,66.5999984741211,58.20000076293945,66.5999984741211,53100.0
2021-07-30,58.20000076293945,58.20000076293945,62.20000076293945,57.599998474121094,57.70000076293945,26100.0
2021-08-02,60.599998474121094,60.599998474121094,62.599998474121094,56.79999923706055,57.20000076293945,17345.0
2021-08-03,61.79999923706055,61.79999923706055,62.400001525878906,58.20000076293945,61.20000076293945,22265.0
2021-08-04,61.599998474121094,61.599998474121094,65.5999984741211,59.36000061035156,61.400001525878906,23235.0
2021-08-05,64.4000015258789,64.4000015258789,64.80000305175781,61.70000076293945,62.0,16985.0
2021-08-06,63.20000076293945,63.20000076293945,64.4000015258789,62.099998474121094,63.79999923706055,11375.0
2021-08-09,65.4000015258789,65.4000015258789,65.5999984741211,63.0,63.599998474121094,13625.0
2021-08-10,68.0,68.0,69.5999984741211,63.36000061035156,64.80000305175781,23925.0
2021-08-11,66.4000015258789,66.4000015258789,69.5999984741211,65.0,68.4000015258789,17510.0
2021-08-12,65.5999984741211,65.5999984741211,67.19999694824219,63.400001525878906,66.19999694824219,20620.0
2021-08-13,63.400001525878906,63.400001525878906,65.5999984741211,63.20000076293945,64.19999694824219,8990.0
2021-08-16,60.599998474121094,60.599998474121094,63.20000076293945,59.02000045776367,62.79999923706055,14955.0
2021-08-17,59.0,59.0,60.599998474121094,57.20000076293945,59.400001525878906,14195.0
2021-08-18,56.400001525878906,56.400001525878906,59.0,55.400001525878906,58.599998474121094,19065.0
2021-08-19,54.599998474121094,54.599998474121094,57.79999923706055,54.400001525878906,56.400001525878906,16090.0
2021-08-20,54.599998474121094,54.599998474121094,56.400001525878906,54.0,54.599998474121094,8180.0
2021-08-23,56.400001525878906,56.400001525878906,60.400001525878906,55.0,55.0,19595.0
2021-08-24,61.0,61.0,61.79999923706055,57.0,57.599998474121094,12540.0
2021-08-25,61.0,61.0,63.20000076293945,60.400001525878906,61.0,6640.0
2021-08-26,63.599998474121094,63.599998474121094,64.80000305175781,60.79999923706055,60.79999923706055,13605.0
2021-08-27,66.19999694824219,66.19999694824219,67.19999694824219,63.560001373291016,63.599998474121094,10920.0
2021-08-30,63.599998474121094,63.599998474121094,66.19999694824219,62.959999084472656,64.5999984741211,8690.0
2021-08-31,68.4000015258789,68.4000015258789,69.0,62.79999923706055,63.29999923706055,11205.0
2021-09-01,64.19999694824219,64.19999694824219,69.4000015258789,64.19999694824219,67.5999984741211,9295.0
2021-09-02,65.4000015258789,65.4000015258789,67.5999984741211,64.5999984741211,64.5999984741211,7920.0
2021-09-03,63.0,63.0,64.5999984741211,61.599998474121094,64.5999984741211,7370.0
2021-09-07,63.400001525878906,63.400001525878906,65.0,61.79999923706055,63.20000076293945,11825.0
2021-09-08,62.20000076293945,62.20000076293945,65.0199966430664,61.0,65.0199966430664,9290.0
2021-09-09,60.20000076293945,60.20000076293945,65.19999694824219,60.20000076293945,61.400001525878906,13705.0
2021-09-10,65.4000015258789,65.4000015258789,69.80000305175781,60.79999923706055,61.79999923706055,40475.0
2021-09-13,61.599998474121094,61.599998474121094,66.80000305175781,61.0,64.58000183105469,14495.0
2021-09-14,58.79999923706055,58.79999923706055,63.400001525878906,56.400001525878906,61.599998474121094,18055.0
2021-09-15,58.79999923706055,58.79999923706055,60.0,56.599998474121094,59.79999923706055,16740.0
2021-09-16,62.0,62.0,64.76000213623047,57.400001525878906,58.400001525878906,35050.0
2021-09-17,62.400001525878906,62.400001525878906,69.4000015258789,61.400001525878906,63.0,46615.0
2021-09-20,61.79999923706055,61.79999923706055,63.0,58.599998474121094,61.0,35430.0
2021-09-21,64.80000305175781,64.80000305175781,67.5999984741211,62.0,63.20000076293945,34100.0
2021-09-22,65.0,65.0,71.0,63.400001525878906,66.4000015258789,27585.0
2021-09-23,69.80000305175781,69.80000305175781,70.5999984741211,64.5999984741211,65.19999694824219,19785.0
2021-09-24,67.5999984741211,67.5999984741211,72.45999908447266,65.81999969482422,71.19999694824219,28880.0
2021-09-27,68.80000305175781,68.80000305175781,71.19999694824219,66.4000015258789,67.5999984741211,11865.0
2021-09-28,66.4000015258789,66.4000015258789,68.80000305175781,66.0,68.80000305175781,7985.0
2021-09-29,61.79999923706055,61.79999923706055,67.4000015258789,61.599998474121094,65.80000305175781,21365.0
2021-09-30,61.400001525878906,61.400001525878906,63.400001525878906,59.0,61.0,27770.0
2021-10-01,59.79999923706055,59.79999923706055,62.20000076293945,59.400001525878906,61.20000076293945,10950.0
2021-10-04,58.0,58.0,59.599998474121094,55.79999923706055,59.20000076293945,22000.0
2021-10-05,58.400001525878906,58.400001525878906,59.79999923706055,57.0,58.0,14170.0
2021-10-06,57.599998474121094,57.599998474121094,59.79999923706055,56.400001525878906,57.400001525878906,14050.0
2021-10-07,58.0,58.0,60.599998474121094,57.099998474121094,57.400001525878906,21860.0
2021-10-08,57.0,57.0,58.0,56.400001525878906,57.79999923706055,7715.0
2021-10-11,56.400001525878906,56.400001525878906,57.79999923706055,55.0,56.20000076293945,7525.0
2021-10-12,56.20000076293945,56.20000076293945,57.79999923706055,56.0,56.400001525878906,7905.0
2021-10-13,57.0,57.0,57.29999923706055,55.0,56.400001525878906,9240.0
2021-10-14,56.0,56.0,58.5,55.20000076293945,57.79999923706055,10930.0
2021-10-15,53.79999923706055,53.79999923706055,56.20000076293945,53.099998474121094,56.0,12415.0
2021-10-18,52.0,52.0,53.5,51.13999938964844,52.79999923706055,11650.0
2021-10-19,53.20000076293945,53.20000076293945,53.20000076293945,51.0,51.79999923706055,6150.0
2021-10-20,59.0,59.0,60.599998474121094,54.400001525878906,56.20000076293945,146940.0
2021-10-21,55.79999923706055,55.79999923706055,61.0,55.20000076293945,58.400001525878906,28955.0
2021-10-22,54.79999923706055,54.79999923706055,56.20000076293945,53.0,55.79999923706055,17360.0
2021-10-25,54.20000076293945,54.20000076293945,55.880001068115234,52.900001525878906,55.599998474121094,15600.0
2021-10-26,54.400001525878906,54.400001525878906,55.20000076293945,52.79999923706055,54.20000076293945,8775.0
2021-10-27,52.20000076293945,52.20000076293945,54.279998779296875,52.0,54.0,7835.0
2021-10-28,53.0,53.0,54.619998931884766,52.0,52.0,7240.0
2021-10-29,51.20000076293945,51.20000076293945,53.880001068115234,50.79999923706055,53.0,9310.0
2021-11-01,52.599998474121094,52.599998474121094,53.0,50.79999923706055,50.79999923706055,5290.0
2021-11-02,52.79999923706055,52.79999923706055,53.79999923706055,50.20000076293945,52.400001525878906,19590.0
2021-11-03,54.20000076293945,54.20000076293945,54.79999923706055,52.79999923706055,53.0,5530.0
2021-11-04,57.79999923706055,57.79999923706055,60.20000076293945,53.20000076293945,54.0,45915.0
2021-11-05,57.599998474121094,57.599998474121094,61.0,56.65999984741211,57.79999923706055,15825.0
2021-11-08,57.400001525878906,57.400001525878906,60.18000030517578,56.0,60.0,9445.0
2021-11-09,55.400001525878906,55.400001525878906,57.400001525878906,54.400001525878906,57.20000076293945,9085.0
2021-11-10,52.400001525878906,52.400001525878906,56.79999923706055,51.400001525878906,55.79999923706055,17000.0
2021-11-11,53.0,53.0,53.400001525878906,51.20000076293945,52.400001525878906,6520.0
2021-11-12,53.79999923706055,53.79999923706055,53.79999923706055,51.20000076293945,53.0,9955.0
2021-11-15,53.79999923706055,53.79999923706055,54.79999923706055,51.20000076293945,53.79999923706055,11000.0
2021-11-16,52.400001525878906,52.400001525878906,53.20000076293945,51.0,53.20000076293945,10605.0
2021-11-17,50.599998474121094,50.599998474121094,52.29999923706055,50.20000076293945,52.0,7445.0
2021-11-18,46.0,46.0,51.34000015258789,44.400001525878906,50.79999923706055,30990.0
2021-11-19,46.400001525878906,46.400001525878906,48.400001525878906,45.060001373291016,45.599998474121094,18205.0
2021-11-22,43.79999923706055,43.79999923706055,46.5,43.599998474121094,46.20000076293945,14025.0
2021-11-23,43.400001525878906,43.400001525878906,46.099998474121094,42.400001525878906,43.79999923706055,10545.0
2021-11-24,53.0,53.0,59.0,42.0,43.0,196650.0
2021-11-26,49.0,49.0,50.400001525878906,45.400001525878906,49.20000076293945,31295.0
2021-11-29,48.79999923706055,48.79999923706055,49.900001525878906,46.0,49.400001525878906,20165.0
2021-11-30,43.599998474121094,43.599998474121094,48.20000076293945,42.20000076293945,48.0,31695.0
2021-12-01,38.0,38.0,44.79999923706055,38.0,43.0,31020.0
2021-12-02,39.400001525878906,39.400001525878906,40.20000076293945,36.599998474121094,39.20000076293945,13400.0
2021-12-03,35.400001525878906,35.400001525878906,39.400001525878906,35.0,39.20000076293945,16355.0
2021-12-06,37.400001525878906,37.400001525878906,38.20000076293945,32.400001525878906,35.20000076293945,13265.0
2021-12-07,39.20000076293945,39.20000076293945,40.599998474121094,37.400001525878906,37.400001525878906,17620.0
2021-12-08,39.79999923706055,39.79999923706055,40.79999923706055,38.0,40.0,7035.0
2021-12-09,38.599998474121094,38.599998474121094,41.0,37.79999923706055,38.599998474121094,10245.0
2021-12-10,35.599998474121094,35.599998474121094,40.400001525878906,35.599998474121094,39.400001525878906,11610.0
2021-12-13,34.400001525878906,34.400001525878906,36.599998474121094,34.20000076293945,35.79999923706055,15405.0
2021-12-14,32.0,32.0,34.58000183105469,31.0,33.79999923706055,34160.0
2021-12-15,35.0,35.0,35.400001525878906,30.799999237060547,31.600000381469727,13020.0
2021-12-16,33.79999923706055,33.79999923706055,38.79999923706055,33.400001525878906,35.20000076293945,13730.0
2021-12-17,37.20000076293945,37.20000076293945,37.79999923706055,32.79999923706055,33.599998474121094,22755.0
2021-12-20,34.599998474121094,34.599998474121094,35.79999923706055,33.20000076293945,35.79999923706055,13780.0
2021-12-21,35.20000076293945,35.20000076293945,36.599998474121094,34.599998474121094,34.79999923706055,8015.0
2021-12-22,34.599998474121094,34.599998474121094,35.599998474121094,34.0,34.599998474121094,7655.0
2021-12-23,35.0,35.0,35.79999923706055,34.0,34.68000030517578,6295.0
2021-12-27,33.20000076293945,33.20000076293945,34.79999923706055,32.79999923706055,34.599998474121094,10595.0
2021-12-28,31.200000762939453,31.200000762939453,33.779998779296875,30.600000381469727,33.20000076293945,47985.0
2021-12-29,31.200000762939453,31.200000762939453,32.400001525878906,29.799999237060547,31.799999237060547,28890.0
2021-12-30,32.20000076293945,32.20000076293945,33.0,30.399999618530273,30.799999237060547,17035.0
2021-12-31,34.400001525878906,34.400001525878906,35.400001525878906,31.200000762939453,31.600000381469727,26910.0
2022-01-03,35.599998474121094,35.599998474121094,36.20000076293945,32.79999923706055,34.400001525878906,12480.0
2022-01-04,35.400001525878906,35.400001525878906,37.79999923706055,33.400001525878906,37.20000076293945,14475.0
2022-01-05,31.799999237060547,31.799999237060547,36.0,31.799999237060547,35.79999923706055,11765.0
2022-01-06,30.399999618530273,30.399999618530273,32.79999923706055,30.0,32.040000915527344,11200.0
2022-01-07,30.200000762939453,30.200000762939453,32.79999923706055,29.799999237060547,30.799999237060547,19180.0
2022-01-10,29.799999237060547,29.799999237060547,30.0,27.600000381469727,29.799999237060547,12240.0
2022-01-11,30.0,30.0,31.399999618530273,29.0,29.200000762939453,5875.0
2022-01-12,28.600000381469727,28.600000381469727,30.899999618530273,28.600000381469727,30.600000381469727,8145.0
2022-01-13,27.399999618530273,27.399999618530273,29.15999984741211,27.0,28.600000381469727,4785.0
2022-01-14,27.799999237060547,27.799999237060547,28.200000762939453,27.139999389648438,27.399999618530273,3675.0
2022-01-18,26.0,26.0,28.600000381469727,25.399999618530273,28.0,14110.0
2022-01-19,26.200000762939453,26.200000762939453,27.0,24.600000381469727,26.34000015258789,4180.0
2022-01-20,24.200000762939453,24.200000762939453,27.399999618530273,23.600000381469727,26.200000762939453,8500.0
2022-01-21,25.0,25.0,25.799999237060547,23.200000762939453,24.200000762939453,10255.0
2022-01-24,26.0,26.0,26.200000762939453,22.600000381469727,23.0,11200.0
2022-01-25,24.799999237060547,24.799999237060547,25.799999237060547,23.399999618530273,25.799999237060547,6675.0
2022-01-26,24.0,24.0,26.600000381469727,23.600000381469727,25.0,3520.0
2022-01-27,21.399999618530273,21.399999618530273,24.600000381469727,20.0,24.200000762939453,14150.0
2022-01-28,22.600000381469727,22.600000381469727,23.0,19.260000228881836,21.799999237060547,16860.0
2022-01-31,26.399999618530273,26.399999618530273,26.399999618530273,20.600000381469727,22.200000762939453,11610.0
2022-02-01,28.799999237060547,28.799999237060547,29.200000762939453,25.200000762939453,26.600000381469727,10700.0
2022-02-02,26.200000762939453,26.200000762939453,29.799999237060547,24.799999237060547,29.399999618530273,13350.0
2022-02-03,24.399999618530273,24.399999618530273,25.920000076293945,23.799999237060547,25.0,3340.0
2022-02-04,24.399999618530273,24.399999618530273,25.600000381469727,24.0,24.200000762939453,3380.0
2022-02-07,25.399999618530273,25.399999618530273,26.200000762939453,24.600000381469727,25.0,1890.0
2022-02-08,24.0,24.0,25.799999237060547,23.399999618530273,25.600000381469727,3210.0
2022-02-09,25.0,25.0,25.600000381469727,24.0,24.0,4535.0
2022-02-10,26.0,26.0,29.0,22.799999237060547,24.399999618530273,8455.0
2022-02-11,24.200000762939453,24.200000762939453,26.81999969482422,23.399999618530273,25.799999237060547,15920.0
2022-02-14,23.0,23.0,24.600000381469727,22.600000381469727,23.799999237060547,9920.0
2022-02-15,22.399999618530273,22.399999618530273,24.399999618530273,22.0,23.799999237060547,12730.0
2022-02-16,21.399999618530273,21.399999618530273,22.399999618530273,21.200000762939453,22.399999618530273,5820.0
2022-02-17,21.399999618530273,21.399999618530273,22.600000381469727,21.0,22.600000381469727,9410.0
2022-02-18,20.399999618530273,20.399999618530273,21.399999618530273,19.200000762939453,21.079999923706055,5470.0
2022-02-22,20.399999618530273,20.399999618530273,21.0,20.0,20.0,3030.0
2022-02-23,19.84000015258789,19.84000015258789,21.200000762939453,19.0,20.799999237060547,4810.0
2022-02-24,19.920000076293945,19.920000076293945,19.959999084472656,18.0,19.0,12740.0
2022-02-25,19.219999313354492,19.219999313354492,20.600000381469727,19.200000762939453,20.0,5750.0
2022-02-28,21.0,21.0,21.399999618530273,19.399999618530273,19.399999618530273,5350.0
2022-03-01,22.600000381469727,22.600000381469727,23.799999237060547,21.0,21.0,8885.0
2022-03-02,24.799999237060547,24.799999237060547,25.0,22.399999618530273,22.399999618530273,8525.0
2022-03-03,24.200000762939453,24.200000762939453,24.600000381469727,24.0,24.600000381469727,6845.0
2022-03-04,21.799999237060547,21.799999237060547,24.200000762939453,21.399999618530273,24.200000762939453,3870.0
2022-03-07,21.0,21.0,22.600000381469727,20.600000381469727,22.600000381469727,3120.0
2022-03-08,20.799999237060547,20.799999237060547,21.799999237060547,20.6200008392334,21.600000381469727,3140.0
2022-03-09,20.600000381469727,20.600000381469727,21.600000381469727,20.399999618530273,21.0,3200.0
2022-03-10,20.600000381469727,20.600000381469727,20.799999237060547,19.600000381469727,19.600000381469727,3805.0
2022-03-11,19.799999237060547,19.799999237060547,20.799999237060547,19.600000381469727,19.81999969482422,7690.0
2022-03-14,20.0,20.0,20.399999618530273,19.799999237060547,20.200000762939453,3070.0
2022-03-15,20.0,20.0,20.600000381469727,20.0,20.600000381469727,2835.0
2022-03-16,21.399999618530273,21.399999618530273,21.600000381469727,20.0,20.399999618530273,3515.0
2022-03-17,21.0,21.0,21.899999618530273,20.600000381469727,21.399999618530273,4735.0
2022-03-18,21.399999618530273,21.399999618530273,22.700000762939453,20.0,20.200000762939453,3155.0
2022-03-21,20.600000381469727,20.600000381469727,21.399999618530273,20.0,21.399999618530273,4990.0
2022-03-22,22.399999618530273,22.399999618530273,22.399999618530273,20.420000076293945,20.799999237060547,2220.0
2022-03-23,22.200000762939453,22.200000762939453,23.899999618530273,22.0,22.399999618530273,4665.0
2022-03-24,24.200000762939453,24.200000762939453,24.200000762939453,22.0,22.200000762939453,7670.0
2022-03-25,23.600000381469727,23.600000381469727,24.8799991607666,23.0,24.0,4625.0
2022-03-28,22.399999618530273,22.399999618530273,24.399999618530273,21.100000381469727,24.399999618530273,3705.0
2022-03-29,22.399999618530273,22.399999618530273,24.0,22.0,22.600000381469727,8815.0
2022-03-30,22.600000381469727,22.600000381469727,23.799999237060547,22.200000762939453,22.200000762939453,1375.0
2022-03-31,22.200000762939453,22.200000762939453,23.0,21.600000381469727,22.600000381469727,7095.0
2022-04-01,22.600000381469727,22.600000381469727,23.799999237060547,21.600000381469727,22.600000381469727,5435.0
2022-04-04,25.799999237060547,25.799999237060547,28.0,22.600000381469727,23.200000762939453,16600.0
2022-04-05,24.0,24.0,27.600000381469727,23.600000381469727,26.200000762939453,15115.0
2022-04-06,24.0,24.0,24.399999618530273,23.0,23.600000381469727,2360.0
2022-04-07,22.799999237060547,22.799999237060547,25.739999771118164,22.399999618530273,25.0,9795.0
2022-04-08,22.399999618530273,22.399999618530273,23.799999237060547,22.0,22.799999237060547,4525.0
2022-04-11,20.600000381469727,20.600000381469727,22.0,20.399999618530273,21.600000381469727,5545.0
2022-04-12,20.600000381469727,20.600000381469727,21.0,19.600000381469727,20.399999618530273,5975.0
2022-04-13,20.399999618530273,20.399999618530273,21.200000762939453,20.200000762939453,20.200000762939453,2695.0
2022-04-14,20.0,20.0,21.200000762939453,19.600000381469727,20.799999237060547,2305.0
2022-04-18,19.6200008392334,19.6200008392334,21.0,19.100000381469727,20.200000762939453,8165.0
2022-04-19,19.219999313354492,19.219999313354492,20.200000762939453,19.200000762939453,19.200000762939453,3570.0
2022-04-20,17.459999084472656,17.459999084472656,19.700000762939453,16.6200008392334,19.200000762939453,12265.0
2022-04-21,17.200000762939453,17.200000762939453,19.200000762939453,17.040000915527344,17.040000915527344,3965.0
2022-04-22,16.420000076293945,16.420000076293945,17.780000686645508,15.9399995803833,17.780000686645508,3840.0
2022-04-25,15.979999542236328,15.979999542236328,17.239999771118164,15.0,16.399999618530273,4760.0
2022-04-26,15.199999809265137,15.199999809265137,16.799999237060547,15.100000381469727,15.4399995803833,2285.0
2022-04-27,15.65999984741211,15.65999984741211,16.0,15.0,15.140000343322754,3510.0
2022-04-28,15.699999809265137,15.699999809265137,16.059999465942383,14.65999984741211,15.619999885559082,3660.0
2022-04-29,14.739999771118164,14.739999771118164,16.0,14.65999984741211,16.0,2290.0
2022-05-02,14.539999961853027,14.539999961853027,15.720000267028809,14.199999809265137,14.680000305175781,3625.0
2022-05-03,13.819999694824219,13.819999694824219,15.579999923706055,13.460000038146973,15.34000015258789,6585.0
2022-05-04,15.0,15.0,15.960000038146973,13.220000267028809,14.199999809265137,6045.0
2022-05-05,14.199999809265137,14.199999809265137,16.68000030517578,13.640000343322754,16.68000030517578,4940.0
2022-05-06,12.0,12.0,14.140000343322754,11.720000267028809,13.699999809265137,10505.0
2022-05-09,11.600000381469727,11.600000381469727,13.199999809265137,9.979999542236328,11.640000343322754,14855.0
2022-05-10,11.880000114440918,11.880000114440918,12.319999694824219,11.0,12.0600004196167,5720.0
2022-05-11,10.899999618530273,10.899999618530273,12.4399995803833,10.779999732971191,11.880000114440918,15090.0
2022-05-12,11.680000305175781,11.680000305175781,13.680000305175781,10.739999771118164,11.34000015258789,4550.0
2022-05-13,11.300000190734863,11.300000190734863,11.65999984741211,11.039999961853027,11.600000381469727,8885.0
2022-05-16,11.399999618530273,11.399999618530273,11.399999618530273,10.699999809265137,11.399999618530273,5190.0
2022-05-17,11.399999618530273,11.399999618530273,11.739999771118164,11.199999809265137,11.260000228881836,4590.0
2022-05-18,11.199999809265137,11.199999809265137,11.800000190734863,11.079999923706055,11.800000190734863,4130.0
2022-05-19,11.600000381469727,11.600000381469727,11.800000190734863,11.15999984741211,11.15999984741211,4840.0
2022-05-20,11.020000457763672,11.020000457763672,12.399999618530273,11.0,11.399999618530273,2110.0
2022-05-23,11.680000305175781,11.680000305175781,13.760000228881836,10.920000076293945,13.760000228881836,2925.0
2022-05-24,10.600000381469727,10.600000381469727,12.199999809265137,10.399999618530273,12.0,3790.0
2022-05-25,11.720000267028809,11.720000267028809,12.199999809265137,10.199999809265137,10.199999809265137,1240.0
2022-05-26,11.020000457763672,11.020000457763672,12.199999809265137,11.020000457763672,11.859999656677246,2660.0
2022-05-27,11.899999618530273,11.899999618530273,12.199999809265137,11.0,11.640000343322754,2815.0
2022-05-31,12.460000038146973,12.460000038146973,12.84000015258789,11.539999961853027,11.739999771118164,3945.0
2022-06-01,12.220000267028809,12.220000267028809,13.199999809265137,12.0,13.199999809265137,22425.0
2022-06-02,12.0,12.0,12.739999771118164,11.699999809265137,12.220000267028809,10830.0
2022-06-03,11.899999618530273,11.899999618530273,12.300000190734863,11.800000190734863,12.0,7090.0
2022-06-06,12.920000076293945,12.920000076293945,13.920000076293945,12.600000381469727,13.199999809265137,24545.0
2022-06-07,13.479999542236328,13.479999542236328,14.199999809265137,11.699999809265137,13.800000190734863,25410.0
2022-06-08,15.979999542236328,15.979999542236328,17.219999313354492,12.979999542236328,13.399999618530273,19815.0
2022-06-09,16.479999542236328,16.479999542236328,17.799999237060547,15.4399995803833,17.3799991607666,19385.0
2022-06-10,13.15999984741211,13.15999984741211,19.579999923706055,12.600000381469727,14.680000305175781,210120.0
2022-06-13,10.800000190734863,10.800000190734863,12.0,10.0,11.079999923706055,24675.0
2022-06-14,10.600000381469727,10.600000381469727,11.859999656677246,10.199999809265137,11.0,24680.0
2022-06-15,9.739999771118164,9.739999771118164,10.859999656677246,9.260000228881836,10.800000190734863,19795.0
2022-06-16,9.420000076293945,9.420000076293945,9.640000343322754,9.220000267028809,9.640000343322754,4305.0
2022-06-17,9.4399995803833,9.4399995803833,10.600000381469727,9.4399995803833,10.0,20455.0
2022-06-21,9.800000190734863,9.800000190734863,11.600000381469727,9.699999809265137,10.0,24135.0
2022-06-22,10.140000343322754,10.140000343322754,10.960000038146973,9.800000190734863,10.0,15295.0
2022-06-23,10.699999809265137,10.699999809265137,11.0,10.15999984741211,10.199999809265137,18740.0
2022-06-24,10.600000381469727,10.600000381469727,13.979999542236328,10.600000381469727,11.399999618530273,48590.0
2022-06-27,12.100000381469727,12.100000381469727,12.359999656677246,11.0,12.0,18020.0
2022-06-28,11.4399995803833,11.4399995803833,12.4399995803833,11.4399995803833,12.399999618530273,11025.0
2022-06-29,11.0,11.0,12.0,10.420000076293945,12.0,13440.0
2022-06-30,10.979999542236328,10.979999542236328,11.100000381469727,10.520000457763672,10.680000305175781,6900.0
2022-07-01,11.600000381469727,11.600000381469727,12.0,10.65999984741211,11.199999809265137,5460.0
2022-07-05,12.0,12.0,12.260000228881836,11.020000457763672,11.779999732971191,2375.0
2022-07-06,13.0,13.0,13.319999694824219,12.0,12.199999809265137,4465.0
2022-07-07,13.34000015258789,13.34000015258789,13.760000228881836,13.0,13.760000228881836,2530.0
2022-07-08,14.5,14.5,14.600000381469727,13.0,13.079999923706055,8100.0
2022-07-11,14.239999771118164,14.239999771118164,14.4399995803833,13.140000343322754,14.399999618530273,4735.0
2022-07-12,16.399999618530273,16.399999618530273,16.399999618530273,14.600000381469727,14.600000381469727,7590.0
2022-07-13,18.260000228881836,18.260000228881836,18.540000915527344,16.5,17.200000762939453,9250.0
2022-07-14,18.299999237060547,18.299999237060547,18.600000381469727,17.200000762939453,17.799999237060547,3190.0
2022-07-15,18.1200008392334,18.1200008392334,18.739999771118164,17.799999237060547,18.399999618530273,2855.0
2022-07-18,16.700000762939453,16.700000762939453,18.399999618530273,16.0,18.1200008392334,4025.0
2022-07-19,17.0,17.0,17.799999237060547,16.700000762939453,17.799999237060547,1740.0
2022-07-20,17.0,17.0,17.600000381469727,16.360000610351562,16.399999618530273,2590.0
2022-07-21,17.0,17.0,18.0,16.68000030517578,16.68000030517578,1885.0
2022-07-22,16.979999542236328,16.979999542236328,18.0,16.399999618530273,16.799999237060547,6835.0
2022-07-25,15.5,15.5,17.280000686645508,15.239999771118164,16.399999618530273,3900.0
2022-07-26,15.800000190734863,15.800000190734863,16.200000762939453,14.180000305175781,14.180000305175781,3560.0
2022-07-27,15.399999618530273,15.399999618530273,15.800000190734863,14.760000228881836,15.800000190734863,3765.0
2022-07-28,18.799999237060547,18.799999237060547,18.799999237060547,15.0,15.399999618530273,16160.0
2022-07-29,19.200000762939453,19.200000762939453,19.600000381469727,17.200000762939453,17.200000762939453,9235.0
2022-08-01,15.399999618530273,15.399999618530273,19.600000381469727,13.600000381469727,17.799999237060547,17770.0
2022-08-02,16.799999237060547,16.799999237060547,16.940000534057617,14.600000381469727,15.020000457763672,7730.0
2022-08-03,18.6200008392334,18.6200008392334,19.0,16.799999237060547,16.940000534057617,12925.0
2022-08-04,18.15999984741211,18.15999984741211,19.399999618530273,17.540000915527344,19.200000762939453,5645.0
2022-08-05,18.0,18.0,19.200000762939453,17.799999237060547,18.15999984741211,8925.0
2022-08-08,23.0,23.0,25.0,18.360000610351562,18.68000030517578,21095.0
2022-08-09,19.0,19.0,24.399999618530273,18.0,22.799999237060547,27420.0
2022-08-10,19.200000762939453,19.200000762939453,20.600000381469727,18.600000381469727,19.5,11975.0
2022-08-11,19.600000381469727,19.600000381469727,20.600000381469727,18.600000381469727,19.200000762939453,7610.0
2022-08-12,18.600000381469727,18.600000381469727,19.200000762939453,18.200000762939453,18.600000381469727,10215.0
2022-08-15,17.799999237060547,17.799999237060547,19.059999465942383,17.059999465942383,19.0,5090.0
2022-08-16,18.200000762939453,18.200000762939453,19.0,17.600000381469727,17.600000381469727,3545.0
2022-08-17,16.8799991607666,16.8799991607666,18.399999618530273,16.8799991607666,18.219999313354492,6975.0
2022-08-18,17.399999618530273,17.399999618530273,18.360000610351562,16.600000381469727,16.600000381469727,3110.0
2022-08-19,17.0,17.0,17.920000076293945,15.600000381469727,17.600000381469727,9795.0
2022-08-22,15.880000114440918,15.880000114440918,17.799999237060547,15.859999656677246,17.0,2665.0
2022-08-23,16.200000762939453,16.200000762939453,17.399999618530273,15.899999618530273,17.399999618530273,4575.0
2022-08-24,15.020000457763672,15.020000457763672,16.3799991607666,14.880000114440918,16.0,5085.0
2022-08-25,15.399999618530273,15.399999618530273,15.800000190734863,15.15999984741211,15.579999923706055,1565.0
2022-08-26,15.0,15.0,16.200000762939453,14.800000190734863,15.800000190734863,3655.0
2022-08-29,16.200000762939453,16.200000762939453,16.799999237060547,15.0,15.420000076293945,10540.0
2022-08-30,16.239999771118164,16.239999771118164,17.0,15.600000381469727,17.0,3340.0
2022-08-31,16.799999237060547,16.799999237060547,16.799999237060547,15.800000190734863,15.800000190734863,1345.0
2022-09-01,16.0,16.0,17.0,15.819999694824219,16.700000762939453,2485.0
2022-09-02,17.65999984741211,17.65999984741211,17.65999984741211,15.800000190734863,15.800000190734863,6635.0
2022-09-06,17.479999542236328,17.479999542236328,18.799999237060547,17.200000762939453,18.799999237060547,5865.0
2022-09-07,16.079999923706055,16.079999923706055,17.700000762939453,15.800000190734863,17.479999542236328,2545.0
2022-09-08,18.280000686645508,18.280000686645508,18.600000381469727,15.399999618530273,15.800000190734863,9275.0
2022-09-09,19.0,19.0,19.719999313354492,17.280000686645508,19.200000762939453,6055.0
2022-09-12,21.200000762939453,21.200000762939453,21.799999237060547,18.399999618530273,19.059999465942383,9835.0
2022-09-13,19.799999237060547,19.799999237060547,21.799999237060547,17.700000762939453,21.799999237060547,14405.0
2022-09-14,18.1200008392334,18.1200008392334,20.200000762939453,18.059999465942383,19.200000762939453,5195.0
2022-09-15,18.399999618530273,18.399999618530273,20.0,18.0,19.059999465942383,5570.0
2022-09-16,19.780000686645508,19.780000686645508,19.780000686645508,17.34000015258789,18.200000762939453,7955.0
2022-09-19,20.0,20.0,20.0,18.399999618530273,20.0,2940.0
2022-09-20,19.600000381469727,19.600000381469727,20.600000381469727,18.15999984741211,19.799999237060547,5300.0
2022-09-21,18.100000381469727,18.100000381469727,19.780000686645508,17.100000381469727,19.780000686645508,2995.0
2022-09-22,17.979999542236328,17.979999542236328,18.399999618530273,17.100000381469727,18.200000762939453,2580.0
2022-09-23,16.81999969482422,16.81999969482422,19.799999237060547,16.059999465942383,17.399999618530273,3955.0
2022-09-26,16.799999237060547,16.799999237060547,17.799999237060547,16.0,17.3799991607666,1120.0
2022-09-27,16.799999237060547,16.799999237060547,17.799999237060547,16.020000457763672,17.3799991607666,6045.0
2022-09-28,17.0,17.0,17.799999237060547,16.0,16.399999618530273,3720.0
2022-09-29,18.200000762939453,18.200000762939453,18.799999237060547,17.200000762939453,17.5,3175.0
2022-09-30,17.200000762939453,17.200000762939453,18.200000762939453,17.200000762939453,18.0,6910.0
2022-10-03,18.079999923706055,18.079999923706055,19.0,17.200000762939453,17.399999618530273,5700.0
2022-10-04,18.65999984741211,18.65999984741211,19.360000610351562,18.020000457763672,18.780000686645508,4285.0
2022-10-05,18.799999237060547,18.799999237060547,19.799999237060547,18.200000762939453,19.31999969482422,2360.0
2022-10-06,11.739999771118164,11.739999771118164,15.800000190734863,10.399999618530273,15.800000190734863,62690.0
2022-10-07,10.600000381469727,10.600000381469727,12.15999984741211,10.600000381469727,11.800000190734863,16025.0
2022-10-10,8.920000076293945,8.920000076293945,11.0,8.800000190734863,11.0,15115.0
2022-10-11,7.460000038146973,7.460000038146973,9.0,7.0,8.65999984741211,43100.0
2022-10-12,7.659999847412109,7.659999847412109,8.0,7.199999809265137,7.539999961853027,8595.0
2022-10-13,7.800000190734863,7.800000190734863,8.0,7.440000057220459,7.599999904632568,6600.0
2022-10-14,8.319999694824219,8.319999694824219,8.539999961853027,7.599999904632568,7.599999904632568,5600.0
2022-10-17,7.0,7.0,9.600000381469727,7.0,9.0,18500.0
2022-10-18,7.940000057220459,7.940000057220459,8.239999771118164,7.400000095367432,8.239999771118164,6245.0
2022-10-19,7.599999904632568,7.599999904632568,8.539999961853027,7.420000076293945,8.539999961853027,4845.0
2022-10-20,7.639999866485596,7.639999866485596,8.119999885559082,7.619999885559082,7.980000019073486,2660.0
2022-10-21,7.599999904632568,7.599999904632568,7.960000038146973,7.400000095367432,7.599999904632568,4445.0
2022-10-24,9.479999542236328,9.479999542236328,12.0,8.0,8.760000228881836,128695.0
2022-10-25,8.960000038146973,8.960000038146973,9.800000190734863,8.260000228881836,9.600000381469727,22000.0
2022-10-26,9.0,9.0,9.0,8.239999771118164,8.680000305175781,8310.0
2022-10-27,10.760000228881836,10.760000228881836,11.0,8.5,9.0,13765.0
2022-10-28,11.520000457763672,11.520000457763672,12.399999618530273,10.0,11.0,16680.0
2022-10-31,11.0,11.0,12.199999809265137,11.0,12.0,5670.0
2022-11-01,11.300000190734863,11.300000190734863,11.760000228881836,10.979999542236328,10.979999542236328,19915.0
2022-11-02,11.180000305175781,11.180000305175781,11.399999618530273,10.699999809265137,11.399999618530273,1755.0
2022-11-03,10.800000190734863,10.800000190734863,11.5600004196167,10.399999618530273,10.640000343322754,1405.0
2022-11-04,8.600000381469727,8.600000381469727,10.800000190734863,8.5,10.279999732971191,20000.0
2022-11-07,8.960000038146973,8.960000038146973,9.239999771118164,7.820000171661377,9.239999771118164,12285.0
2022-11-08,9.180000305175781,9.180000305175781,9.5600004196167,8.640000343322754,8.960000038146973,8095.0
2022-11-09,9.579999923706055,9.579999923706055,9.739999771118164,8.4399995803833,8.600000381469727,6425.0
2022-11-10,9.5,9.5,9.600000381469727,8.800000190734863,9.460000038146973,4695.0
2022-11-11,10.15999984741211,10.15999984741211,10.199999809265137,9.600000381469727,9.600000381469727,4210.0
2022-11-14,10.5,10.5,10.859999656677246,9.800000190734863,10.0,6010.0
2022-11-15,10.300000190734863,10.300000190734863,11.0,9.9399995803833,10.600000381469727,1955.0
2022-11-16,9.899999618530273,9.899999618530273,10.399999618530273,9.600000381469727,10.300000190734863,7175.0
2022-11-17,9.739999771118164,9.739999771118164,10.100000381469727,9.600000381469727,9.600000381469727,2370.0
2022-11-18,10.399999618530273,10.399999618530273,10.399999618530273,9.800000190734863,9.800000190734863,4550.0
2022-11-21,11.199999809265137,11.199999809265137,11.899999618530273,10.300000190734863,10.300000190734863,19195.0
2022-11-22,15.039999961853027,15.039999961853027,15.640000343322754,11.800000190734863,12.0,58170.0
2022-11-23,15.880000114440918,15.880000114440918,17.5,15.119999885559082,16.280000686645508,18425.0
2022-11-25,15.739999771118164,15.739999771118164,16.5,15.600000381469727,16.200000762939453,5150.0
2022-11-28,16.0,16.0,16.5,15.300000190734863,15.600000381469727,5635.0
2022-11-29,16.600000381469727,16.600000381469727,17.0,15.760000228881836,15.760000228881836,3215.0
2022-11-30,19.0,19.0,19.0,16.0,16.899999618530273,9180.0
2022-12-01,17.6200008392334,17.6200008392334,19.65999984741211,17.31999969482422,19.139999389648438,4940.0
2022-12-02,17.520000457763672,17.520000457763672,18.100000381469727,17.200000762939453,17.520000457763672,4480.0
2022-12-05,16.399999618530273,16.399999618530273,17.200000762939453,15.600000381469727,17.200000762939453,8380.0
2022-12-06,13.800000190734863,13.800000190734863,16.100000381469727,13.079999923706055,15.899999618530273,4960.0
2022-12-07,14.0,14.0,14.9399995803833,13.800000190734863,13.800000190734863,5525.0
2022-12-08,12.779999732971191,12.779999732971191,14.600000381469727,12.4399995803833,13.600000381469727,4205.0
2022-12-09,14.920000076293945,14.920000076293945,14.920000076293945,12.800000190734863,13.399999618530273,7785.0
2022-12-12,17.299999237060547,17.299999237060547,17.799999237060547,15.199999809265137,15.199999809265137,6200.0
2022-12-13,15.920000076293945,15.920000076293945,18.600000381469727,15.5,18.0,5755.0
2022-12-14,13.0,13.0,16.200000762939453,12.579999923706055,15.920000076293945,16840.0
2022-12-15,12.420000076293945,12.420000076293945,14.399999618530273,12.0,12.65999984741211,19275.0
2022-12-16,13.479999542236328,13.479999542236328,14.0,12.399999618530273,13.600000381469727,13680.0
2022-12-19,12.199999809265137,12.199999809265137,13.880000114440918,11.600000381469727,13.600000381469727,7340.0
2022-12-20,12.760000228881836,12.760000228881836,13.960000038146973,12.0,12.199999809265137,2150.0
2022-12-21,11.5,11.5,12.420000076293945,10.84000015258789,12.420000076293945,5160.0
2022-12-22,10.220000267028809,10.220000267028809,11.979999542236328,10.0,11.800000190734863,10020.0
2022-12-23,10.920000076293945,10.920000076293945,11.5,10.15999984741211,10.15999984741211,2130.0
2022-12-27,9.600000381469727,9.600000381469727,11.100000381469727,9.520000457763672,10.359999656677246,6700.0
2022-12-28,9.220000267028809,9.220000267028809,10.319999694824219,9.039999961853027,9.199999809265137,12450.0
2022-12-29,10.399999618530273,10.399999618530273,10.399999618530273,9.0,9.0,22175.0
2022-12-30,13.119999885559082,13.119999885559082,13.199999809265137,10.399999618530273,10.399999618530273,6860.0
2023-01-03,13.399999618530273,13.399999618530273,14.020000457763672,12.199999809265137,13.600000381469727,5730.0
2023-01-04,13.199999809265137,13.199999809265137,13.600000381469727,12.140000343322754,12.9399995803833,2265.0
2023-01-05,12.0,12.0,13.199999809265137,11.880000114440918,12.600000381469727,2565.0
2023-01-06,12.65999984741211,12.65999984741211,12.9399995803833,11.600000381469727,12.9399995803833,1375.0
2023-01-09,11.899999618530273,11.899999618530273,12.600000381469727,11.680000305175781,12.600000381469727,3650.0
2023-01-10,11.600000381469727,11.600000381469727,13.260000228881836,11.420000076293945,11.420000076293945,2350.0
2023-01-11,12.0,12.0,12.960000038146973,11.600000381469727,11.84000015258789,1610.0
2023-01-12,12.0,12.0,12.800000190734863,11.65999984741211,12.199999809265137,9180.0
2023-01-13,12.420000076293945,12.420000076293945,13.0600004196167,12.020000457763672,12.199999809265137,2780.0
2023-01-17,14.0,14.0,14.0,11.720000267028809,12.4399995803833,8465.0
2023-01-18,13.4399995803833,13.4399995803833,14.359999656677246,13.199999809265137,14.359999656677246,5790.0
2023-01-19,13.800000190734863,13.800000190734863,14.0,12.199999809265137,13.460000038146973,3495.0
2023-01-20,14.279999732971191,14.279999732971191,15.0,13.460000038146973,14.0,8625.0
2023-01-23,13.579999923706055,13.579999923706055,13.800000190734863,13.199999809265137,13.399999618530273,3810.0
2023-01-24,12.579999923706055,12.579999923706055,13.460000038146973,12.0,13.199999809265137,8325.0
2023-01-25,12.300000190734863,12.300000190734863,12.579999923706055,11.359999656677246,12.0,3805.0
2023-01-26,13.800000190734863,13.800000190734863,14.0,11.720000267028809,12.600000381469727,13105.0
2023-01-27,13.4399995803833,13.4399995803833,14.319999694824219,13.140000343322754,14.140000343322754,2750.0
2023-01-30,12.800000190734863,12.800000190734863,13.420000076293945,12.600000381469727,13.0,2160.0
2023-01-31,13.420000076293945,13.420000076293945,13.960000038146973,12.640000343322754,12.680000305175781,1790.0
2023-02-01,12.859999656677246,12.859999656677246,14.319999694824219,12.720000267028809,13.399999618530273,2325.0
2023-02-02,14.699999809265137,14.699999809265137,16.0,12.84000015258789,12.859999656677246,24485.0
2023-02-03,13.65999984741211,13.65999984741211,14.5,13.399999618530273,14.0,7330.0
2023-02-06,13.960000038146973,13.960000038146973,16.0,13.279999732971191,14.0,2885.0
2023-02-07,13.699999809265137,13.699999809265137,14.359999656677246,13.600000381469727,14.0,2405.0
2023-02-08,13.600000381469727,13.600000381469727,14.0,13.399999618530273,13.920000076293945,1945.0
2023-02-09,13.539999961853027,13.539999961853027,14.399999618530273,13.5,13.579999923706055,2840.0
2023-02-10,15.15999984741211,15.15999984741211,16.0,13.199999809265137,13.199999809265137,8605.0
2023-02-13,15.979999542236328,15.979999542236328,16.479999542236328,15.0,16.479999542236328,8885.0
2023-02-14,18.0,18.0,19.139999389648438,14.5,15.979999542236328,9710.0
2023-02-15,15.760000228881836,15.760000228881836,17.799999237060547,15.100000381469727,17.799999237060547,6770.0
2023-02-16,14.680000305175781,14.680000305175781,16.0,14.5600004196167,15.279999732971191,9525.0
2023-02-17,15.859999656677246,15.859999656677246,16.18000030517578,14.600000381469727,14.800000190734863,6050.0
2023-02-21,14.800000190734863,14.800000190734863,16.200000762939453,14.0,16.200000762939453,15325.0
2023-02-22,14.5,14.5,14.979999542236328,14.5,14.979999542236328,600.0
2023-02-23,13.539999961853027,13.539999961853027,14.699999809265137,13.0,14.399999618530273,3945.0
2023-02-24,12.199999809265137,12.199999809265137,13.520000457763672,11.859999656677246,12.039999961853027,5730.0
2023-02-27,12.0,12.0,12.779999732971191,11.65999984741211,12.399999618530273,2685.0
2023-02-28,13.020000457763672,13.020000457763672,13.779999732971191,11.739999771118164,12.0,1675.0
2023-03-01,13.279999732971191,13.279999732971191,13.779999732971191,12.079999923706055,12.100000381469727,1725.0
2023-03-02,12.899999618530273,12.899999618530273,13.399999618530273,12.039999961853027,12.979999542236328,2845.0
2023-03-03,13.0,13.0,13.720000267028809,12.100000381469727,13.720000267028809,1855.0
2023-03-06,13.0,13.0,13.380000114440918,12.399999618530273,13.34000015258789,2285.0
2023-03-07,12.979999542236328,12.979999542236328,13.34000015258789,12.020000457763672,12.600000381469727,1540.0
2023-03-08,12.239999771118164,12.239999771118164,13.0,12.199999809265137,12.979999542236328,1620.0
2023-03-09,12.0,12.0,12.399999618530273,11.600000381469727,12.199999809265137,2000.0
2023-03-10,12.100000381469727,12.100000381469727,12.199999809265137,10.619999885559082,11.399999618530273,2355.0
2023-03-13,11.800000190734863,11.800000190734863,13.0,11.34000015258789,11.34000015258789,1755.0
2023-03-14,11.399999618530273,11.399999618530273,13.100000381469727,11.399999618530273,12.020000457763672,3045.0
2023-03-15,10.420000076293945,10.420000076293945,12.180000305175781,10.420000076293945,11.600000381469727,5810.0
2023-03-16,9.600000381469727,9.600000381469727,10.800000190734863,9.260000228881836,10.239999771118164,10860.0
2023-03-17,11.0,11.0,11.0,9.0600004196167,9.319999694824219,7210.0
2023-03-20,10.899999618530273,10.899999618530273,11.800000190734863,10.399999618530273,10.65999984741211,1070.0
2023-03-21,10.720000267028809,10.720000267028809,11.0,10.420000076293945,10.800000190734863,2510.0
2023-03-22,10.399999618530273,10.399999618530273,10.699999809265137,10.399999618530273,10.619999885559082,2775.0
2023-03-23,9.199999809265137,9.199999809265137,10.800000190734863,8.020000457763672,10.199999809265137,40835.0
2023-03-24,8.739999771118164,8.739999771118164,9.199999809265137,8.300000190734863,9.15999984741211,6330.0
2023-03-27,10.800000190734863,10.800000190734863,12.039999961853027,9.399999618530273,10.600000381469727,484350.0
2023-03-28,9.140000343322754,9.140000343322754,10.34000015258789,9.020000457763672,9.5,29220.0
2023-03-29,9.0,9.0,9.600000381469727,8.460000038146973,9.0,7815.0
2023-03-30,8.920000076293945,8.920000076293945,9.119999885559082,8.600000381469727,9.119999885559082,2515.0
2023-03-31,8.680000305175781,8.680000305175781,9.0,8.100000381469727,8.800000190734863,6800.0
2023-04-03,7.119999885559082,7.119999885559082,8.65999984741211,6.800000190734863,8.460000038146973,24640.0
2023-04-04,6.659999847412109,6.659999847412109,7.639999866485596,6.599999904632568,7.400000095367432,11055.0
2023-04-05,6.199999809265137,6.199999809265137,7.199999809265137,6.179999828338623,6.599999904632568,9180.0
2023-04-06,6.559999942779541,6.559999942779541,7.599999904632568,6.019999980926514,6.019999980926514,15620.0
2023-04-10,6.5,6.5,6.960000038146973,6.099999904632568,6.320000171661377,5075.0
2023-04-11,6.099999904632568,6.099999904632568,6.400000095367432,6.019999980926514,6.239999771118164,7120.0
2023-04-12,5.5,5.5,6.099999904632568,5.420000076293945,6.099999904632568,7235.0
2023-04-13,5.599999904632568,5.599999904632568,6.340000152587891,5.340000152587891,5.960000038146973,8070.0
2023-04-14,5.800000190734863,5.800000190734863,6.099999904632568,5.539999961853027,6.099999904632568,11465.0
2023-04-17,6.880000114440918,6.880000114440918,6.900000095367432,5.659999847412109,5.659999847412109,11370.0
2023-04-18,6.400000095367432,6.400000095367432,7.0,6.260000228881836,6.400000095367432,4635.0
2023-04-19,6.599999904632568,6.599999904632568,7.0,6.400000095367432,6.800000190734863,2920.0
2023-04-20,6.400000095367432,6.400000095367432,6.800000190734863,6.039999961853027,6.800000190734863,2840.0
2023-04-21,5.960000038146973,5.960000038146973,6.400000095367432,5.699999809265137,6.260000228881836,9555.0
2023-04-24,5.800000190734863,5.800000190734863,6.139999866485596,5.599999904632568,6.139999866485596,3165.0
2023-04-25,5.579999923706055,5.579999923706055,5.679999828338623,5.5,5.599999904632568,4365.0
2023-04-26,5.699999809265137,5.699999809265137,5.880000114440918,5.599999904632568,5.599999904632568,3495.0
2023-04-27,5.519999980926514,5.519999980926514,6.0,5.420000076293945,5.960000038146973,3445.0
2023-04-28,5.519999980926514,5.519999980926514,6.159999847412109,5.179999828338623,5.179999828338623,3505.0
2023-05-01,5.599999904632568,5.599999904632568,6.199999809265137,5.340000152587891,5.340000152587891,3250.0
2023-05-02,5.179999828338623,5.179999828338623,5.21999979019165,4.539999961853027,4.539999961853027,10525.0
2023-05-03,5.340000152587891,5.340000152587891,5.699999809265137,5.059999942779541,5.059999942779541,1895.0
2023-05-04,5.519999980926514,5.519999980926514,5.980000019073486,5.059999942779541,5.360000133514404,2785.0
2023-05-05,5.659999847412109,5.659999847412109,5.800000190734863,5.239999771118164,5.239999771118164,2580.0
2023-05-08,5.920000076293945,5.920000076293945,6.0,5.679999828338623,5.679999828338623,1330.0
2023-05-09,6.260000228881836,6.260000228881836,6.599999904632568,5.71999979019165,5.880000114440918,7705.0
2023-05-10,6.099999904632568,6.099999904632568,6.559999942779541,5.860000133514404,6.559999942779541,2205.0
2023-05-11,5.960000038146973,5.960000038146973,6.159999847412109,5.380000114440918,5.900000095367432,30840.0
2023-05-12,4.460000038146973,4.460000038146973,5.800000190734863,4.0,5.679999828338623,33215.0
2023-05-15,3.819999933242798,3.819999933242798,4.980000019073486,3.640000104904175,4.599999904632568,38240.0
2023-05-16,5.380000114440918,5.380000114440918,5.989999771118164,3.799999952316284,3.819999933242798,766400.0
2023-05-17,5.03000020980835,5.03000020980835,5.445000171661377,4.639999866485596,5.050000190734863,170600.0
2023-05-18,6.159999847412109,6.159999847412109,6.492000102996826,5.0,5.119999885559082,118000.0
2023-05-19,5.260000228881836,5.260000228881836,6.75,5.159999847412109,6.03000020980835,119700.0
2023-05-22,5.045000076293945,5.045000076293945,5.340000152587891,5.019999980926514,5.130000114440918,15700.0
2023-05-23,4.349999904632568,4.349999904632568,4.909999847412109,4.349999904632568,4.909999847412109,23800.0
2023-05-24,4.309999942779541,4.309999942779541,4.511000156402588,4.25,4.25,22800.0
2023-05-25,4.070000171661377,4.070000171661377,4.349999904632568,4.050000190734863,4.349999904632568,26200.0
2023-05-26,4.079999923706055,4.079999923706055,4.21999979019165,4.079999923706055,4.119999885559082,9000.0
2023-05-30,4.340000152587891,4.340000152587891,4.425000190734863,4.179999828338623,4.179999828338623,19100.0
2023-05-31,4.349999904632568,4.349999904632568,4.599999904632568,4.349999904632568,4.409999847412109,14000.0
2023-06-01,4.349999904632568,4.349999904632568,4.5980000495910645,4.349999904632568,4.5980000495910645,5800.0
2023-06-02,4.349999904632568,4.349999904632568,4.690000057220459,4.349999904632568,4.420000076293945,11500.0
2023-06-05,4.329999923706055,4.329999923706055,4.639999866485596,4.269999980926514,4.349999904632568,23600.0
2023-06-06,4.559000015258789,4.559000015258789,4.570000171661377,4.289999961853027,4.349999904632568,5800.0
2023-06-07,4.482999801635742,4.482999801635742,4.550000190734863,4.400000095367432,4.550000190734863,3600.0
2023-06-08,4.360000133514404,4.360000133514404,4.46999979019165,4.261000156402588,4.46999979019165,3100.0
2023-06-09,4.349999904632568,4.349999904632568,4.449999809265137,4.349999904632568,4.449999809265137,1700.0
2023-06-12,4.349999904632568,4.349999904632568,4.574999809265137,4.349999904632568,4.349999904632568,12100.0
2023-06-13,4.539999961853027,4.539999961853027,4.64900016784668,4.360000133514404,4.630000114440918,8000.0
2023-06-14,4.5,4.5,4.5,4.260000228881836,4.480000019073486,11200.0
2023-06-15,4.619999885559082,4.619999885559082,4.829999923706055,4.295000076293945,4.295000076293945,23600.0
2023-06-16,4.539999961853027,4.539999961853027,4.744999885559082,4.369999885559082,4.716000080108643,5800.0
2023-06-20,4.579999923706055,4.579999923706055,4.579999923706055,4.340000152587891,4.449999809265137,22800.0
2023-06-21,4.550000190734863,4.550000190734863,4.659999847412109,4.260000228881836,4.579999923706055,18100.0
2023-06-22,4.349999904632568,4.349999904632568,4.53000020980835,4.304999828338623,4.53000020980835,3200.0
2023-06-23,4.349999904632568,4.349999904632568,4.5289998054504395,4.269999980926514,4.360000133514404,7400.0
2023-06-26,4.289999961853027,4.289999961853027,4.440000057220459,4.289999961853027,4.389999866485596,14200.0
2023-06-27,4.295000076293945,4.295000076293945,4.53000020980835,4.269999980926514,4.355999946594238,11600.0
2023-06-28,4.248000144958496,4.248000144958496,4.289999961853027,4.150000095367432,4.25,110100.0
2023-06-29,4.400000095367432,4.400000095367432,4.400000095367432,4.21999979019165,4.320000171661377,8700.0
2023-06-30,4.119999885559082,4.119999885559082,4.320000171661377,4.070000171661377,4.320000171661377,5900.0
2023-07-03,4.150000095367432,4.150000095367432,4.170000076293945,4.050000190734863,4.050000190734863,6100.0
2023-07-05,3.9639999866485596,3.9639999866485596,4.050000190734863,3.950000047683716,4.010000228881836,4100.0
2023-07-06,3.8299999237060547,3.8299999237060547,3.930000066757202,3.755000114440918,3.930000066757202,4000.0
2023-07-07,3.75,3.75,3.819999933242798,3.6700000762939453,3.7179999351501465,11100.0
2023-07-10,3.7920000553131104,3.7920000553131104,3.7920000553131104,3.688999891281128,3.688999891281128,3500.0
2023-07-11,3.8580000400543213,3.8580000400543213,3.869999885559082,3.75,3.8540000915527344,4900.0
2023-07-12,4.317999839782715,4.317999839782715,4.539999961853027,3.799999952316284,3.799999952316284,42000.0
2023-07-13,4.269999980926514,4.269999980926514,4.5,4.21999979019165,4.380000114440918,7100.0
2023-07-14,4.099999904632568,4.099999904632568,4.156000137329102,4.085000038146973,4.156000137329102,1700.0
2023-07-17,3.819999933242798,3.819999933242798,3.9049999713897705,3.6500000953674316,3.799999952316284,9000.0
2023-07-18,3.8350000381469727,3.8350000381469727,3.868000030517578,3.8299999237060547,3.8499999046325684,1900.0
2023-07-19,3.5999999046325684,3.5999999046325684,3.9600000381469727,3.5999999046325684,3.8499999046325684,2700.0
2023-07-20,3.680000066757202,3.680000066757202,3.940000057220459,3.437000036239624,3.940000057220459,4400.0
2023-07-21,3.5,3.5,3.6600000858306885,3.5,3.6600000858306885,5800.0
2023-07-24,3.359999895095825,3.359999895095825,3.8259999752044678,3.359999895095825,3.6700000762939453,4300.0
2023-07-25,3.1600000858306885,3.1600000858306885,3.25,3.0199999809265137,3.190000057220459,10100.0
2023-07-26,2.9800000190734863,2.9800000190734863,3.11299991607666,2.9100000858306885,3.11299991607666,15200.0
2023-07-27,2.869999885559082,2.869999885559082,2.950000047683716,2.7669999599456787,2.9200000762939453,14300.0
2023-07-28,2.799999952316284,2.799999952316284,2.9189999103546143,2.799999952316284,2.819999933242798,7500.0
2023-07-31,3.196000099182129,3.196000099182129,3.196000099182129,2.8259999752044678,2.8299999237060547,11500.0
2023-08-01,3.299999952316284,3.299999952316284,3.619999885559082,3.299999952316284,3.3399999141693115,5400.0
2023-08-02,3.180000066757202,3.180000066757202,3.490000009536743,2.8929998874664307,3.130000114440918,22800.0
2023-08-03,3.2899999618530273,3.2899999618530273,3.2899999618530273,3.0,3.109999895095825,16700.0
2023-08-04,3.3299999237060547,3.3299999237060547,3.3299999237060547,3.25,3.299999952316284,3400.0
2023-08-07,3.309999942779541,3.309999942779541,3.309999942779541,3.309999942779541,3.309999942779541,1600.0
2023-08-08,3.4600000381469727,3.4600000381469727,3.5899999141693115,3.3299999237060547,3.5899999141693115,4400.0
2023-08-09,3.4600000381469727,3.4600000381469727,3.4600000381469727,3.3399999141693115,3.359999895095825,7200.0
2023-08-10,3.4200000762939453,3.4200000762939453,3.4200000762939453,3.4200000762939453,3.4200000762939453,500.0
2023-08-11,3.559999942779541,3.559999942779541,3.5799999237060547,3.444999933242798,3.444999933242798,18400.0
2023-08-14,3.5999999046325684,3.5999999046325684,3.6050000190734863,3.359999895095825,3.5999999046325684,7400.0
2023-08-15,3.757999897003174,3.757999897003174,3.890000104904175,3.5899999141693115,3.5999999046325684,4700.0
2023-08-16,3.7300000190734863,3.7300000190734863,3.9000000953674316,3.559999942779541,3.9000000953674316,5600.0
2023-08-17,3.609999895095825,3.609999895095825,3.890000104904175,3.5999999046325684,3.890000104904175,16000.0
2023-08-18,3.7039999961853027,3.7039999961853027,3.7039999961853027,3.5929999351501465,3.6500000953674316,6500.0
2023-08-21,3.6500000953674316,3.6500000953674316,3.819999933242798,3.5799999237060547,3.640000104904175,43100.0
2023-08-22,3.680000066757202,3.680000066757202,3.75,3.4800000190734863,3.5799999237060547,7200.0
2023-08-23,3.4749999046325684,3.4749999046325684,3.759999990463257,3.4749999046325684,3.6500000953674316,3800.0
2023-08-24,3.490000009536743,3.490000009536743,3.700000047683716,3.4700000286102295,3.490000009536743,4800.0
2023-08-25,3.640000104904175,3.640000104904175,3.9000000953674316,3.549999952316284,3.9000000953674316,8300.0
2023-08-28,3.4700000286102295,3.4700000286102295,3.674999952316284,3.4200000762939453,3.5199999809265137,10900.0
2023-08-29,3.5199999809265137,3.5199999809265137,3.619999885559082,3.5199999809265137,3.549999952316284,2600.0
2023-08-30,3.61299991607666,3.61299991607666,3.7300000190734863,3.5899999141693115,3.5999999046325684,2400.0
2023-08-31,3.5899999141693115,3.5899999141693115,3.5999999046325684,3.325000047683716,3.559999942779541,6200.0
2023-09-01,3.569999933242798,3.569999933242798,3.759999990463257,3.450000047683716,3.450000047683716,900.0
2023-09-05,3.549999952316284,3.549999952316284,3.6500000953674316,3.4679999351501465,3.492000102996826,3100.0
2023-09-06,3.609999895095825,3.609999895095825,3.6500000953674316,3.609999895095825,3.6500000953674316,1100.0
2023-09-07,3.549999952316284,3.549999952316284,3.634999990463257,3.5,3.5999999046325684,3700.0
2023-09-08,3.569999933242798,3.569999933242798,3.680000066757202,3.559999942779541,3.559999942779541,1800.0
2023-09-11,3.9749999046325684,3.9749999046325684,4.130000114440918,3.609999895095825,3.609999895095825,40700.0
2023-09-12,3.8299999237060547,3.8299999237060547,4.099999904632568,3.5999999046325684,4.099999904632568,23900.0
2023-09-13,3.7200000286102295,3.7200000286102295,3.9619998931884766,3.7100000381469727,3.861999988555908,3500.0
2023-09-14,3.9700000286102295,3.9700000286102295,3.9800000190734863,3.7699999809265137,3.9000000953674316,4200.0
2023-09-15,3.75,3.75,3.9100000858306885,3.6500000953674316,3.890000104904175,24400.0
2023-09-18,3.9000000953674316,3.9000000953674316,3.9000000953674316,3.6500000953674316,3.799999952316284,4600.0
2023-09-19,3.75,3.75,3.759999990463257,3.75,3.75,1400.0
2023-09-20,3.619999885559082,3.619999885559082,3.9000000953674316,3.5999999046325684,3.7699999809265137,4700.0
2023-09-21,3.7850000858306885,3.7850000858306885,3.931999921798706,3.5299999713897705,3.799999952316284,7700.0
2023-09-22,3.700000047683716,3.700000047683716,3.8949999809265137,3.700000047683716,3.809999942779541,3400.0
2023-09-25,3.700000047683716,3.700000047683716,3.799999952316284,3.700000047683716,3.700000047683716,5800.0
2023-09-26,3.6500000953674316,3.6500000953674316,3.799999952316284,3.5199999809265137,3.759999990463257,9900.0
2023-09-27,3.4800000190734863,3.4800000190734863,3.6549999713897705,3.299999952316284,3.509999990463257,14500.0
2023-09-28,3.3450000286102295,3.3450000286102295,3.4600000381469727,3.299999952316284,3.4600000381469727,11200.0
2023-09-29,3.4200000762939453,3.4200000762939453,3.4800000190734863,3.240000009536743,3.240000009536743,2700.0
2023-10-02,3.3499999046325684,3.3499999046325684,3.3499999046325684,3.119999885559082,3.119999885559082,2400.0
2023-10-03,3.2109999656677246,3.2109999656677246,3.25,3.130000114440918,3.25,8400.0
2023-10-04,3.359999895095825,3.359999895095825,3.5739998817443848,3.309999942779541,3.309999942779541,2800.0
2023-10-05,3.1600000858306885,3.1600000858306885,3.359999895095825,3.1600000858306885,3.359999895095825,3900.0
2023-10-06,3.3299999237060547,3.3299999237060547,3.3299999237060547,3.2899999618530273,3.299999952316284,900.0
2023-10-09,3.2300000190734863,3.2300000190734863,3.4800000190734863,3.2300000190734863,3.2300000190734863,700.0
2023-10-10,3.609999895095825,3.609999895095825,4.039999961853027,3.430000066757202,3.430000066757202,12600.0
2023-10-11,3.359999895095825,3.359999895095825,3.619999885559082,3.2899999618530273,3.359999895095825,38800.0
2023-10-12,3.3499999046325684,3.3499999046325684,3.609999895095825,3.200000047683716,3.200000047683716,4200.0
2023-10-13,3.4100000858306885,3.4100000858306885,3.7300000190734863,3.190000057220459,3.190000057220459,10100.0
2023-10-16,3.4000000953674316,3.4000000953674316,3.7200000286102295,3.380000114440918,3.380000114440918,2500.0
2023-10-17,3.380000114440918,3.380000114440918,3.5260000228881836,3.380000114440918,3.390000104904175,3700.0
2023-10-18,3.299999952316284,3.299999952316284,3.5,3.2320001125335693,3.380000114440918,12300.0
2023-10-19,3.240000009536743,3.240000009536743,3.3399999141693115,3.240000009536743,3.3399999141693115,3000.0
2023-10-20,3.240000009536743,3.240000009536743,3.240000009536743,3.240000009536743,3.240000009536743,300.0
2023-10-23,3.2799999713897705,3.2799999713897705,3.5899999141693115,3.190000057220459,3.190000057220459,3100.0
2023-10-24,3.2100000381469727,3.2100000381469727,3.5899999141693115,3.0,3.2860000133514404,7800.0
2023-10-25,3.0399999618530273,3.0399999618530273,3.240000009536743,2.9489998817443848,3.240000009536743,2600.0
2023-10-26,3.0,3.0,3.0,3.0,3.0,200.0
2023-10-27,3.0,3.0,3.0,3.0,3.0,0.0
2023-10-30,2.5999999046325684,2.5999999046325684,2.809999942779541,2.5999999046325684,2.7899999618530273,4500.0
2023-10-31,2.5999999046325684,2.5999999046325684,2.5999999046325684,2.5999999046325684,2.5999999046325684,600.0
2023-11-01,2.6040000915527344,2.6040000915527344,2.7300000190734863,2.3499999046325684,2.7300000190734863,2300.0
2023-11-02,2.4700000286102295,2.4700000286102295,2.5,2.4200000762939453,2.440000057220459,2000.0
2023-11-03,2.3399999141693115,2.3399999141693115,2.359999895095825,2.2230000495910645,2.359999895095825,2200.0
2023-11-06,2.48799991607666,2.48799991607666,2.5,2.109999895095825,2.109999895095825,1800.0
2023-11-07,2.450000047683716,2.450000047683716,2.450000047683716,2.319999933242798,2.4240000247955322,1600.0
2023-11-08,2.440000057220459,2.440000057220459,2.440000057220459,2.440000057220459,2.440000057220459,1000.0
2023-11-09,2.5999999046325684,2.5999999046325684,2.5999999046325684,2.4700000286102295,2.4700000286102295,2800.0
2023-11-10,2.194999933242798,2.194999933242798,2.5899999141693115,2.1700000762939453,2.562000036239624,7400.0
2023-11-13,2.200000047683716,2.200000047683716,2.2950000762939453,2.200000047683716,2.2950000762939453,900.0
2023-11-14,2.0,2.0,2.111999988555908,2.0,2.0999999046325684,3200.0
2023-11-15,1.909999966621399,1.909999966621399,2.171999931335449,1.909999966621399,1.9800000190734863,10800.0
2023-11-16,1.9800000190734863,1.9800000190734863,2.4000000953674316,1.8700000047683716,1.9800000190734863,11900.0
2023-11-17,2.109999895095825,2.109999895095825,2.109999895095825,1.8320000171661377,2.0,9200.0
2023-11-20,2.265000104904175,2.265000104904175,2.4089999198913574,2.049999952316284,2.049999952316284,3500.0
2023-11-21,2.0999999046325684,2.0999999046325684,2.0999999046325684,1.9869999885559082,1.9869999885559082,500.0
2023-11-22,2.1500000953674316,2.1500000953674316,2.3499999046325684,2.049999952316284,2.319999933242798,9400.0
2023-11-24,2.0390000343322754,2.0390000343322754,2.1700000762939453,1.9800000190734863,2.0,5100.0
2023-11-27,1.909999966621399,1.909999966621399,2.1600000858306885,1.8899999856948853,2.0399999618530273,3900.0
2023-11-28,2.25,2.25,2.25,1.75,1.75,5200.0
2023-11-29,2.0299999713897705,2.0299999713897705,2.1649999618530273,1.9600000381469727,2.0250000953674316,1600.0
2023-11-30,2.180000066757202,2.180000066757202,2.180000066757202,1.8300000429153442,1.9700000286102295,3400.0
2023-12-01,2.486999988555908,2.486999988555908,3.2799999713897705,2.2699999809265137,2.3299999237060547,72300.0
2023-12-04,2.2699999809265137,2.2699999809265137,2.515000104904175,2.1059999465942383,2.380000114440918,18000.0
2023-12-05,2.424999952316284,2.424999952316284,2.424999952316284,2.25,2.2699999809265137,1500.0
2023-12-06,2.367000102996826,2.367000102996826,2.4600000381469727,2.367000102996826,2.4600000381469727,900.0
2023-12-07,2.4200000762939453,2.4200000762939453,2.549999952316284,2.059999942779541,2.549999952316284,2200.0
2023-12-08,2.450000047683716,2.450000047683716,2.5399999618530273,2.4100000858306885,2.5199999809265137,6000.0
2023-12-11,2.450000047683716,2.450000047683716,2.450000047683716,2.450000047683716,2.450000047683716,300.0
2023-12-12,2.630000114440918,2.630000114440918,2.9800000190734863,2.4839999675750732,2.555000066757202,13300.0
2023-12-13,2.8499999046325684,2.8499999046325684,3.0999999046325684,2.450000047683716,2.559999942779541,11700.0
2023-12-14,2.8350000381469727,2.8350000381469727,3.0899999141693115,2.75,2.75,3000.0
2023-12-15,2.740000009536743,2.740000009536743,3.0,2.299999952316284,2.700000047683716,5600.0
2023-12-18,3.7100000381469727,3.7100000381469727,3.7100000381469727,2.5,2.569999933242798,33000.0
2023-12-19,4.449999809265137,4.449999809265137,5.25,3.621999979019165,4.150000095367432,100400.0
2023-12-20,4.25,4.25,4.880000114440918,4.0,4.880000114440918,25200.0
2023-12-21,4.099999904632568,4.099999904632568,4.380000114440918,4.050000190734863,4.099999904632568,9700.0
2023-12-22,4.300000190734863,4.300000190734863,4.300000190734863,4.0,4.03000020980835,3300.0
2023-12-26,4.177000045776367,4.177000045776367,4.210000038146973,4.0,4.104000091552734,4200.0
2023-12-27,4.210000038146973,4.210000038146973,4.241000175476074,3.9200000762939453,3.9200000762939453,1900.0
2023-12-28,3.9800000190734863,3.9800000190734863,4.239999771118164,3.9070000648498535,4.239999771118164,3300.0
2023-12-29,3.3499999046325684,3.3499999046325684,4.320000171661377,3.3499999046325684,3.819999933242798,13500.0
2024-01-02,3.5,3.5,3.5,3.5,3.5,700.0
2024-01-03,3.369999885559082,3.369999885559082,3.380000114440918,3.369999885559082,3.380000114440918,900.0
2024-01-04,3.7200000286102295,3.7200000286102295,4.260000228881836,3.5899999141693115,3.5899999141693115,14300.0
2024-01-05,3.6600000858306885,3.6600000858306885,4.300000190734863,3.369999885559082,4.300000190734863,14500.0
2024-01-08,3.5999999046325684,3.5999999046325684,3.799999952316284,3.5,3.7699999809265137,5200.0
2024-01-09,3.859999895095825,3.859999895095825,4.059000015258789,3.5,3.799999952316284,8100.0
2024-01-10,3.6700000762939453,3.6700000762939453,3.6700000762939453,3.559999942779541,3.619999885559082,2800.0
2024-01-11,3.6700000762939453,3.6700000762939453,3.6700000762939453,3.6700000762939453,3.6700000762939453,400.0
2024-01-12,3.6500000953674316,3.6500000953674316,4.0229997634887695,3.6500000953674316,4.0229997634887695,600.0
2024-01-16,3.8299999237060547,3.8299999237060547,3.869999885559082,3.509999990463257,3.740000009536743,3100.0
2024-01-17,3.799999952316284,3.799999952316284,3.799999952316284,3.799999952316284,3.799999952316284,300.0
2024-01-18,3.5999999046325684,3.5999999046325684,3.6649999618530273,3.430000066757202,3.6649999618530273,2200.0
2024-01-19,3.575000047683716,3.575000047683716,3.7799999713897705,3.5,3.7799999713897705,1400.0
2024-01-22,3.4649999141693115,3.4649999141693115,3.549999952316284,3.450000047683716,3.5,2400.0
2024-01-23,3.450000047683716,3.450000047683716,3.549999952316284,3.450000047683716,3.549999952316284,1200.0
2024-01-24,3.5,3.5,3.515000104904175,3.3399999141693115,3.3399999141693115,1400.0
2024-01-25,3.0299999713897705,3.0299999713897705,3.259999990463257,3.0299999713897705,3.25,5100.0
2024-01-26,2.930000066757202,2.930000066757202,3.0160000324249268,2.5399999618530273,2.5399999618530273,1400.0
2024-01-29,2.8980000019073486,2.8980000019073486,2.930000066757202,2.7909998893737793,2.809999942779541,1200.0
2024-01-30,2.7799999713897705,2.7799999713897705,2.869999885559082,2.7300000190734863,2.869999885559082,2200.0
2024-01-31,3.0,3.0,3.0,2.799999952316284,2.799999952316284,1500.0
2024-02-01,2.944999933242798,2.944999933242798,2.944999933242798,2.859999895095825,2.859999895095825,1000.0
2024-02-02,2.7950000762939453,2.7950000762939453,3.0,2.7769999504089355,3.0,3200.0
2024-02-05,2.819999933242798,2.819999933242798,2.9749999046325684,2.7899999618530273,2.812999963760376,5200.0
2024-02-06,2.796999931335449,2.796999931335449,2.796999931335449,2.6449999809265137,2.6449999809265137,800.0
2024-02-07,2.799999952316284,2.799999952316284,2.799999952316284,2.7260000705718994,2.7260000705718994,1000.0
2024-02-08,3.940000057220459,3.940000057220459,3.940000057220459,2.7829999923706055,2.8399999141693115,10000.0
2024-02-09,3.6600000858306885,3.6600000858306885,4.0,3.559999942779541,4.0,3300.0
2024-02-12,3.6600000858306885,3.6600000858306885,3.6600000858306885,3.6600000858306885,3.6600000858306885,300.0
2024-02-13,3.1649999618530273,3.1649999618530273,3.4600000381469727,3.119999885559082,3.4600000381469727,2000.0
2024-02-14,2.880000114440918,2.880000114440918,3.055999994277954,2.880000114440918,3.055999994277954,1500.0
2024-02-15,2.8910000324249268,2.8910000324249268,2.8910000324249268,2.8910000324249268,2.8910000324249268,600.0
2024-02-16,2.8989999294281006,2.8989999294281006,2.9000000953674316,2.8989999294281006,2.9000000953674316,600.0
2024-02-20,2.859999895095825,2.859999895095825,2.859999895095825,2.859999895095825,2.859999895095825,1700.0
2024-02-21,2.8499999046325684,2.8499999046325684,2.9110000133514404,2.8499999046325684,2.8519999980926514,1900.0
2024-02-22,3.1500000953674316,3.1500000953674316,3.5399999618530273,2.859999895095825,2.859999895095825,7200.0
2024-02-23,2.9149999618530273,2.9149999618530273,3.700000047683716,2.859999895095825,3.700000047683716,4000.0
2024-02-26,2.9000000953674316,2.9000000953674316,3.4100000858306885,2.7100000381469727,2.7100000381469727,7700.0
2024-02-27,2.930000066757202,2.930000066757202,2.990000009536743,2.9000000953674316,2.944999933242798,4600.0
2024-02-28,3.109999895095825,3.109999895095825,3.180999994277954,2.990000009536743,3.0,4900.0
2024-02-29,3.0,3.0,3.0999999046325684,3.0,3.0999999046325684,1500.0
2024-03-01,3.1649999618530273,3.1649999618530273,3.1649999618530273,3.009999990463257,3.1500000953674316,2000.0
2024-03-04,3.200000047683716,3.200000047683716,3.440000057220459,3.068000078201294,3.4240000247955322,1600.0
2024-03-05,2.8980000019073486,2.8980000019073486,3.0,2.8980000019073486,3.0,1800.0
2024-03-06,2.799999952316284,2.799999952316284,2.890000104904175,2.700000047683716,2.75,2600.0
2024-03-07,3.0999999046325684,3.0999999046325684,3.1480000019073486,2.9000000953674316,2.9000000953674316,1900.0
2024-03-08,3.130000114440918,3.130000114440918,3.4100000858306885,3.0350000858306885,3.0350000858306885,2000.0
2024-03-11,3.1019999980926514,3.1019999980926514,3.299999952316284,3.1019999980926514,3.299999952316284,800.0
2024-03-12,3.0,3.0,3.0,2.799999952316284,2.799999952316284,1700.0
2024-03-13,3.009999990463257,3.009999990463257,3.0859999656677246,3.009999990463257,3.049999952316284,900.0
2024-03-14,3.359999895095825,3.359999895095825,3.380000114440918,3.0999999046325684,3.0999999046325684,1400.0
2024-03-15,3.25,3.25,3.359999895095825,3.0999999046325684,3.359999895095825,1000.0
2024-03-18,3.200000047683716,3.200000047683716,3.200000047683716,2.880000114440918,2.880000114440918,4100.0
2024-03-19,3.0999999046325684,3.0999999046325684,3.2200000286102295,3.0999999046325684,3.2200000286102295,500.0
2024-03-20,3.299999952316284,3.299999952316284,3.299999952316284,2.9200000762939453,2.9200000762939453,1300.0
2024-03-21,3.200000047683716,3.200000047683716,3.25,3.0299999713897705,3.0299999713897705,1600.0
2024-03-22,3.049999952316284,3.049999952316284,3.2699999809265137,3.049999952316284,3.2699999809265137,500.0
2024-03-25,3.0299999713897705,3.0299999713897705,3.0299999713897705,3.0299999713897705,3.0299999713897705,300.0
2024-03-26,3.0799999237060547,3.0799999237060547,3.0799999237060547,3.0799999237060547,3.0799999237060547,600.0
2024-03-27,3.0799999237060547,3.0799999237060547,3.0829999446868896,2.9200000762939453,3.049999952316284,1000.0
2024-03-28,3.200000047683716,3.200000047683716,3.450000047683716,3.200000047683716,3.200000047683716,18600.0
2024-04-01,3.069999933242798,3.069999933242798,3.319999933242798,3.069999933242798,3.319999933242798,1400.0
2024-04-02,3.1600000858306885,3.1600000858306885,3.1600000858306885,3.059999942779541,3.065000057220459,1700.0
2024-04-03,3.1600000858306885,3.1600000858306885,3.1600000858306885,3.1600000858306885,3.1600000858306885,0.0
2024-04-04,3.390000104904175,3.390000104904175,3.9800000190734863,3.390000104904175,3.4700000286102295,2900.0
2024-04-05,3.299999952316284,3.299999952316284,3.299999952316284,3.299999952316284,3.299999952316284,500.0
2024-04-08,3.200000047683716,3.200000047683716,3.200000047683716,2.9100000858306885,3.200000047683716,1400.0
2024-04-09,3.009999990463257,3.009999990463257,3.299999952316284,3.009999990463257,3.0999999046325684,22300.0
2024-04-10,3.0999999046325684,3.0999999046325684,3.0999999046325684,2.799999952316284,3.0,2300.0
2024-04-11,3.049999952316284,3.049999952316284,3.1070001125335693,2.799999952316284,2.9549999237060547,4100.0
2024-04-12,3.369999885559082,3.369999885559082,3.5480000972747803,3.0,3.0,14200.0
2024-04-15,3.319999933242798,3.319999933242798,3.5,3.319999933242798,3.5,2400.0
2024-04-16,3.180000066757202,3.180000066757202,3.4509999752044678,3.180000066757202,3.2799999713897705,500.0
2024-04-17,3.2179999351501465,3.2179999351501465,3.4539999961853027,3.2179999351501465,3.4539999961853027,400.0
2024-04-18,3.2179999351501465,3.2179999351501465,3.2179999351501465,3.2179999351501465,3.2179999351501465,0.0
2024-04-19,3.5,3.5,3.5,3.1500000953674316,3.325000047683716,3300.0
2024-04-22,3.049999952316284,3.049999952316284,3.2100000381469727,2.9100000858306885,3.2100000381469727,3500.0
2024-04-23,3.049999952316284,3.049999952316284,3.049999952316284,3.049999952316284,3.049999952316284,0.0
2024-04-24,2.7699999809265137,2.7699999809265137,2.7699999809265137,2.7699999809265137,2.7699999809265137,700.0
2024-04-25,3.0399999618530273,3.0399999618530273,3.0399999618530273,2.869999885559082,2.869999885559082,400.0
2024-04-26,2.930000066757202,2.930000066757202,2.930000066757202,2.930000066757202,2.930000066757202,300.0
2024-04-29,3.0799999237060547,3.0799999237060547,3.190999984741211,3.0799999237060547,3.0999999046325684,1500.0
2024-04-30,2.8299999237060547,2.8299999237060547,2.8299999237060547,2.7699999809265137,2.7699999809265137,1700.0
2024-05-01,3.0399999618530273,3.0399999618530273,3.200000047683716,3.0399999618530273,3.200000047683716,600.0
2024-05-02,2.819999933242798,2.819999933242798,3.0,2.799999952316284,3.0,2300.0
2024-05-03,2.9549999237060547,2.9549999237060547,3.130000114440918,2.700000047683716,2.799999952316284,1700.0
2024-05-06,2.8399999141693115,2.8399999141693115,2.8399999141693115,2.8399999141693115,2.8399999141693115,500.0
2024-05-07,2.8399999141693115,2.8399999141693115,2.9749999046325684,2.799999952316284,2.9749999046325684,1100.0
2024-05-08,2.868000030517578,2.868000030517578,3.109999895095825,2.799999952316284,2.799999952316284,600.0
2024-05-09,3.0,3.0,3.0,3.0,3.0,500.0
2024-05-10,3.1500000953674316,3.1500000953674316,3.1500000953674316,3.1500000953674316,3.1500000953674316,400.0
2024-05-13,3.1500000953674316,3.1500000953674316,3.1500000953674316,3.1500000953674316,3.1500000953674316,0.0
2024-05-14,2.880000114440918,2.880000114440918,2.880000114440918,2.8499999046325684,2.8499999046325684,700.0
2024-05-15,2.880000114440918,2.880000114440918,2.880000114440918,2.880000114440918,2.880000114440918,300.0
2024-05-16,2.8499999046325684,2.8499999046325684,3.072000026702881,2.8499999046325684,3.072000026702881,1100.0
2024-05-17,2.8499999046325684,2.8499999046325684,2.8499999046325684,2.8499999046325684,2.8499999046325684,1400.0
2024-05-20,2.7980000972747803,2.7980000972747803,2.7980000972747803,2.7980000972747803,2.7980000972747803,200.0
2024-05-21,2.5999999046325684,2.5999999046325684,2.7100000381469727,2.5999999046325684,2.7100000381469727,600.0
2024-05-22,2.7100000381469727,2.7100000381469727,2.9800000190734863,2.6700000762939453,2.6700000762939453,1500.0
2024-05-23,2.9600000381469727,2.9600000381469727,2.9600000381469727,2.9600000381469727,2.9600000381469727,400.0
2024-05-24,2.9600000381469727,2.9600000381469727,2.9600000381469727,2.9600000381469727,2.9600000381469727,0.0
2024-05-28,2.75,2.75,2.759999990463257,2.75,2.759999990463257,1000.0
2024-05-29,2.75,2.75,2.75,2.75,2.75,500.0
2024-05-30,2.75,2.75,2.9670000076293945,2.75,2.9670000076293945,600.0
2024-05-31,2.6700000762939453,2.6700000762939453,2.6700000762939453,2.6700000762939453,2.6700000762939453,400.0
2024-06-03,2.7699999809265137,2.7699999809265137,2.7699999809265137,2.7699999809265137,2.7699999809265137,900.0
2024-06-04,2.7699999809265137,2.7699999809265137,2.7699999809265137,2.7699999809265137,2.7699999809265137,300.0
2024-06-05,2.7699999809265137,2.7699999809265137,2.7699999809265137,2.7699999809265137,2.7699999809265137,0.0
2024-06-06,2.6500000953674316,2.6500000953674316,2.6500000953674316,2.6500000953674316,2.6500000953674316,300.0
2024-06-07,2.549999952316284,2.549999952316284,2.6559998989105225,2.5,2.6559998989105225,1100.0
2024-06-10,2.2669999599456787,2.2669999599456787,2.5799999237060547,2.0,2.549999952316284,8200.0
2024-06-11,2.2699999809265137,2.2699999809265137,2.2699999809265137,2.2699999809265137,2.2699999809265137,1500.0
2024-06-12,2.2699999809265137,2.2699999809265137,2.2699999809265137,2.2699999809265137,2.2699999809265137,0.0
2024-06-13,2.109999895095825,2.109999895095825,2.109999895095825,1.9600000381469727,1.9600000381469727,1400.0
2024-06-14,2.7160000801086426,2.7160000801086426,2.9700000286102295,2.4200000762939453,2.450000047683716,6900.0
2024-06-17,2.7880001068115234,2.7880001068115234,2.950000047683716,2.7200000286102295,2.740000009536743,8600.0
2024-06-18,2.2100000381469727,2.2100000381469727,3.0899999141693115,2.180999994277954,2.8499999046325684,13600.0
2024-06-20,2.2799999713897705,2.2799999713897705,2.549999952316284,1.899999976158142,2.190000057220459,29400.0
2024-06-21,2.690000057220459,2.690000057220459,2.700000047683716,1.9199999570846558,2.059999942779541,19200.0
2024-06-24,2.869999885559082,2.869999885559082,2.9200000762939453,2.5,2.559999942779541,12100.0
2024-06-25,2.7200000286102295,2.7200000286102295,2.819999933242798,2.2839999198913574,2.759999990463257,2800.0
2024-06-26,2.4800000190734863,2.4800000190734863,2.930000066757202,2.25,2.440000057220459,21200.0
2024-06-27,2.1500000953674316,2.1500000953674316,2.430000066757202,2.125,2.319999933242798,10500.0
2024-06-28,2.299999952316284,2.299999952316284,2.299999952316284,2.1050000190734863,2.200000047683716,4400.0
2024-07-01,2.299999952316284,2.299999952316284,2.299999952316284,2.0399999618530273,2.119999885559082,4900.0
2024-07-02,2.325000047683716,2.325000047683716,2.325000047683716,2.1600000858306885,2.2899999618530273,2800.0
2024-07-03,2.255000114440918,2.255000114440918,2.4800000190734863,2.25,2.319999933242798,3600.0
2024-07-05,2.049999952316284,2.049999952316284,2.4000000953674316,2.049999952316284,2.190000057220459,3600.0
2024-07-08,2.25,2.25,2.25,2.0799999237060547,2.0799999237060547,4700.0
2024-07-09,2.299999952316284,2.299999952316284,2.3399999141693115,2.2920000553131104,2.299999952316284,1300.0
2024-07-10,3.809999942779541,3.809999942779541,3.809999942779541,2.240000009536743,2.3350000381469727,18900.0
2024-07-11,3.380000114440918,3.380000114440918,3.940000057220459,3.200000047683716,3.7799999713897705,38300.0
2024-07-12,3.319999933242798,3.319999933242798,3.680000066757202,3.309999942779541,3.430000066757202,4500.0
2024-07-15,2.9200000762939453,2.9200000762939453,3.2300000190734863,2.9200000762939453,3.2300000190734863,3300.0
2024-07-16,2.950000047683716,2.950000047683716,3.2899999618530273,2.950000047683716,3.0299999713897705,1800.0
2024-07-17,3.069999933242798,3.069999933242798,3.9200000762939453,2.5,2.5,18400.0
2024-07-18,2.9200000762939453,2.9200000762939453,3.7300000190734863,2.9200000762939453,3.130000114440918,5500.0
2024-07-19,3.309999942779541,3.309999942779541,3.5199999809265137,2.7799999713897705,2.9600000381469727,17500.0
2024-07-22,3.3499999046325684,3.3499999046325684,3.6600000858306885,3.240000009536743,3.5999999046325684,6400.0
2024-07-23,3.0999999046325684,3.0999999046325684,3.2699999809265137,3.0999999046325684,3.2699999809265137,1100.0
2024-07-24,3.2799999713897705,3.2799999713897705,3.5,3.119999885559082,3.259999990463257,6700.0
2024-07-25,3.2899999618530273,3.2899999618530273,3.5999999046325684,3.130000114440918,3.2799999713897705,5000.0
2024-07-26,3.119999885559082,3.119999885559082,3.609999895095825,2.990000009536743,3.309999942779541,15200.0
2024-07-29,3.3399999141693115,3.3399999141693115,3.3929998874664307,2.890000104904175,3.140000104904175,8100.0
2024-07-30,3.3949999809265137,3.3949999809265137,3.5810000896453857,3.3949999809265137,3.490000009536743,1300.0
2024-07-31,3.5799999237060547,3.5799999237060547,3.75,3.25,3.5399999618530273,10100.0
2024-08-01,3.3499999046325684,3.3499999046325684,3.3499999046325684,3.3499999046325684,3.3499999046325684,500.0
2024-08-02,3.869999885559082,3.869999885559082,3.869999885559082,3.5950000286102295,3.6500000953674316,3400.0
2024-08-05,3.299999952316284,3.299999952316284,3.684999942779541,3.109999895095825,3.6600000858306885,9300.0
2024-08-06,3.049999952316284,3.049999952316284,3.25,2.934999942779541,3.200000047683716,3200.0
2024-08-07,3.0179998874664307,3.0179998874664307,3.309999942779541,2.884999990463257,2.884999990463257,6100.0
2024-08-08,3.0199999809265137,3.0199999809265137,3.390000104904175,2.75,3.25,25900.0
2024-08-09,2.811000108718872,2.811000108718872,2.880000114440918,2.811000108718872,2.880000114440918,1100.0
2024-08-12,3.0,3.0,3.0,2.9600000381469727,2.9600000381469727,1100.0
2024-08-13,3.0999999046325684,3.0999999046325684,3.109999895095825,3.049999952316284,3.0799999237060547,1600.0
2024-08-14,3.0999999046325684,3.0999999046325684,3.0999999046325684,3.0999999046325684,3.0999999046325684,0.0
2024-08-15,2.890000104904175,2.890000104904175,2.890000104904175,2.890000104904175,2.890000104904175,600.0
2024-08-16,2.509999990463257,2.509999990463257,2.8450000286102295,2.509999990463257,2.8450000286102295,2400.0
2024-08-19,2.5999999046325684,2.5999999046325684,3.0360000133514404,2.5299999713897705,2.7699999809265137,2200.0
2024-08-20,2.7799999713897705,2.7799999713897705,2.950000047683716,2.619999885559082,2.940000057220459,3300.0
2024-08-21,2.5999999046325684,2.5999999046325684,2.7950000762939453,2.569999933242798,2.7950000762939453,3900.0
2024-08-22,2.5999999046325684,2.5999999046325684,2.5999999046325684,2.5999999046325684,2.5999999046325684,0.0
2024-08-23,2.930000066757202,2.930000066757202,3.0,2.759999990463257,3.0,700.0
2024-08-26,2.880000114440918,2.880000114440918,2.9600000381469727,2.880000114440918,2.9600000381469727,1300.0
2024-08-27,2.75,2.75,2.8299999237060547,2.490000009536743,2.8299999237060547,8700.0
2024-08-28,2.569999933242798,2.569999933242798,3.25,2.569999933242798,2.9800000190734863,8600.0
2024-08-29,3.1500000953674316,3.1500000953674316,3.1500000953674316,2.759999990463257,2.799999952316284,1400.0
2024-08-30,2.930000066757202,2.930000066757202,2.930000066757202,2.930000066757202,2.930000066757202,300.0
2024-09-03,2.875,2.875,3.0,2.7100000381469727,2.7699999809265137,2500.0
2024-09-04,2.989000082015991,2.989000082015991,2.989000082015991,2.75,2.75,400.0
2024-09-05,3.049999952316284,3.049999952316284,3.1500000953674316,2.9549999237060547,3.1500000953674316,1800.0
2024-09-06,2.930000066757202,2.930000066757202,2.930000066757202,2.930000066757202,2.930000066757202,400.0
2024-09-09,3.0999999046325684,3.0999999046325684,3.0999999046325684,2.8959999084472656,2.9000000953674316,3900.0
2024-09-10,2.75,2.75,2.859999895095825,2.75,2.859999895095825,2400.0
2024-09-11,3.005000114440918,3.005000114440918,3.1110000610351562,2.759999990463257,2.759999990463257,6500.0
2024-09-12,3.1619999408721924,3.1619999408721924,3.1619999408721924,2.9000000953674316,2.930000066757202,1300.0
2024-09-13,2.9000000953674316,2.9000000953674316,3.0,2.875,2.9200000762939453,900.0
2024-09-16,3.0,3.0,3.0,2.799999952316284,2.799999952316284,1500.0
2024-09-17,2.930000066757202,2.930000066757202,3.0250000953674316,2.8499999046325684,3.0,4000.0
2024-09-18,2.809999942779541,2.809999942779541,2.930000066757202,2.805000066757202,2.930000066757202,3500.0
2024-09-19,2.8299999237060547,2.8299999237060547,2.8299999237060547,2.809999942779541,2.809999942779541,2200.0
2024-09-20,2.930000066757202,2.930000066757202,2.950000047683716,2.809999942779541,2.9049999713897705,3400.0
2024-09-23,2.75,2.75,2.940000057220459,2.75,2.9200000762939453,7900.0
2024-09-24,2.869999885559082,2.869999885559082,2.880000114440918,2.740000009536743,2.740000009536743,2100.0
2024-09-25,2.75,2.75,2.9000000953674316,2.740000009536743,2.740000009536743,6200.0
2024-09-26,2.700000047683716,2.700000047683716,2.8499999046325684,2.5,2.700000047683716,16900.0
2024-09-27,2.615000009536743,2.615000009536743,2.746000051498413,2.509999990463257,2.6500000953674316,10100.0
2024-09-30,2.5899999141693115,2.5899999141693115,2.8499999046325684,2.5,2.7249999046325684,9600.0
2024-10-01,2.5199999809265137,2.5199999809265137,2.5199999809265137,2.5199999809265137,2.5199999809265137,200.0
2024-10-02,2.509999990463257,2.509999990463257,2.7300000190734863,2.5,2.549999952316284,7400.0
2024-10-03,2.509999990463257,2.509999990463257,2.697999954223633,2.509999990463257,2.697999954223633,1500.0
2024-10-04,2.430000066757202,2.430000066757202,2.625,2.430000066757202,2.625,1400.0
2024-10-07,2.5,2.5,2.7869999408721924,2.3489999771118164,2.4000000953674316,21300.0
2024-10-08,2.6500000953674316,2.6500000953674316,2.930000066757202,2.5999999046325684,2.619999885559082,14700.0
2024-10-09,2.5999999046325684,2.5999999046325684,2.6500000953674316,2.5850000381469727,2.6500000953674316,1300.0
2024-10-10,2.555000066757202,2.555000066757202,2.700000047683716,2.5199999809265137,2.5399999618530273,8300.0
2024-10-11,2.5490000247955322,2.5490000247955322,2.700000047683716,2.5220000743865967,2.5220000743865967,2600.0
2024-10-14,2.4000000953674316,2.4000000953674316,2.5999999046325684,2.390000104904175,2.5799999237060547,5300.0
2024-10-15,2.430000066757202,2.430000066757202,2.5850000381469727,2.430000066757202,2.5850000381469727,600.0
2024-10-16,2.5199999809265137,2.5199999809265137,2.700000047683716,2.440000057220459,2.5999999046325684,15200.0
2024-10-17,2.4000000953674316,2.4000000953674316,2.4749999046325684,2.2899999618530273,2.440000057220459,28300.0
2024-10-18,2.5,2.5,2.765000104904175,2.3499999046325684,2.5299999713897705,20500.0
2024-10-21,2.9100000858306885,2.9100000858306885,2.9100000858306885,2.3499999046325684,2.3499999046325684,24200.0
2024-10-22,2.8399999141693115,2.8399999141693115,3.0399999618530273,2.805000066757202,2.990000009536743,12400.0
2024-10-23,2.869999885559082,2.869999885559082,3.0,2.7100000381469727,2.8499999046325684,19600.0
2024-10-24,3.0,3.0,3.0799999237060547,2.799999952316284,2.8499999046325684,9600.0
2024-10-25,3.0299999713897705,3.0299999713897705,3.1740000247955322,3.0,3.0999999046325684,20300.0
2024-10-28,3.1600000858306885,3.1600000858306885,3.1600000858306885,3.0450000762939453,3.0450000762939453,1300.0
2024-10-29,3.0399999618530273,3.0399999618530273,4.130000114440918,3.0350000858306885,3.180000066757202,104900.0
2024-10-30,3.0,3.0,3.4700000286102295,2.9700000286102295,3.2699999809265137,62000.0
2024-10-31,2.890000104904175,2.890000104904175,3.390000104904175,2.640000104904175,3.390000104904175,53100.0
2024-11-01,2.950000047683716,2.950000047683716,3.740000009536743,2.878000020980835,3.430000066757202,124900.0
2024-11-04,2.635999917984009,2.635999917984009,3.1500000953674316,2.319999933242798,2.990000009536743,96600.0
2024-11-05,2.7690000534057617,2.7690000534057617,2.990000009536743,2.6419999599456787,2.799999952316284,38000.0
2024-11-06,2.5999999046325684,2.5999999046325684,2.7899999618530273,2.5999999046325684,2.7899999618530273,24400.0
2024-11-07,2.4700000286102295,2.4700000286102295,2.799999952316284,2.450000047683716,2.799999952316284,14300.0
2024-11-08,2.5299999713897705,2.5299999713897705,2.7799999713897705,2.5,2.549999952316284,11700.0
2024-11-11,2.569999933242798,2.569999933242798,2.759999990463257,2.4709999561309814,2.759999990463257,10400.0
2024-11-12,1.968999981880188,1.968999981880188,2.630000114440918,1.7100000381469727,2.5,71600.0
2024-11-13,1.7999999523162842,1.7999999523162842,2.009999990463257,1.7699999809265137,1.9299999475479126,52400.0
2024-11-14,1.7699999809265137,1.7699999809265137,1.8300000429153442,1.7100000381469727,1.8200000524520874,28100.0
2024-11-15,2.5799999237060547,2.5799999237060547,3.0,1.7599999904632568,1.7699999809265137,11977000.0
2024-11-18,2.0899999141693115,2.0899999141693115,2.5299999713897705,2.0,2.259999990463257,450400.0
2024-11-19,1.7599999904632568,1.7599999904632568,2.2200000286102295,1.7300000190734863,2.119999885559082,114100.0
2024-11-20,2.0899999141693115,2.0899999141693115,2.2699999809265137,1.7799999713897705,1.7799999713897705,139200.0
2024-11-21,1.4199999570846558,1.4199999570846558,2.009999990463257,1.4199999570846558,1.9800000190734863,696900.0
2024-11-22,1.4299999475479126,1.4299999475479126,1.5479999780654907,1.2699999809265137,1.4199999570846558,79600.0
2024-11-25,1.4500000476837158,1.4500000476837158,1.590000033378601,1.440000057220459,1.590000033378601,109400.0
2024-11-26,1.3600000143051147,1.3600000143051147,1.4700000286102295,1.3300000429153442,1.4500000476837158,155800.0
2024-11-27,2.1600000858306885,2.1600000858306885,2.3399999141693115,1.7200000286102295,2.1500000953674316,29939400.0
2024-11-29,2.200000047683716,2.200000047683716,2.3299999237060547,2.0299999713897705,2.140000104904175,985100.0
2024-12-02,2.3399999141693115,2.3399999141693115,2.380000114440918,2.0999999046325684,2.1600000858306885,386100.0
2024-12-03,1.6100000143051147,1.6100000143051147,2.259999990463257,1.5700000524520874,2.200000047683716,376600.0
2024-12-04,6.349999904632568,6.349999904632568,9.470000267028809,4.610000133514404,5.159999847412109,141930500.0
2024-12-05,5.320000171661377,5.320000171661377,5.699999809265137,4.550000190734863,4.6620001792907715,3418700.0
2024-12-06,3.5999999046325684,3.5999999046325684,5.5,3.3299999237060547,5.349999904632568,1031900.0
2024-12-09,4.050000190734863,4.050000190734863,4.920000076293945,3.677000045776367,3.7100000381469727,875200.0
2024-12-10,4.170000076293945,4.170000076293945,5.25,4.119999885559082,4.5,670000.0
2024-12-11,3.700000047683716,3.700000047683716,4.5,3.631999969482422,4.269999980926514,352200.0
2024-12-12,3.569999933242798,3.569999933242798,3.759999990463257,3.4509999752044678,3.5299999713897705,126700.0
2024-12-13,3.430000066757202,3.430000066757202,3.559999942779541,3.109999895095825,3.4700000286102295,83400.0
2024-12-16,3.5299999713897705,3.5299999713897705,3.7899999618530273,3.259999990463257,3.259999990463257,186800.0
2024-12-17,3.2799999713897705,3.2799999713897705,3.513000011444092,3.1500000953674316,3.490000009536743,188400.0
2024-12-18,2.8450000286102295,2.8450000286102295,3.5989999771118164,2.799999952316284,3.2100000381469727,612700.0
2024-12-19,2.950000047683716,2.950000047683716,3.119999885559082,2.809999942779541,3.0,134800.0
2024-12-20,3.190000057220459,3.190000057220459,3.430000066757202,2.8350000381469727,3.0299999713897705,269600.0
2024-12-23,3.200000047683716,3.200000047683716,3.4100000858306885,3.0,3.240000009536743,251800.0
2024-12-24,3.2899999618530273,3.2899999618530273,3.4200000762939453,3.010999917984009,3.119999885559082,88900.0
2024-12-26,3.319999933242798,3.319999933242798,3.4800000190734863,3.1500000953674316,3.2300000190734863,87500.0
2024-12-27,3.299999952316284,3.299999952316284,3.559999942779541,3.2100000381469727,3.549999952316284,100100.0
2024-12-30,3.450000047683716,3.450000047683716,3.6670000553131104,3.130000114440918,3.180000066757202,47700.0
2024-12-31,3.2200000286102295,3.2200000286102295,3.5,3.2100000381469727,3.4100000858306885,48000.0
2025-01-02,3.2899999618530273,3.2899999618530273,3.4860000610351562,3.1500000953674316,3.1500000953674316,49500.0
2025-01-03,3.2200000286102295,3.2200000286102295,3.4000000953674316,3.200000047683716,3.2699999809265137,44500.0
2025-01-06,3.140000104904175,3.140000104904175,3.4660000801086426,3.069999933242798,3.309999942779541,127000.0
2025-01-07,3.25,3.25,3.4000000953674316,3.140000104904175,3.1500000953674316,66300.0
2025-01-08,3.240000009536743,3.240000009536743,3.3510000705718994,3.0899999141693115,3.2200000286102295,43900.0
2025-01-10,3.2899999618530273,3.2899999618530273,3.309999942779541,3.052999973297119,3.069999933242798,34300.0
2025-01-13,3.2300000190734863,3.2300000190734863,3.4000000953674316,3.059999942779541,3.4000000953674316,55400.0
2025-01-14,2.9200000762939453,2.9200000762939453,3.328000068664551,2.880000114440918,3.2899999618530273,269200.0
2025-01-15,3.009999990463257,3.009999990463257,3.0999999046325684,2.9100000858306885,3.0,41500.0
2025-01-16,2.9100000858306885,2.9100000858306885,3.121000051498413,2.799999952316284,3.0399999618530273,32500.0
2025-01-17,2.990000009536743,2.990000009536743,3.1989998817443848,2.924999952316284,3.009999990463257,12400.0
2025-01-21,2.9000000953674316,2.9000000953674316,3.0899999141693115,2.8499999046325684,2.9200000762939453,52400.0
2025-01-22,2.950000047683716,2.950000047683716,2.990000009536743,2.809999942779541,2.809999942779541,23000.0
2025-01-23,2.9149999618530273,2.9149999618530273,3.0399999618530273,2.9000000953674316,2.990000009536743,33900.0
2025-01-24,2.680000066757202,2.680000066757202,2.9100000858306885,2.630000114440918,2.8499999046325684,64200.0
2025-01-27,2.7100000381469727,2.7100000381469727,2.943000078201294,2.5999999046325684,2.943000078201294,24100.0
2025-01-28,2.450000047683716,2.450000047683716,2.6500000953674316,2.3499999046325684,2.630000114440918,40700.0
2025-01-29,2.369999885559082,2.369999885559082,2.559000015258789,2.299999952316284,2.4100000858306885,8800.0
2025-01-30,2.5399999618530273,2.5399999618530273,2.630000114440918,2.299999952316284,2.299999952316284,605800.0
2025-01-31,3.9200000762939453,3.9200000762939453,4.46999979019165,3.0399999618530273,3.3399999141693115,82574100.0
2025-02-03,5.320000171661377,5.320000171661377,6.25,3.930000066757202,4.019999980926514,29427000.0
2025-02-04,4.190000057220459,4.190000057220459,5.547999858856201,4.170000076293945,5.510000228881836,1302400.0
2025-02-05,4.480000019073486,4.480000019073486,5.179900169372559,4.050000190734863,4.239999771118164,443512.0
