Date,Adj Close,Close,High,Low,Open,Volume
2010-05-26,16.470088958740234,24.770000457763672,25.389999389648438,24.709999084472656,24.860000610351562,310100.0
2010-05-27,17.420923233032227,26.200000762939453,26.280000686645508,25.489999771118164,25.809999465942383,823100.0
2010-05-28,17.154956817626953,25.799999237060547,26.239999771118164,25.799999237060547,26.239999771118164,320100.0
2010-06-01,16.716106414794922,25.139999389648438,26.139999389648438,25.139999389648438,25.450000762939453,47800.0
2010-06-02,17.307884216308594,26.030000686645508,26.030000686645508,25.420000076293945,25.549999237060547,319300.0
2010-06-03,17.154956817626953,25.799999237060547,26.270000457763672,25.540000915527344,26.270000457763672,216700.0
2010-06-04,15.665532112121582,23.559999465942383,24.299999237060547,23.559999465942383,23.959999084472656,44900.0
2010-06-07,15.559147834777832,23.399999618530273,23.8799991607666,23.399999618530273,23.799999237060547,13100.0
2010-06-08,15.878304481506348,23.8799991607666,24.139999389648438,23.75,23.75,15800.0
2010-06-09,15.924845695495605,23.950000762939453,24.610000610351562,23.90999984741211,24.25,54400.0
2010-06-10,16.8091983795166,25.280000686645508,25.389999389648438,24.860000610351562,24.93000030517578,20400.0
2010-06-11,16.44348907470703,24.729999542236328,24.979999542236328,24.729999542236328,24.809999465942383,36300.0
2010-06-14,16.835792541503906,25.31999969482422,25.950000762939453,25.31999969482422,25.600000381469727,8900.0
2010-06-15,17.467470169067383,26.270000457763672,26.270000457763672,25.709999084472656,25.709999084472656,5400.0
2010-06-16,17.361082077026367,26.110000610351562,26.110000610351562,25.559999465942383,25.639999389648438,31300.0
2010-06-17,17.008676528930664,25.579999923706055,25.8700008392334,25.399999618530273,25.81999969482422,6900.0
2010-06-18,17.22809410095215,25.90999984741211,25.920000076293945,25.350000381469727,25.350000381469727,15400.0
2010-06-21,17.081815719604492,25.690000534057617,26.260000228881836,25.6299991607666,26.079999923706055,39300.0
2010-06-22,17.04191780090332,25.6299991607666,26.049999237060547,25.6299991607666,25.90999984741211,11600.0
2010-06-23,16.994394302368164,25.389999389648438,25.5,24.709999084472656,25.280000686645508,56700.0
2010-06-24,16.566022872924805,24.75,25.100000381469727,24.729999542236328,24.899999618530273,12000.0
2010-06-25,16.92746353149414,25.290000915527344,25.34000015258789,25.020000457763672,25.020000457763672,9800.0
2010-06-28,16.793601989746094,25.09000015258789,25.09000015258789,24.790000915527344,24.850000381469727,16100.0
2010-06-29,15.903383255004883,23.760000228881836,24.030000686645508,23.6299991607666,24.030000686645508,96400.0
2010-06-30,16.023862838745117,23.940000534057617,24.239999771118164,23.809999465942383,23.8799991607666,3100.0
2010-07-01,16.33175277709961,24.399999618530273,24.399999618530273,23.969999313354492,24.260000228881836,27300.0
2010-07-02,16.41876983642578,24.530000686645508,24.940000534057617,24.530000686645508,24.940000534057617,9200.0
2010-07-06,16.89399528503418,25.239999771118164,25.709999084472656,25.229999542236328,25.40999984741211,12000.0
2010-07-07,17.436159133911133,26.049999237060547,26.100000381469727,25.520000457763672,25.559999465942383,34900.0
2010-07-08,17.228660583496094,25.739999771118164,26.079999923706055,25.549999237060547,26.079999923706055,33300.0
2010-07-09,17.44954490661621,26.06999969482422,26.079999923706055,25.6299991607666,25.670000076293945,133400.0
2010-07-12,17.476316452026367,26.110000610351562,26.1299991607666,25.969999313354492,26.030000686645508,2300.0
2010-07-13,17.75743865966797,26.530000686645508,26.579999923706055,26.43000030517578,26.530000686645508,13100.0
2010-07-14,17.897998809814453,26.739999771118164,26.979999542236328,26.68000030517578,26.700000762939453,129900.0
2010-07-15,18.31298065185547,27.360000610351562,27.360000610351562,26.84000015258789,27.1200008392334,55700.0
2010-07-16,17.697195053100586,26.440000534057617,27.040000915527344,26.43000030517578,27.040000915527344,42600.0
2010-07-19,17.837757110595703,26.649999618530273,26.809999465942383,26.510000228881836,26.520000457763672,52600.0
2010-07-20,17.985010147094727,26.8700008392334,26.889999389648438,26.200000762939453,26.25,24300.0
2010-07-21,17.623571395874023,26.329999923706055,26.8700008392334,26.260000228881836,26.709999084472656,35800.0
2010-07-22,18.41338539123535,27.510000228881836,27.670000076293945,27.15999984741211,27.15999984741211,15800.0
2010-07-23,18.821680068969727,28.1200008392334,28.139999389648438,27.5,27.5,33500.0
2010-07-26,19.290210723876953,28.81999969482422,28.81999969482422,28.219999313354492,28.219999313354492,45300.0
2010-07-27,19.196500778198242,28.68000030517578,28.770000457763672,28.520000457763672,28.770000457763672,25900.0
2010-07-28,19.049257278442383,28.459999084472656,28.65999984741211,28.350000381469727,28.65999984741211,20200.0
2010-07-29,19.216583251953125,28.709999084472656,29.100000381469727,28.479999542236328,29.0,111100.0
2010-07-30,19.28352165222168,28.809999465942383,28.809999465942383,28.31999969482422,28.3700008392334,28900.0
2010-08-02,20.066638946533203,29.979999542236328,29.979999542236328,29.540000915527344,29.600000381469727,12400.0
2010-08-03,19.99970817565918,29.8799991607666,30.0,29.559999465942383,29.899999618530273,29800.0
2010-08-04,19.97962760925293,29.850000381469727,29.989999771118164,29.68000030517578,29.8799991607666,10100.0
2010-08-05,19.919384002685547,29.760000228881836,29.889999389648438,29.649999618530273,29.889999389648438,7000.0
2010-08-06,20.073331832885742,29.989999771118164,30.229999542236328,29.700000762939453,29.75,33300.0
2010-08-09,20.086721420288086,30.010000228881836,30.020000457763672,29.770000457763672,30.020000457763672,12700.0
2010-08-10,19.67173194885254,29.389999389648438,29.56999969482422,28.950000762939453,29.469999313354492,27900.0
2010-08-11,18.62757110595703,27.829999923706055,28.299999237060547,27.829999923706055,28.209999084472656,18300.0
2010-08-12,18.828371047973633,28.1299991607666,28.260000228881836,27.799999237060547,27.799999237060547,8000.0
2010-08-13,18.46693229675293,27.59000015258789,27.940000534057617,27.59000015258789,27.940000534057617,3300.0
2010-08-16,18.98232078552246,28.360000610351562,28.489999771118164,28.239999771118164,28.239999771118164,5700.0
2010-08-17,19.36383819580078,28.93000030517578,29.1200008392334,28.639999389648438,28.8799991607666,36500.0
2010-08-18,19.296907424926758,28.829999923706055,28.989999771118164,28.6299991607666,28.68000030517578,15800.0
2010-08-19,18.781518936157227,28.059999465942383,28.5,27.93000030517578,28.5,25500.0
2010-08-20,18.61418342590332,27.809999465942383,27.809999465942383,27.530000686645508,27.600000381469727,51600.0
2010-08-23,18.386611938476562,27.469999313354492,27.8700008392334,27.450000762939453,27.81999969482422,9400.0
2010-08-24,18.205888748168945,27.200000762939453,27.290000915527344,27.010000228881836,27.1200008392334,19500.0
2010-08-25,18.259435653686523,27.280000686645508,27.280000686645508,26.760000228881836,26.760000228881836,5200.0
2010-08-26,18.132261276245117,27.09000015258789,27.489999771118164,27.09000015258789,27.3799991607666,2000.0
2010-08-27,18.781518936157227,28.059999465942383,28.059999465942383,27.299999237060547,27.34000015258789,15900.0
2010-08-30,18.078716278076172,27.010000228881836,27.709999084472656,27.010000228881836,27.709999084472656,22800.0
2010-08-31,18.292909622192383,27.329999923706055,27.75,27.329999923706055,27.5,26600.0
2010-09-01,18.902000427246094,28.239999771118164,28.270000457763672,27.790000915527344,27.790000915527344,19900.0
2010-09-02,19.04255485534668,28.450000762939453,28.450000762939453,28.170000076293945,28.239999771118164,8800.0
2010-09-03,19.33036994934082,28.8799991607666,28.90999984741211,28.65999984741211,28.65999984741211,6800.0
2010-09-07,18.948850631713867,28.309999465942383,28.540000915527344,28.290000915527344,28.520000457763672,8300.0
2010-09-08,19.43746566772461,29.040000915527344,29.25,28.670000076293945,28.670000076293945,6700.0
2010-09-09,19.404001235961914,28.989999771118164,29.329999923706055,28.989999771118164,29.329999923706055,2400.0
2010-09-10,19.457544326782227,29.06999969482422,29.100000381469727,28.920000076293945,28.920000076293945,6300.0
2010-09-13,19.93946647644043,29.790000915527344,29.889999389648438,29.610000610351562,29.65999984741211,8900.0
2010-09-14,20.18712043762207,30.15999984741211,30.219999313354492,29.65999984741211,29.65999984741211,55500.0
2010-09-15,20.126876831054688,30.06999969482422,30.139999389648438,29.770000457763672,29.770000457763672,10300.0
2010-09-16,20.2205867767334,30.209999084472656,30.209999084472656,29.989999771118164,29.989999771118164,41000.0
2010-09-17,20.133573532104492,30.079999923706055,30.1200008392334,29.979999542236328,29.979999542236328,15900.0
2010-09-20,20.43477439880371,30.530000686645508,30.530000686645508,30.229999542236328,30.299999237060547,11400.0
2010-09-21,20.84307289123535,31.139999389648438,31.170000076293945,30.670000076293945,31.010000228881836,11300.0
2010-09-22,21.05056381225586,31.450000762939453,31.540000915527344,31.290000915527344,31.479999542236328,11600.0
2010-09-23,20.548561096191406,30.700000762939453,31.139999389648438,30.690000534057617,30.950000762939453,7800.0
2010-09-24,21.318296432495117,31.850000381469727,31.8700008392334,31.3799991607666,31.3799991607666,25300.0
2010-09-27,21.271442413330078,31.780000686645508,31.899999618530273,31.6200008392334,31.690000534057617,12900.0
2010-09-28,21.271442413330078,31.780000686645508,31.850000381469727,31.200000762939453,31.360000610351562,26200.0
2010-09-29,21.284828186035156,31.799999237060547,31.959999084472656,31.649999618530273,31.690000534057617,7100.0
2010-09-30,21.51909637451172,32.150001525878906,32.220001220703125,31.770000457763672,32.099998474121094,19200.0
2010-10-01,22.047868728637695,32.939998626708984,32.970001220703125,32.61000061035156,32.619998931884766,18000.0
2010-10-04,21.773439407348633,32.529998779296875,32.81999969482422,32.369998931884766,32.599998474121094,24200.0
2010-10-05,22.489627838134766,33.599998474121094,33.689998626708984,33.15999984741211,33.16999816894531,75800.0
2010-10-06,22.523101806640625,33.650001525878906,33.84000015258789,33.41999816894531,33.54999923706055,43300.0
2010-10-07,22.215200424194336,33.189998626708984,33.91999816894531,32.7599983215332,33.91999816894531,39000.0
2010-10-08,22.25536346435547,33.25,33.34000015258789,33.0099983215332,33.09000015258789,14800.0
2010-10-11,22.262052536010742,33.2599983215332,33.459999084472656,33.16999816894531,33.459999084472656,20500.0
2010-10-12,22.38923454284668,33.45000076293945,33.59000015258789,32.900001525878906,33.2599983215332,32400.0
2010-10-13,23.112110137939453,34.529998779296875,34.720001220703125,34.02000045776367,34.150001525878906,14200.0
2010-10-14,23.152271270751953,34.59000015258789,34.7599983215332,34.36000061035156,34.630001068115234,27400.0
2010-10-15,23.01171112060547,34.380001068115234,34.70000076293945,34.040000915527344,34.70000076293945,20400.0
2010-10-18,22.904619216918945,34.220001220703125,34.31999969482422,34.0,34.09000015258789,14000.0
2010-10-19,21.739974975585938,32.47999954223633,33.08000183105469,32.40999984741211,33.08000183105469,36200.0
2010-10-20,22.409305572509766,33.47999954223633,33.66999816894531,32.7599983215332,32.7599983215332,45800.0
2010-10-21,22.308908462524414,33.33000183105469,33.849998474121094,33.08000183105469,33.7599983215332,51900.0
2010-10-22,22.436080932617188,33.52000045776367,33.54999923706055,33.310001373291016,33.45000076293945,12300.0
2010-10-25,22.663658142089844,33.86000061035156,34.33000183105469,33.84000015258789,34.290000915527344,31100.0
2010-10-26,22.583337783813477,33.7400016784668,33.77000045776367,33.4900016784668,33.709999084472656,9000.0
2010-10-27,22.44947052001953,33.540000915527344,33.650001525878906,33.2599983215332,33.650001525878906,16500.0
2010-10-28,22.610107421875,33.779998779296875,33.810001373291016,33.529998779296875,33.68000030517578,18500.0
2010-10-29,22.998323440551758,34.36000061035156,34.36000061035156,33.689998626708984,33.810001373291016,35400.0
2010-11-01,22.663658142089844,33.86000061035156,34.36000061035156,33.75,34.0099983215332,66100.0
2010-11-02,23.28614044189453,34.790000915527344,34.970001220703125,34.61000061035156,34.970001220703125,81400.0
2010-11-03,23.567258834838867,35.209999084472656,35.22999954223633,34.540000915527344,34.91999816894531,71000.0
2010-11-04,24.169652938842773,36.11000061035156,36.2599983215332,35.95000076293945,36.2599983215332,13000.0
2010-11-05,23.86176109313965,35.650001525878906,35.959999084472656,35.4900016784668,35.720001220703125,31300.0
2010-11-08,23.560569763183594,35.20000076293945,35.27000045776367,34.95000076293945,35.08000183105469,27000.0
2010-11-09,23.426700592041016,35.0,35.81999969482422,35.0,35.7400016784668,57400.0
2010-11-10,23.600725173950195,35.2599983215332,35.310001373291016,34.66999816894531,34.93000030517578,16900.0
2010-11-11,23.10541343688965,34.52000045776367,34.58000183105469,34.279998779296875,34.540000915527344,17400.0
2010-11-12,22.944774627685547,34.279998779296875,34.70000076293945,34.11000061035156,34.41999816894531,26000.0
2010-11-15,22.824298858642578,34.099998474121094,34.38999938964844,34.060001373291016,34.369998931884766,23500.0
2010-11-16,22.047868728637695,32.939998626708984,33.68000030517578,32.720001220703125,33.68000030517578,35000.0
2010-11-17,22.175045013427734,33.130001068115234,33.31999969482422,33.08000183105469,33.20000076293945,12000.0
2010-11-18,22.516403198242188,33.63999938964844,33.7400016784668,33.560001373291016,33.66999816894531,6100.0
2010-11-19,22.503015518188477,33.619998931884766,33.619998931884766,33.2599983215332,33.599998474121094,11600.0
2010-11-22,22.34906768798828,33.38999938964844,33.52000045776367,32.93000030517578,33.11000061035156,306100.0
2010-11-23,21.626190185546875,32.310001373291016,32.68000030517578,32.20000076293945,32.68000030517578,139900.0
2010-11-24,21.800212860107422,32.56999969482422,32.84000015258789,32.560001373291016,32.77000045776367,8400.0
2010-11-26,20.96354866027832,31.31999969482422,31.540000915527344,31.18000030517578,31.420000076293945,116600.0
2010-11-29,20.334375381469727,30.3799991607666,30.530000686645508,30.110000610351562,30.459999084472656,103100.0
2010-11-30,20.394615173339844,30.469999313354492,30.709999084472656,30.399999618530273,30.399999618530273,40100.0
2010-12-01,21.278135299682617,31.790000915527344,31.81999969482422,31.34000015258789,31.600000381469727,32400.0
2010-12-02,21.726591110229492,32.459999084472656,32.5,31.81999969482422,31.81999969482422,219900.0
2010-12-03,22.208511352539062,33.18000030517578,33.25,32.65999984741211,32.70000076293945,95100.0
2010-12-06,21.987625122070312,32.849998474121094,32.959999084472656,32.209999084472656,32.619998931884766,61200.0
2010-12-07,21.927391052246094,32.7599983215332,33.25,32.70000076293945,33.25,54200.0
2010-12-08,21.91400718688965,32.7400016784668,32.779998779296875,32.31999969482422,32.400001525878906,102200.0
2010-12-09,21.8537654876709,32.650001525878906,32.720001220703125,32.31999969482422,32.720001220703125,30200.0
2010-12-10,21.92069435119629,32.75,32.84000015258789,32.400001525878906,32.650001525878906,56900.0
2010-12-13,22.262052536010742,33.2599983215332,33.52000045776367,33.099998474121094,33.22999954223633,22400.0
2010-12-14,22.328994750976562,33.36000061035156,33.59000015258789,33.25,33.40999984741211,43900.0
2010-12-15,22.201814651489258,33.16999816894531,33.650001525878906,33.08000183105469,33.36000061035156,14500.0
2010-12-16,22.24197769165039,33.22999954223633,33.22999954223633,32.810001373291016,33.220001220703125,13200.0
2010-12-17,22.081335067749023,32.9900016784668,33.099998474121094,32.70000076293945,33.040000915527344,19900.0
2010-12-20,21.746667861938477,32.4900016784668,32.77000045776367,32.369998931884766,32.77000045776367,13900.0
2010-12-21,21.94327735900879,32.59000015258789,32.81999969482422,32.41999816894531,32.81999969482422,32900.0
2010-12-22,22.030807495117188,32.720001220703125,32.720001220703125,32.54999923706055,32.54999923706055,14900.0
2010-12-23,22.051006317138672,32.75,32.81999969482422,32.630001068115234,32.790000915527344,27000.0
2010-12-27,22.003877639770508,32.68000030517578,32.900001525878906,32.599998474121094,32.599998474121094,11200.0
2010-12-28,21.902875900268555,32.529998779296875,32.849998474121094,32.45000076293945,32.66999816894531,161700.0
2010-12-29,22.360727310180664,33.209999084472656,33.2599983215332,32.81999969482422,32.939998626708984,27700.0
2010-12-30,22.529054641723633,33.459999084472656,33.47999954223633,33.150001525878906,33.47999954223633,32400.0
2010-12-31,22.61659049987793,33.59000015258789,33.689998626708984,33.349998474121094,33.43000030517578,46000.0
2011-01-03,22.690654754638672,33.70000076293945,33.959999084472656,33.4900016784668,33.7599983215332,46000.0
2011-01-04,22.75125503540039,33.790000915527344,33.90999984741211,33.34000015258789,33.90999984741211,29400.0
2011-01-05,22.38766098022461,33.25,33.380001068115234,32.689998626708984,32.79999923706055,27000.0
2011-01-06,22.17220115661621,32.93000030517578,33.36000061035156,32.720001220703125,33.36000061035156,155900.0
2011-01-07,21.626815795898438,32.119998931884766,32.970001220703125,32.09000015258789,32.66999816894531,22000.0
2011-01-10,21.572948455810547,32.040000915527344,32.04999923706055,31.520000457763672,31.700000762939453,30300.0
2011-01-11,21.8422794342041,32.439998626708984,32.459999084472656,32.189998626708984,32.400001525878906,33400.0
2011-01-12,22.58965301513672,33.54999923706055,33.54999923706055,32.95000076293945,33.15999984741211,11000.0
2011-01-13,22.65699005126953,33.650001525878906,33.900001525878906,33.529998779296875,33.790000915527344,37800.0
2011-01-14,22.76472282409668,33.810001373291016,33.90999984741211,33.61000061035156,33.72999954223633,23200.0
2011-01-18,23.444766998291016,34.81999969482422,34.83000183105469,34.380001068115234,34.380001068115234,17500.0
2011-01-19,23.215837478637695,34.47999954223633,35.11000061035156,34.47999954223633,35.11000061035156,21500.0
2011-01-20,23.04077911376953,34.220001220703125,34.2599983215332,33.650001525878906,34.2400016784668,188900.0
2011-01-21,23.242769241333008,34.52000045776367,34.7400016784668,34.47999954223633,34.7400016784668,105500.0
2011-01-24,23.363967895507812,34.70000076293945,34.709999084472656,34.119998931884766,34.209999084472656,14400.0
2011-01-25,23.25623321533203,34.540000915527344,34.540000915527344,34.220001220703125,34.470001220703125,10200.0
2011-01-26,23.296634674072266,34.599998474121094,34.66999816894531,34.45000076293945,34.5,68100.0
2011-01-27,23.24950408935547,34.529998779296875,34.70000076293945,34.459999084472656,34.52000045776367,104600.0
2011-01-28,22.468456268310547,33.369998931884766,34.349998474121094,33.369998931884766,34.29999923706055,21900.0
2011-01-31,22.9128475189209,34.029998779296875,34.16999816894531,33.630001068115234,33.720001220703125,50700.0
2011-02-01,23.68715476989746,35.18000030517578,35.18000030517578,34.72999954223633,34.84000015258789,41500.0
2011-02-02,23.491893768310547,34.88999938964844,35.0099983215332,34.65999984741211,34.790000915527344,32800.0
2011-02-03,23.471698760986328,34.86000061035156,34.86000061035156,34.52000045776367,34.7599983215332,32500.0
2011-02-04,23.451496124267578,34.83000183105469,34.83000183105469,34.380001068115234,34.72999954223633,51100.0
2011-02-07,23.458232879638672,34.84000015258789,35.0,34.70000076293945,34.7599983215332,9400.0
2011-02-08,23.498634338378906,34.900001525878906,35.09000015258789,34.779998779296875,35.0,25800.0
2011-02-09,23.363967895507812,34.70000076293945,35.09000015258789,34.61000061035156,34.84000015258789,63400.0
2011-02-10,22.906116485595703,34.02000045776367,34.16999816894531,33.75,33.95000076293945,125900.0
2011-02-11,23.08791160583496,34.290000915527344,34.310001373291016,33.849998474121094,33.95000076293945,67700.0
2011-02-14,22.67719078063965,33.68000030517578,33.880001068115234,33.54999923706055,33.790000915527344,42000.0
2011-02-15,22.67719078063965,33.68000030517578,34.029998779296875,33.619998931884766,34.0,30800.0
2011-02-16,22.872447967529297,33.970001220703125,34.02000045776367,33.720001220703125,33.810001373291016,12800.0
2011-02-17,22.690654754638672,33.70000076293945,33.720001220703125,33.47999954223633,33.720001220703125,38300.0
2011-02-18,22.838781356811523,33.91999816894531,33.959999084472656,33.59000015258789,33.650001525878906,11400.0
2011-02-22,22.09140396118164,32.810001373291016,33.439998626708984,32.79999923706055,33.27000045776367,103900.0
2011-02-23,22.448261260986328,33.34000015258789,33.470001220703125,33.18000030517578,33.31999969482422,15700.0
2011-02-24,22.320331573486328,33.150001525878906,33.40999984741211,33.0,33.27000045776367,93800.0
2011-02-25,22.549259185791016,33.4900016784668,33.5099983215332,33.31999969482422,33.4900016784668,10300.0
2011-02-28,23.08791160583496,34.290000915527344,34.29999923706055,34.0,34.150001525878906,14300.0
2011-03-01,22.58292007446289,33.540000915527344,34.2400016784668,33.540000915527344,34.189998626708984,38100.0
2011-03-02,23.054244995117188,34.2400016784668,34.34000015258789,33.86000061035156,33.86000061035156,160500.0
2011-03-03,23.579429626464844,35.02000045776367,35.09000015258789,34.810001373291016,34.869998931884766,321700.0
2011-03-04,23.66695785522461,35.150001525878906,35.2400016784668,35.040000915527344,35.130001068115234,12200.0
2011-03-07,23.848752975463867,35.41999816894531,35.70000076293945,35.189998626708984,35.70000076293945,84100.0
2011-03-08,23.855493545532227,35.43000030517578,35.5099983215332,34.939998626708984,35.04999923706055,52700.0
2011-03-09,23.693891525268555,35.189998626708984,35.40999984741211,35.08000183105469,35.25,13900.0
2011-03-10,23.00710678100586,34.16999816894531,34.630001068115234,34.11000061035156,34.54999923706055,27300.0
2011-03-11,23.20237159729004,34.459999084472656,34.529998779296875,33.900001525878906,33.95000076293945,28000.0
2011-03-14,23.296634674072266,34.599998474121094,34.599998474121094,34.130001068115234,34.599998474121094,20600.0
2011-03-15,22.9128475189209,34.029998779296875,34.130001068115234,33.22999954223633,33.47999954223633,150200.0
2011-03-16,22.185670852661133,32.95000076293945,33.7599983215332,32.70000076293945,33.650001525878906,87300.0
2011-03-17,22.97343635559082,34.119998931884766,34.27000045776367,33.95000076293945,34.22999954223633,58100.0
2011-03-18,23.357229232788086,34.689998626708984,34.77000045776367,34.529998779296875,34.56999969482422,14500.0
2011-03-21,23.916088104248047,35.52000045776367,35.529998779296875,34.970001220703125,34.9900016784668,24100.0
2011-03-22,23.579429626464844,35.02000045776367,35.189998626708984,34.86000061035156,34.970001220703125,12100.0
2011-03-23,23.532299041748047,34.95000076293945,35.02000045776367,34.72999954223633,34.79999923706055,17000.0
2011-03-24,23.720829010009766,35.22999954223633,35.34000015258789,34.97999954223633,35.13999938964844,47500.0
2011-03-25,23.821819305419922,35.380001068115234,35.59000015258789,35.189998626708984,35.310001373291016,121700.0
2011-03-28,24.037281036376953,35.70000076293945,35.88999938964844,35.619998931884766,35.68000030517578,27600.0
2011-03-29,24.178680419921875,35.90999984741211,35.90999984741211,35.529998779296875,35.58000183105469,36000.0
2011-03-30,24.070951461791992,35.75,35.79999923706055,35.5099983215332,35.79999923706055,105900.0
2011-03-31,24.104612350463867,35.79999923706055,35.90999984741211,35.61000061035156,35.61000061035156,42400.0
2011-04-01,24.649991989135742,36.61000061035156,36.650001525878906,35.689998626708984,35.93000030517578,106500.0
2011-04-04,24.67693328857422,36.650001525878906,36.810001373291016,36.5099983215332,36.72999954223633,293700.0
2011-04-05,24.78466033935547,36.810001373291016,37.08000183105469,36.400001525878906,36.400001525878906,230000.0
2011-04-06,25.538772583007812,37.93000030517578,38.0099983215332,37.650001525878906,37.720001220703125,27600.0
2011-04-07,25.612834930419922,38.040000915527344,38.29999923706055,37.540000915527344,37.7400016784668,1596900.0
2011-04-08,25.72728729248047,38.209999084472656,38.59000015258789,38.040000915527344,38.56999969482422,738000.0
2011-04-11,25.5589656829834,37.959999084472656,38.189998626708984,37.81999969482422,38.0,590000.0
2011-04-12,25.5589656829834,37.959999084472656,38.25,37.63999938964844,38.029998779296875,255200.0
2011-04-13,25.700359344482422,38.16999816894531,38.4900016784668,37.95000076293945,38.279998779296875,189800.0
2011-04-14,25.92929458618164,38.5099983215332,38.529998779296875,37.86000061035156,38.04999923706055,451200.0
2011-04-15,25.902360916137695,38.470001220703125,38.52000045776367,38.029998779296875,38.2599983215332,151600.0
2011-04-18,24.95298957824707,37.060001373291016,37.439998626708984,36.52000045776367,37.439998626708984,302100.0
2011-04-19,25.316574096679688,37.599998474121094,37.689998626708984,37.290000915527344,37.369998931884766,98900.0
2011-04-20,25.956222534179688,38.54999923706055,38.630001068115234,38.38999938964844,38.5,114600.0
2011-04-21,26.07068634033203,38.720001220703125,38.7400016784668,38.43000030517578,38.650001525878906,104600.0
2011-04-25,26.104352951049805,38.77000045776367,38.86000061035156,38.439998626708984,38.86000061035156,167100.0
2011-04-26,26.387144088745117,39.189998626708984,39.209999084472656,38.779998779296875,39.08000183105469,427200.0
2011-04-27,26.696870803833008,39.650001525878906,39.70000076293945,38.88999938964844,39.189998626708984,236900.0
2011-04-28,26.629535675048828,39.54999923706055,39.58000183105469,39.189998626708984,39.349998474121094,119100.0
2011-04-29,26.676666259765625,39.619998931884766,39.77000045776367,39.400001525878906,39.54999923706055,91000.0
2011-05-02,26.535276412963867,39.40999984741211,39.84000015258789,39.25,39.63999938964844,124000.0
2011-05-03,26.279409408569336,39.029998779296875,39.59000015258789,38.900001525878906,39.150001525878906,224000.0
2011-05-04,26.057218551635742,38.70000076293945,39.45000076293945,38.65999984741211,39.45000076293945,177000.0
2011-05-05,25.30983543395996,37.59000015258789,38.220001220703125,37.40999984741211,38.220001220703125,100900.0
2011-05-06,25.020313262939453,37.15999984741211,38.13999938964844,36.900001525878906,37.9900016784668,180500.0
2011-05-09,25.20210838317871,37.43000030517578,37.43000030517578,36.83000183105469,37.369998931884766,193000.0
2011-05-10,25.47817039489746,37.84000015258789,37.9900016784668,37.18000030517578,37.27000045776367,432500.0
2011-05-11,24.959720611572266,37.06999969482422,37.689998626708984,36.810001373291016,37.68000030517578,153800.0
2011-05-12,25.087650299072266,37.2599983215332,37.34000015258789,36.709999084472656,36.9900016784668,121000.0
2011-05-13,24.4883975982666,36.369998931884766,37.13999938964844,36.040000915527344,37.13999938964844,114100.0
2011-05-16,24.697126388549805,36.68000030517578,37.130001068115234,36.61000061035156,36.83000183105469,99400.0
2011-05-17,24.710590362548828,36.70000076293945,36.72999954223633,36.0099983215332,36.439998626708984,52000.0
2011-05-18,24.885652542114258,36.959999084472656,37.150001525878906,36.720001220703125,36.959999084472656,41700.0
2011-05-19,25.175180435180664,37.38999938964844,37.529998779296875,37.08000183105469,37.08000183105469,147600.0
2011-05-20,24.838523864746094,36.88999938964844,37.279998779296875,36.7599983215332,37.279998779296875,69900.0
2011-05-23,24.09787940979004,35.790000915527344,35.959999084472656,35.459999084472656,35.81999969482422,186300.0
2011-05-24,24.38067054748535,36.209999084472656,36.33000183105469,36.04999923706055,36.29999923706055,63600.0
2011-05-25,24.60959815979004,36.54999923706055,36.63999938964844,35.93000030517578,35.93000030517578,617100.0
2011-05-26,24.710590362548828,36.70000076293945,36.88999938964844,36.209999084472656,36.84000015258789,22000.0
2011-05-27,25.020313262939453,37.15999984741211,37.220001220703125,36.91999816894531,36.959999084472656,51400.0
2011-05-31,25.875425338745117,38.43000030517578,38.43000030517578,37.900001525878906,38.15999984741211,226900.0
2011-06-01,25.262704849243164,37.52000045776367,38.2400016784668,37.43000030517578,38.16999816894531,754300.0
2011-06-02,25.76769256591797,38.27000045776367,38.349998474121094,37.79999923706055,38.060001373291016,144800.0
2011-06-03,25.814821243286133,38.34000015258789,38.54999923706055,37.849998474121094,37.849998474121094,85900.0
2011-06-06,25.40410041809082,37.72999954223633,38.400001525878906,37.68000030517578,38.2599983215332,111600.0
2011-06-07,26.00335693359375,38.619998931884766,38.91999816894531,38.41999816894531,38.689998626708984,57200.0
2011-06-08,25.666696548461914,38.119998931884766,38.400001525878906,38.060001373291016,38.15999984741211,93500.0
2011-06-09,25.64649772644043,38.09000015258789,38.2599983215332,37.619998931884766,37.880001068115234,47800.0
2011-06-10,25.188636779785156,37.40999984741211,37.849998474121094,37.189998626708984,37.70000076293945,92800.0
2011-06-13,25.21558380126953,37.45000076293945,37.65999984741211,37.189998626708984,37.470001220703125,47900.0
2011-06-14,25.72728729248047,38.209999084472656,38.29999923706055,37.779998779296875,37.779998779296875,279900.0
2011-06-15,24.703853607177734,36.689998626708984,37.45000076293945,36.560001373291016,37.310001373291016,240100.0
2011-06-16,24.42780113220215,36.279998779296875,36.66999816894531,36.0,36.380001068115234,53500.0
2011-06-17,24.865453720092773,36.93000030517578,37.09000015258789,36.810001373291016,37.0099983215332,48500.0
2011-06-20,24.649991989135742,36.61000061035156,36.86000061035156,36.529998779296875,36.77000045776367,103900.0
2011-06-21,24.865453720092773,36.93000030517578,37.040000915527344,36.63999938964844,36.75,38200.0
2011-06-22,24.53470802307129,36.20000076293945,36.619998931884766,36.16999816894531,36.41999816894531,98000.0
2011-06-23,24.229721069335938,35.75,35.7599983215332,34.75,35.2400016784668,167100.0
2011-06-24,24.12128448486328,35.59000015258789,35.869998931884766,35.470001220703125,35.720001220703125,78600.0
2011-06-27,24.168724060058594,35.65999984741211,35.689998626708984,34.95000076293945,34.959999084472656,90600.0
2011-06-28,24.27716636657715,35.81999969482422,35.81999969482422,35.33000183105469,35.5,53900.0
2011-06-29,24.710927963256836,36.459999084472656,36.540000915527344,35.95000076293945,36.04999923706055,33800.0
2011-06-30,24.927810668945312,36.779998779296875,36.779998779296875,36.29999923706055,36.369998931884766,62000.0
2011-07-01,25.26668357849121,37.279998779296875,37.290000915527344,36.61000061035156,36.65999984741211,403300.0
2011-07-05,24.988811492919922,36.869998931884766,37.18000030517578,36.720001220703125,37.099998474121094,169400.0
2011-07-06,24.500823974609375,36.150001525878906,36.43000030517578,36.09000015258789,36.43000030517578,137900.0
2011-07-07,25.293798446655273,37.31999969482422,37.380001068115234,36.790000915527344,36.86000061035156,215200.0
2011-07-08,24.832921981811523,36.63999938964844,36.7400016784668,36.310001373291016,36.54999923706055,107400.0
2011-07-11,23.558746337890625,34.7599983215332,35.40999984741211,34.65999984741211,35.40999984741211,65200.0
2011-07-12,22.935211181640625,33.84000015258789,34.52000045776367,33.84000015258789,34.150001525878906,789000.0
2011-07-13,23.61296844482422,34.84000015258789,35.25,34.40999984741211,34.540000915527344,69800.0
2011-07-14,23.355419158935547,34.459999084472656,35.27000045776367,34.43000030517578,35.13999938964844,69500.0
2011-07-15,23.667186737060547,34.91999816894531,35.119998931884766,34.47999954223633,34.70000076293945,87000.0
2011-07-18,22.92843246459961,33.83000183105469,34.150001525878906,33.529998779296875,34.11000061035156,181000.0
2011-07-19,23.213090896606445,34.25,34.33000183105469,33.970001220703125,34.11000061035156,231600.0
2011-07-20,23.416414260864258,34.54999923706055,34.65999984741211,34.439998626708984,34.59000015258789,92200.0
2011-07-21,24.155170440673828,35.63999938964844,35.689998626708984,34.77000045776367,34.880001068115234,205500.0
2011-07-22,24.114503860473633,35.58000183105469,35.75,35.290000915527344,35.47999954223633,55600.0
2011-07-25,23.836620330810547,35.16999816894531,35.41999816894531,35.06999969482422,35.099998474121094,118600.0
2011-07-26,24.019615173339844,35.439998626708984,35.650001525878906,35.2599983215332,35.290000915527344,78800.0
2011-07-27,23.31475067138672,34.400001525878906,35.18000030517578,34.349998474121094,35.150001525878906,75400.0
2011-07-28,23.490968704223633,34.65999984741211,35.0,34.36000061035156,34.369998931884766,70900.0
2011-07-29,23.67396354675293,34.93000030517578,35.2400016784668,34.52000045776367,34.65999984741211,88100.0
2011-08-01,23.490968704223633,34.65999984741211,35.58000183105469,34.27000045776367,35.52000045776367,79400.0
2011-08-02,22.718334197998047,33.52000045776367,34.4900016784668,33.47999954223633,34.150001525878906,108800.0
2011-08-03,22.31167221069336,32.91999816894531,33.16999816894531,32.310001373291016,33.08000183105469,302200.0
2011-08-04,20.657957077026367,30.479999542236328,32.20000076293945,30.329999923706055,32.20000076293945,284700.0
2011-08-05,20.834169387817383,30.739999771118164,31.350000381469727,29.65999984741211,31.229999542236328,433700.0
2011-08-08,19.214340209960938,28.350000381469727,29.729999542236328,28.329999923706055,29.579999923706055,332200.0
2011-08-09,19.59387969970703,28.90999984741211,29.040000915527344,27.40999984741211,28.799999237060547,410200.0
2011-08-10,17.44539451599121,25.739999771118164,27.979999542236328,25.739999771118164,27.979999542236328,190400.0
2011-08-11,19.017789840698242,28.059999465942383,28.209999084472656,25.979999542236328,25.979999542236328,437100.0
2011-08-12,19.248226165771484,28.399999618530273,28.809999465942383,27.940000534057617,28.610000610351562,88200.0
2011-08-15,19.88531494140625,29.34000015258789,29.3700008392334,28.920000076293945,29.010000228881836,104300.0
2011-08-16,19.939533233642578,29.420000076293945,29.860000610351562,28.790000915527344,28.90999984741211,285400.0
2011-08-17,20.183528900146484,29.780000686645508,30.229999542236328,29.579999923706055,29.850000381469727,151700.0
2011-08-18,18.45525360107422,27.229999542236328,27.959999084472656,26.469999313354492,27.959999084472656,948500.0
2011-08-19,18.577247619628906,27.40999984741211,28.40999984741211,27.389999389648438,27.479999542236328,443100.0
2011-08-22,18.90934944152832,27.899999618530273,28.40999984741211,27.899999618530273,28.40999984741211,466200.0
2011-08-23,19.573549270629883,28.8799991607666,28.920000076293945,28.079999923706055,28.270000457763672,418500.0
2011-08-24,19.34311294555664,28.540000915527344,28.90999984741211,28.209999084472656,28.670000076293945,225300.0
2011-08-25,19.07200813293457,28.139999389648438,28.760000228881836,27.950000762939453,28.760000228881836,212700.0
2011-08-26,19.66165542602539,29.010000228881836,29.049999237060547,27.979999542236328,28.1200008392334,117900.0
2011-08-29,20.23097038269043,29.850000381469727,29.860000610351562,29.459999084472656,29.6299991607666,79100.0
2011-08-30,20.359745025634766,30.040000915527344,30.049999237060547,29.459999084472656,29.799999237060547,157100.0
2011-08-31,20.603734970092773,30.399999618530273,30.709999084472656,30.219999313354492,30.229999542236328,140600.0
2011-09-01,19.925981521606445,29.399999618530273,30.149999618530273,29.3700008392334,29.959999084472656,73300.0
2011-09-02,19.173675537109375,28.290000915527344,28.6299991607666,28.25,28.540000915527344,70000.0
2011-09-06,18.373929977416992,27.110000610351562,27.290000915527344,26.649999618530273,27.0,92600.0
2011-09-07,19.207561492919922,28.34000015258789,28.360000610351562,27.530000686645508,27.799999237060547,116200.0
2011-09-08,18.407812118530273,27.15999984741211,27.780000686645508,27.139999389648438,27.549999237060547,55600.0
2011-09-09,17.201404571533203,25.3799991607666,25.920000076293945,25.18000030517578,25.8799991607666,186000.0
2011-09-12,16.63209342956543,24.540000915527344,24.760000228881836,24.020000457763672,24.3799991607666,254300.0
2011-09-13,16.9031982421875,24.940000534057617,25.040000915527344,24.68000030517578,24.780000686645508,128800.0
2011-09-14,16.964195251464844,25.030000686645508,25.059999465942383,24.309999465942383,24.899999618530273,168800.0
2011-09-15,17.757164001464844,26.200000762939453,26.270000457763672,25.75,26.110000610351562,104600.0
2011-09-16,17.797828674316406,26.260000228881836,26.440000534057617,26.1299991607666,26.280000686645508,60500.0
2011-09-19,17.23529624938965,25.43000030517578,25.510000228881836,24.6200008392334,24.739999771118164,168400.0
2011-09-20,17.24207305908203,25.440000534057617,25.770000457763672,25.360000610351562,25.739999771118164,103000.0
2011-09-21,16.706647872924805,24.649999618530273,25.809999465942383,24.649999618530273,25.510000228881836,88900.0
2011-09-22,15.357917785644531,22.65999984741211,23.59000015258789,22.5,23.5,102900.0
2011-09-23,15.900117874145508,23.459999084472656,23.459999084472656,22.6299991607666,22.6299991607666,79200.0
2011-09-26,16.144115447998047,23.81999969482422,23.81999969482422,23.040000915527344,23.6200008392334,179900.0
2011-09-27,16.571094512939453,24.450000762939453,24.889999389648438,24.290000915527344,24.610000610351562,231000.0
2011-09-28,15.9746732711792,23.56999969482422,24.6299991607666,23.56999969482422,24.530000686645508,50500.0
2011-09-29,16.462661743164062,24.290000915527344,24.940000534057617,24.0,24.90999984741211,114400.0
2011-09-30,15.751012802124023,23.239999771118164,24.079999923706055,23.239999771118164,23.780000686645508,113500.0
2011-10-03,15.507020950317383,22.8799991607666,23.809999465942383,22.81999969482422,23.360000610351562,182900.0
2011-10-04,15.825568199157715,23.350000381469727,23.43000030517578,22.170000076293945,22.469999313354492,168300.0
2011-10-05,16.238994598388672,23.959999084472656,24.030000686645508,23.280000686645508,23.350000381469727,88100.0
2011-10-06,16.56431770324707,24.440000534057617,24.440000534057617,23.709999084472656,23.809999465942383,150000.0
2011-10-07,16.34065818786621,24.110000610351562,24.75,24.049999237060547,24.649999618530273,36500.0
2011-10-10,17.6826171875,26.09000015258789,26.170000076293945,25.329999923706055,25.329999923706055,68100.0
2011-10-11,17.702945709228516,26.1200008392334,26.190000534057617,25.59000015258789,25.65999984741211,84600.0
2011-10-12,18.3061466217041,27.010000228881836,27.25,26.739999771118164,26.809999465942383,43900.0
2011-10-13,18.12315559387207,26.739999771118164,26.829999923706055,26.149999618530273,26.709999084472656,59100.0
2011-10-14,18.394258499145508,27.139999389648438,27.209999084472656,26.850000381469727,27.209999084472656,51500.0
2011-10-17,17.574174880981445,25.93000030517578,26.950000762939453,25.81999969482422,26.920000076293945,117400.0
2011-10-18,18.06215476989746,26.649999618530273,26.809999465942383,25.649999618530273,25.889999389648438,133800.0
2011-10-19,17.635175704956055,26.020000457763672,26.59000015258789,26.020000457763672,26.59000015258789,38600.0
2011-10-20,17.30307388305664,25.530000686645508,25.829999923706055,24.8700008392334,25.829999923706055,76600.0
2011-10-21,18.00115966796875,26.559999465942383,26.559999465942383,26.1299991607666,26.1299991607666,25300.0
2011-10-24,18.6314697265625,27.489999771118164,27.709999084472656,26.729999542236328,26.729999542236328,38800.0
2011-10-25,18.197708129882812,26.850000381469727,27.350000381469727,26.790000915527344,27.350000381469727,64100.0
2011-10-26,18.373929977416992,27.110000610351562,27.420000076293945,26.5,27.170000076293945,25900.0
2011-10-27,19.953092575073242,29.440000534057617,29.690000534057617,28.530000686645508,28.530000686645508,171300.0
2011-10-28,19.27533721923828,28.440000534057617,28.649999618530273,28.31999969482422,28.450000762939453,18100.0
2011-10-31,18.157041549682617,26.790000915527344,27.889999389648438,26.719999313354492,27.889999389648438,54000.0
2011-11-01,17.03874397277832,25.139999389648438,25.520000457763672,24.739999771118164,25.18000030517578,104300.0
2011-11-02,18.184144973754883,26.829999923706055,26.920000076293945,26.34000015258789,26.56999969482422,137200.0
2011-11-03,18.746686935424805,27.65999984741211,27.719999313354492,26.940000534057617,27.389999389648438,86800.0
2011-11-04,18.17737579345703,26.81999969482422,27.1299991607666,26.6200008392334,27.1299991607666,24600.0
2011-11-07,18.529808044433594,27.34000015258789,27.350000381469727,26.850000381469727,27.030000686645508,44200.0
2011-11-08,18.85512351989746,27.81999969482422,27.8700008392334,27.170000076293945,27.469999313354492,88100.0
2011-11-09,17.09296989440918,25.219999313354492,26.040000915527344,25.149999618530273,26.040000915527344,109600.0
2011-11-10,17.147186279296875,25.299999237060547,25.56999969482422,25.040000915527344,25.559999465942383,18600.0
2011-11-11,17.926603317260742,26.450000762939453,26.639999389648438,25.809999465942383,25.8799991607666,60700.0
2011-11-14,17.479286193847656,25.790000915527344,26.209999084472656,25.68000030517578,26.06999969482422,122000.0
2011-11-15,17.384401321411133,25.649999618530273,25.8700008392334,25.43000030517578,25.709999084472656,39400.0
2011-11-16,17.025192260742188,25.1200008392334,25.6299991607666,25.040000915527344,25.43000030517578,60300.0
2011-11-17,16.625316619873047,24.530000686645508,25.389999389648438,24.459999084472656,25.329999923706055,164200.0
2011-11-18,16.754085540771484,24.719999313354492,25.1299991607666,24.6200008392334,25.06999969482422,78500.0
2011-11-21,16.225440979003906,23.940000534057617,24.010000228881836,23.719999313354492,23.889999389648438,43800.0
2011-11-22,16.31355094909668,24.06999969482422,24.209999084472656,23.809999465942383,24.030000686645508,134700.0
2011-11-23,15.507020950317383,22.8799991607666,23.450000762939453,22.8700008392334,23.450000762939453,51200.0
2011-11-25,15.24947452545166,22.5,23.040000915527344,22.5,22.81999969482422,79500.0
2011-11-28,15.866231918334961,23.40999984741211,23.719999313354492,23.280000686645508,23.610000610351562,55000.0
2011-11-29,15.595135688781738,23.010000228881836,23.40999984741211,22.979999542236328,23.34000015258789,59000.0
2011-11-30,16.693090438842773,24.6299991607666,24.670000076293945,24.149999618530273,24.299999237060547,121700.0
2011-12-01,16.69986915588379,24.639999389648438,24.719999313354492,24.329999923706055,24.489999771118164,133000.0
2011-12-02,16.39487648010254,24.190000534057617,24.8700008392334,24.18000030517578,24.860000610351562,34800.0
2011-12-05,16.693090438842773,24.6299991607666,25.149999618530273,24.579999923706055,24.959999084472656,27900.0
2011-12-06,16.530426025390625,24.389999389648438,24.510000228881836,24.1299991607666,24.389999389648438,12200.0
2011-12-07,16.69986915588379,24.639999389648438,24.639999389648438,24.040000915527344,24.149999618530273,20900.0
2011-12-08,15.873010635375977,23.420000076293945,24.239999771118164,23.420000076293945,24.200000762939453,60100.0
2011-12-09,16.184776306152344,23.8799991607666,23.950000762939453,23.520000457763672,23.520000457763672,36600.0
2011-12-12,15.418912887573242,22.75,23.200000762939453,22.5,23.200000762939453,77400.0
2011-12-13,15.066482543945312,22.229999542236328,23.020000457763672,22.190000534057617,23.020000457763672,33500.0
2011-12-14,15.11392593383789,22.299999237060547,22.530000686645508,22.260000228881836,22.3799991607666,57200.0
2011-12-15,15.168146133422852,22.3799991607666,22.649999618530273,22.3799991607666,22.6200008392334,35100.0
2011-12-16,14.998706817626953,22.1299991607666,22.600000381469727,22.0,22.540000915527344,20700.0
2011-12-19,14.795380592346191,21.829999923706055,22.309999465942383,21.809999465942383,22.260000228881836,46300.0
2011-12-20,15.443229675292969,21.739999771118164,21.81999969482422,21.610000610351562,21.649999618530273,50300.0
2011-12-21,15.620821952819824,21.989999771118164,22.049999237060547,21.610000610351562,21.760000228881836,45400.0
2011-12-22,15.656332969665527,22.040000915527344,22.1299991607666,21.780000686645508,21.889999389648438,85900.0
2011-12-23,15.833924293518066,22.290000915527344,22.290000915527344,21.989999771118164,22.049999237060547,259500.0
2011-12-27,15.876544952392578,22.350000381469727,22.549999237060547,22.329999923706055,22.360000610351562,52500.0
2011-12-28,15.578193664550781,21.93000030517578,22.280000686645508,21.899999618530273,22.280000686645508,27600.0
2011-12-29,15.777097702026367,22.209999084472656,22.209999084472656,21.540000915527344,21.59000015258789,31500.0
2011-12-30,15.372191429138184,21.639999389648438,21.93000030517578,21.610000610351562,21.93000030517578,78100.0
2012-01-03,15.890752792358398,22.3700008392334,22.520000457763672,22.190000534057617,22.329999923706055,65900.0
2012-01-04,15.535578727722168,21.8700008392334,22.0,21.6200008392334,21.90999984741211,34400.0
2012-01-05,15.16618824005127,21.350000381469727,21.40999984741211,21.020000457763672,21.209999084472656,319000.0
2012-01-06,14.88204288482666,20.950000762939453,21.360000610351562,20.940000534057617,21.360000610351562,109000.0
2012-01-09,14.967286109924316,21.06999969482422,21.219999313354492,20.81999969482422,21.15999984741211,366200.0
2012-01-10,15.194598197937012,21.389999389648438,21.6299991607666,21.309999465942383,21.420000076293945,45500.0
2012-01-11,15.095149993896484,21.25,21.309999465942383,21.020000457763672,21.1299991607666,64300.0
2012-01-12,15.656332969665527,22.040000915527344,22.139999389648438,21.700000762939453,21.700000762939453,37800.0
2012-01-13,15.336673736572266,21.59000015258789,21.6200008392334,21.34000015258789,21.56999969482422,20500.0
2012-01-17,15.904964447021484,22.389999389648438,22.649999618530273,22.34000015258789,22.649999618530273,89200.0
2012-01-18,16.43062400817871,23.1299991607666,23.190000534057617,22.700000762939453,22.760000228881836,45700.0
2012-01-19,16.736083984375,23.559999465942383,23.559999465942383,23.079999923706055,23.329999923706055,50200.0
2012-01-20,16.757396697998047,23.59000015258789,23.6200008392334,23.309999465942383,23.40999984741211,33600.0
2012-01-23,17.140987396240234,24.1299991607666,24.149999618530273,23.850000381469727,23.850000381469727,57500.0
2012-01-24,17.112573623657227,24.09000015258789,24.1200008392334,23.670000076293945,23.770000457763672,100800.0
2012-01-25,17.318580627441406,24.3799991607666,24.520000457763672,23.719999313354492,23.860000610351562,29700.0
2012-01-26,17.595623016357422,24.770000457763672,25.329999923706055,24.65999984741211,25.290000915527344,68400.0
2012-01-27,17.922380447387695,25.229999542236328,25.31999969482422,24.780000686645508,24.790000915527344,27900.0
2012-01-30,17.751893997192383,24.989999771118164,25.040000915527344,24.389999389648438,24.739999771118164,44000.0
2012-01-31,17.97920799255371,25.309999465942383,25.6200008392334,25.110000610351562,25.450000762939453,71400.0
2012-02-01,18.462257385253906,25.989999771118164,26.18000030517578,25.739999771118164,25.739999771118164,69400.0
2012-02-02,18.433841705322266,25.950000762939453,26.149999618530273,25.790000915527344,25.8700008392334,54800.0
2012-02-03,18.590120315551758,26.170000076293945,26.239999771118164,26.010000228881836,26.149999618530273,42700.0
2012-02-06,18.69667625427246,26.31999969482422,26.360000610351562,25.889999389648438,25.889999389648438,59600.0
2012-02-07,18.84585189819336,26.530000686645508,26.56999969482422,26.049999237060547,26.170000076293945,16700.0
2012-02-08,18.824535369873047,26.5,26.610000610351562,26.280000686645508,26.469999313354492,29100.0
2012-02-09,18.654054641723633,26.260000228881836,26.420000076293945,26.049999237060547,26.389999389648438,37400.0
2012-02-10,18.057353973388672,25.420000076293945,25.719999313354492,25.3700008392334,25.65999984741211,25000.0
2012-02-13,18.476465225219727,26.010000228881836,26.059999465942383,25.68000030517578,25.90999984741211,62200.0
2012-02-14,18.284664154052734,25.739999771118164,25.850000381469727,25.549999237060547,25.829999923706055,55800.0
2012-02-15,18.036043167114258,25.389999389648438,25.729999542236328,25.329999923706055,25.729999542236328,11200.0
2012-02-16,18.284664154052734,25.739999771118164,25.760000228881836,25.25,25.299999237060547,27600.0
2012-02-17,18.54749870300293,26.110000610351562,26.149999618530273,25.899999618530273,26.010000228881836,60700.0
2012-02-21,18.611433029174805,26.200000762939453,26.329999923706055,26.010000228881836,26.229999542236328,246100.0
2012-02-22,18.313085556030273,25.780000686645508,26.0,25.719999313354492,25.90999984741211,191200.0
2012-02-23,18.462257385253906,25.989999771118164,26.030000686645508,25.799999237060547,25.950000762939453,31100.0
2012-02-24,18.69667625427246,26.31999969482422,26.450000762939453,26.25,26.280000686645508,128800.0
2012-02-27,18.6185359954834,26.209999084472656,26.299999237060547,25.8700008392334,25.969999313354492,57000.0
2012-02-28,18.938199996948242,26.65999984741211,26.729999542236328,26.3700008392334,26.5,20600.0
2012-02-29,18.66115951538086,26.270000457763672,26.979999542236328,26.239999771118164,26.790000915527344,61200.0
2012-03-01,18.79612159729004,26.459999084472656,26.530000686645508,26.299999237060547,26.350000381469727,28000.0
2012-03-02,18.64695167541504,26.25,26.40999984741211,26.100000381469727,26.40999984741211,28700.0
2012-03-05,18.3201847076416,25.790000915527344,26.040000915527344,25.670000076293945,26.040000915527344,43000.0
2012-03-06,17.602724075317383,24.780000686645508,25.020000457763672,24.709999084472656,25.010000228881836,62900.0
2012-03-07,17.901073455810547,25.200000762939453,25.239999771118164,24.84000015258789,25.0,22400.0
2012-03-08,18.64695167541504,26.25,26.31999969482422,25.670000076293945,25.670000076293945,33500.0
2012-03-09,18.36991310119629,25.860000610351562,26.030000686645508,25.809999465942383,25.93000030517578,23300.0
2012-03-12,18.277563095092773,25.729999542236328,25.829999923706055,25.59000015258789,25.799999237060547,41000.0
2012-03-13,18.426742553710938,25.940000534057617,25.940000534057617,25.489999771118164,25.6200008392334,81400.0
2012-03-14,18.298873901367188,25.760000228881836,25.969999313354492,25.690000534057617,25.8799991607666,23300.0
2012-03-15,18.66826057434082,26.280000686645508,26.389999389648438,25.920000076293945,26.0,99600.0
2012-03-16,18.77481460571289,26.43000030517578,26.510000228881836,26.290000915527344,26.290000915527344,14300.0
2012-03-19,18.80323028564453,26.469999313354492,26.579999923706055,26.25,26.299999237060547,81400.0
2012-03-20,18.52619171142578,26.079999923706055,26.149999618530273,25.959999084472656,26.100000381469727,32800.0
2012-03-21,18.384119033813477,25.8799991607666,25.989999771118164,25.719999313354492,25.93000030517578,68400.0
2012-03-22,17.837142944335938,25.110000610351562,25.34000015258789,25.100000381469727,25.31999969482422,28600.0
2012-03-23,18.3201847076416,25.790000915527344,25.790000915527344,25.309999465942383,25.440000534057617,53600.0
2012-03-26,18.77481460571289,26.43000030517578,26.5,26.229999542236328,26.299999237060547,58900.0
2012-03-27,18.75350570678711,26.399999618530273,26.450000762939453,26.280000686645508,26.399999618530273,27800.0
2012-03-28,18.519088745117188,26.06999969482422,26.239999771118164,25.8700008392334,26.229999542236328,31400.0
2012-03-29,18.3557071685791,25.84000015258789,25.93000030517578,25.469999313354492,25.610000610351562,39700.0
2012-03-30,18.433841705322266,25.950000762939453,26.06999969482422,25.68000030517578,25.940000534057617,94700.0
2012-04-02,18.597227096557617,26.18000030517578,26.299999237060547,25.760000228881836,25.850000381469727,351300.0
2012-04-03,18.313085556030273,25.780000686645508,26.34000015258789,25.6299991607666,26.34000015258789,56400.0
2012-04-04,17.901073455810547,25.200000762939453,25.350000381469727,25.1299991607666,25.350000381469727,27100.0
2012-04-05,17.81583023071289,25.079999923706055,25.1200008392334,24.690000534057617,24.8799991607666,31200.0
2012-04-09,17.602724075317383,24.780000686645508,24.8799991607666,24.559999465942383,24.68000030517578,24000.0
2012-04-10,17.226234436035156,24.25,24.780000686645508,24.200000762939453,24.780000686645508,88200.0
2012-04-11,17.552995681762695,24.709999084472656,24.969999313354492,24.700000762939453,24.81999969482422,61900.0
2012-04-12,18.121286392211914,25.510000228881836,25.639999389648438,25.020000457763672,25.020000457763672,84900.0
2012-04-13,17.63823699951172,24.829999923706055,25.260000228881836,24.790000915527344,25.260000228881836,49700.0
2012-04-16,17.70217514038086,24.920000076293945,25.0,24.670000076293945,24.950000762939453,53600.0
2012-04-17,17.908178329467773,25.209999084472656,25.31999969482422,25.049999237060547,25.18000030517578,20800.0
2012-04-18,17.602724075317383,24.780000686645508,24.940000534057617,24.75,24.829999923706055,30400.0
2012-04-19,17.517480850219727,24.65999984741211,24.8799991607666,24.549999237060547,24.68000030517578,37700.0
2012-04-20,17.56009864807129,24.719999313354492,24.799999237060547,24.579999923706055,24.600000381469727,15000.0
2012-04-23,17.06995391845703,24.030000686645508,24.059999465942383,23.760000228881836,24.030000686645508,41800.0
2012-04-24,17.09836769104004,24.06999969482422,24.18000030517578,23.93000030517578,24.0,37500.0
2012-04-25,17.42513084411621,24.530000686645508,24.59000015258789,24.3700008392334,24.549999237060547,34800.0
2012-04-26,17.616931915283203,24.799999237060547,24.860000610351562,24.540000915527344,24.540000915527344,34800.0
2012-04-27,17.773212432861328,25.020000457763672,25.18000030517578,24.760000228881836,24.81999969482422,35400.0
2012-04-30,17.759004592895508,25.0,25.010000228881836,24.889999389648438,25.0,20000.0
2012-05-01,17.872657775878906,25.15999984741211,25.329999923706055,24.799999237060547,25.06999969482422,30100.0
2012-05-02,17.695068359375,24.90999984741211,24.950000762939453,24.579999923706055,24.770000457763672,44000.0
2012-05-03,17.45354652404785,24.56999969482422,24.90999984741211,24.459999084472656,24.90999984741211,35000.0
2012-05-04,17.21202278137207,24.229999542236328,24.56999969482422,24.229999542236328,24.510000228881836,22000.0
2012-05-07,17.368301391601562,24.450000762939453,24.510000228881836,24.1200008392334,24.15999984741211,18000.0
2012-05-08,16.998912811279297,23.93000030517578,24.100000381469727,23.649999618530273,24.100000381469727,38700.0
2012-05-09,16.657939910888672,23.450000762939453,23.600000381469727,23.219999313354492,23.469999313354492,54600.0
2012-05-10,16.792909622192383,23.639999389648438,23.739999771118164,23.559999465942383,23.649999618530273,48000.0
2012-05-11,16.44483184814453,23.149999618530273,23.420000076293945,23.1299991607666,23.239999771118164,34000.0
2012-05-14,15.84103012084961,22.299999237060547,22.489999771118164,22.290000915527344,22.459999084472656,25800.0
2012-05-15,15.414812088012695,21.700000762939453,22.09000015258789,21.649999618530273,21.959999084472656,103000.0
2012-05-16,15.500057220458984,21.81999969482422,22.100000381469727,21.760000228881836,21.790000915527344,31700.0
2012-05-17,14.981491088867188,21.09000015258789,21.649999618530273,21.079999923706055,21.649999618530273,47300.0
2012-05-18,15.123564720153809,21.290000915527344,21.540000915527344,21.139999389648438,21.479999542236328,56000.0
2012-05-21,15.748679161071777,22.170000076293945,22.170000076293945,21.65999984741211,21.65999984741211,176300.0
2012-05-22,15.251428604125977,21.469999313354492,22.0,21.299999237060547,21.90999984741211,64500.0
2012-05-23,14.974388122558594,21.079999923706055,21.239999771118164,20.510000228881836,21.229999542236328,137000.0
2012-05-24,14.676037788391113,20.65999984741211,21.049999237060547,20.489999771118164,21.040000915527344,48100.0
2012-05-25,14.605003356933594,20.559999465942383,20.719999313354492,20.479999542236328,20.56999969482422,56800.0
2012-05-29,14.981491088867188,21.09000015258789,21.280000686645508,20.899999618530273,20.920000076293945,53000.0
2012-05-30,14.654728889465332,20.6299991607666,20.719999313354492,20.479999542236328,20.719999313354492,49300.0
2012-05-31,14.846525192260742,20.899999618530273,21.049999237060547,20.510000228881836,20.729999542236328,80500.0
2012-06-01,14.491350173950195,20.399999618530273,20.59000015258789,20.309999465942383,20.440000534057617,59800.0
2012-06-04,14.747074127197266,20.760000228881836,20.8799991607666,20.6200008392334,20.690000534057617,36400.0
2012-06-05,14.605003356933594,20.559999465942383,20.690000534057617,20.260000228881836,20.600000381469727,122500.0
2012-06-06,15.393503189086914,21.670000076293945,21.670000076293945,21.010000228881836,21.010000228881836,137900.0
2012-06-07,15.549782752990723,21.889999389648438,22.440000534057617,21.829999923706055,22.200000762939453,67700.0
2012-06-08,15.698955535888672,22.100000381469727,22.18000030517578,21.559999465942383,21.6200008392334,35300.0
2012-06-11,15.429019927978516,21.719999313354492,22.420000076293945,21.670000076293945,22.420000076293945,60700.0
2012-06-12,15.940481185913086,22.440000534057617,22.459999084472656,22.100000381469727,22.329999923706055,35900.0
2012-06-13,15.968891143798828,22.479999542236328,22.770000457763672,22.329999923706055,22.450000762939453,43200.0
2012-06-14,16.189105987548828,22.790000915527344,22.84000015258789,22.450000762939453,22.520000457763672,52000.0
2012-06-15,16.657939910888672,23.450000762939453,23.530000686645508,23.010000228881836,23.100000381469727,89100.0
2012-06-18,16.43062400817871,23.1299991607666,23.18000030517578,22.899999618530273,23.0,86100.0
2012-06-19,16.970502853393555,23.889999389648438,24.110000610351562,23.549999237060547,23.549999237060547,55500.0
2012-06-20,16.93499183654785,23.84000015258789,24.059999465942383,23.549999237060547,23.93000030517578,62100.0
2012-06-21,16.181293487548828,22.5,23.440000534057617,22.5,23.43000030517578,48100.0
2012-06-22,16.598417282104492,23.079999923706055,23.1200008392334,22.829999923706055,23.079999923706055,36600.0
2012-06-25,16.303556442260742,22.670000076293945,22.770000457763672,22.56999969482422,22.770000457763672,18000.0
2012-06-26,16.699094772338867,23.219999313354492,23.290000915527344,22.899999618530273,22.969999313354492,35700.0
2012-06-27,16.684715270996094,23.200000762939453,23.25,23.0,23.09000015258789,40300.0
2012-06-28,16.317934036254883,22.690000534057617,22.739999771118164,22.399999618530273,22.639999389648438,18500.0
2012-06-29,17.116214752197266,23.799999237060547,23.940000534057617,23.600000381469727,23.729999542236328,182700.0
2012-07-02,17.00834083557129,23.649999618530273,23.649999618530273,23.360000610351562,23.6299991607666,78500.0
2012-07-03,17.19532012939453,23.90999984741211,23.969999313354492,23.540000915527344,23.649999618530273,138800.0
2012-07-05,16.85731315612793,23.440000534057617,23.549999237060547,23.25,23.5,77900.0
2012-07-06,16.490537643432617,22.93000030517578,23.09000015258789,22.799999237060547,23.09000015258789,40800.0
2012-07-09,16.54088020324707,23.0,23.0,22.709999084472656,22.850000381469727,31700.0
2012-07-10,16.37546730041504,22.770000457763672,23.149999618530273,22.700000762939453,23.149999618530273,69000.0
2012-07-11,16.32512855529785,22.700000762939453,22.950000762939453,22.56999969482422,22.809999465942383,47600.0
2012-07-12,16.116567611694336,22.40999984741211,22.540000915527344,22.280000686645508,22.389999389648438,26900.0
2012-07-13,16.468963623046875,22.899999618530273,22.90999984741211,22.65999984741211,22.700000762939453,30000.0
2012-07-16,16.454578399658203,22.8799991607666,22.959999084472656,22.670000076293945,22.8700008392334,36100.0
2012-07-17,16.677522659301758,23.190000534057617,23.290000915527344,22.809999465942383,23.040000915527344,136700.0
2012-07-18,16.591222763061523,23.06999969482422,23.100000381469727,22.760000228881836,22.760000228881836,38700.0
2012-07-19,16.749441146850586,23.290000915527344,23.329999923706055,23.010000228881836,23.040000915527344,9500.0
2012-07-20,16.339509963989258,22.719999313354492,22.84000015258789,22.639999389648438,22.84000015258789,21300.0
2012-07-23,15.663498878479004,21.780000686645508,21.8700008392334,21.649999618530273,21.75,37100.0
2012-07-24,15.570003509521484,21.649999618530273,21.8799991607666,21.59000015258789,21.8799991607666,20600.0
2012-07-25,15.922396659851074,22.139999389648438,22.260000228881836,21.959999084472656,22.219999313354492,67700.0
2012-07-26,16.34670066833496,22.729999542236328,22.93000030517578,22.530000686645508,22.81999969482422,97300.0
2012-07-27,16.749441146850586,23.290000915527344,23.420000076293945,22.989999771118164,23.040000915527344,30100.0
2012-07-30,16.763824462890625,23.309999465942383,23.329999923706055,23.079999923706055,23.110000610351562,23200.0
2012-07-31,16.699094772338867,23.219999313354492,23.360000610351562,23.170000076293945,23.270000457763672,65600.0
2012-08-01,16.66313934326172,23.170000076293945,23.459999084472656,23.1200008392334,23.3799991607666,34900.0
2012-08-02,16.461769104003906,22.889999389648438,23.040000915527344,22.639999389648438,22.969999313354492,39100.0
2012-08-03,17.38231086730957,24.170000076293945,24.190000534057617,23.68000030517578,23.68000030517578,61400.0
2012-08-06,17.691551208496094,24.600000381469727,24.700000762939453,24.469999313354492,24.469999313354492,51900.0
2012-08-07,17.720312118530273,24.639999389648438,24.760000228881836,24.579999923706055,24.579999923706055,417200.0
2012-08-08,17.634014129638672,24.520000457763672,24.56999969482422,24.299999237060547,24.389999389648438,92600.0
2012-08-09,17.986412048339844,25.010000228881836,25.010000228881836,24.56999969482422,24.56999969482422,137600.0
2012-08-10,17.86414909362793,24.84000015258789,24.90999984741211,24.600000381469727,24.829999923706055,35200.0
2012-08-13,17.81380844116211,24.770000457763672,24.979999542236328,24.65999984741211,24.850000381469727,43400.0
2012-08-14,17.821001052856445,24.780000686645508,24.920000076293945,24.739999771118164,24.920000076293945,95000.0
2012-08-15,17.85695457458496,24.829999923706055,24.860000610351562,24.6200008392334,24.6299991607666,60000.0
2012-08-16,18.25969123840332,25.389999389648438,25.450000762939453,25.020000457763672,25.100000381469727,61300.0
2012-08-17,17.97921371459961,25.0,25.1299991607666,24.799999237060547,25.09000015258789,53000.0
2012-08-20,17.892915725708008,24.8799991607666,24.940000534057617,24.690000534057617,24.940000534057617,163200.0
2012-08-21,18.051136016845703,25.100000381469727,25.440000534057617,25.030000686645508,25.219999313354492,42500.0
2012-08-22,18.144624710083008,25.229999542236328,25.260000228881836,24.850000381469727,24.850000381469727,60700.0
2012-08-23,17.972026824951172,24.989999771118164,25.100000381469727,24.84000015258789,25.049999237060547,243900.0
2012-08-24,17.993602752685547,25.020000457763672,25.209999084472656,24.770000457763672,24.790000915527344,60800.0
2012-08-27,17.84977149963379,24.81999969482422,25.06999969482422,24.809999465942383,25.059999465942383,53000.0
2012-08-28,17.921682357788086,24.920000076293945,24.920000076293945,24.770000457763672,24.8700008392334,235400.0
2012-08-29,17.346351623535156,24.1200008392334,24.459999084472656,24.110000610351562,24.459999084472656,63000.0
2012-08-30,17.159366607666016,23.860000610351562,24.200000762939453,23.790000915527344,24.190000534057617,49000.0
2012-08-31,17.540525436401367,24.389999389648438,24.530000686645508,24.229999542236328,24.40999984741211,86100.0
2012-09-04,17.40388298034668,24.200000762939453,24.389999389648438,24.049999237060547,24.389999389648438,87300.0
2012-09-05,17.482994079589844,24.309999465942383,24.43000030517578,24.239999771118164,24.31999969482422,494600.0
2012-09-06,18.05832862854004,25.110000610351562,25.149999618530273,24.520000457763672,24.520000457763672,116500.0
2012-09-07,18.61208152770996,25.8799991607666,25.920000076293945,25.56999969482422,25.600000381469727,64700.0
2012-09-10,18.439483642578125,25.639999389648438,25.920000076293945,25.600000381469727,25.739999771118164,195900.0
2012-09-11,19.01481819152832,26.440000534057617,26.459999084472656,25.959999084472656,25.969999313354492,70700.0
2012-09-12,18.885374069213867,26.260000228881836,26.479999542236328,26.25,26.450000762939453,111300.0
2012-09-13,19.61172866821289,27.270000457763672,27.360000610351562,26.18000030517578,26.270000457763672,110900.0
2012-09-14,19.913780212402344,27.690000534057617,27.940000534057617,27.59000015258789,27.610000610351562,117600.0
2012-09-17,19.56857681274414,27.209999084472656,27.68000030517578,27.18000030517578,27.649999618530273,70100.0
2012-09-18,19.47509002685547,27.079999923706055,27.200000762939453,26.940000534057617,27.100000381469727,42500.0
2012-09-19,19.55419921875,27.190000534057617,27.260000228881836,26.940000534057617,27.260000228881836,40900.0
2012-09-20,19.20180320739746,26.700000762939453,26.770000457763672,26.239999771118164,26.420000076293945,112400.0
2012-09-21,19.16584587097168,26.649999618530273,27.110000610351562,26.649999618530273,26.940000534057617,69300.0
2012-09-24,19.000436782836914,26.420000076293945,26.459999084472656,26.200000762939453,26.270000457763672,62300.0
2012-09-25,18.827836990356445,26.18000030517578,26.75,26.18000030517578,26.690000534057617,66400.0
2012-09-26,18.799070358276367,26.139999389648438,26.170000076293945,25.920000076293945,26.110000610351562,49300.0
2012-09-27,19.180225372314453,26.670000076293945,26.719999313354492,26.1200008392334,26.260000228881836,107100.0
2012-09-28,18.950090408325195,26.350000381469727,26.56999969482422,26.270000457763672,26.5,44600.0
2012-10-01,19.25214195251465,26.770000457763672,27.059999465942383,26.65999984741211,26.8799991607666,78300.0
2012-10-02,19.403167724609375,26.979999542236328,27.09000015258789,26.809999465942383,27.020000457763672,45000.0
2012-10-03,19.30967903137207,26.850000381469727,27.059999465942383,26.790000915527344,27.020000457763672,129000.0
2012-10-04,19.50385856628418,27.1200008392334,27.1200008392334,26.8799991607666,27.030000686645508,61800.0
2012-10-05,19.698028564453125,27.389999389648438,27.709999084472656,27.329999923706055,27.3799991607666,78100.0
2012-10-08,19.74837303161621,27.459999084472656,27.5,27.229999542236328,27.280000686645508,46400.0
2012-10-09,19.38878631591797,26.959999084472656,27.149999618530273,26.829999923706055,27.1200008392334,77100.0
2012-10-10,19.23056983947754,26.739999771118164,26.979999542236328,26.670000076293945,26.719999313354492,68100.0
2012-10-11,19.41755485534668,27.0,27.110000610351562,26.940000534057617,27.040000915527344,41500.0
2012-10-12,19.26653289794922,26.790000915527344,26.940000534057617,26.709999084472656,26.940000534057617,21800.0
2012-10-15,19.338441848754883,26.889999389648438,27.079999923706055,26.719999313354492,26.950000762939453,66400.0
2012-10-16,19.698028564453125,27.389999389648438,27.489999771118164,27.260000228881836,27.31999969482422,64800.0
2012-10-17,19.76275634765625,27.479999542236328,27.530000686645508,27.25,27.389999389648438,30600.0
2012-10-18,19.76275634765625,27.479999542236328,27.6200008392334,27.309999465942383,27.3700008392334,27300.0
2012-10-19,19.288103103637695,26.81999969482422,27.270000457763672,26.670000076293945,27.260000228881836,37200.0
2012-10-22,19.395978927612305,26.969999313354492,26.979999542236328,26.770000457763672,26.93000030517578,27000.0
2012-10-23,18.81344985961914,26.15999984741211,26.25,26.010000228881836,26.25,65600.0
2012-10-24,18.590511322021484,25.850000381469727,26.139999389648438,25.850000381469727,26.139999389648438,33400.0
2012-10-25,18.7199649810791,26.030000686645508,26.270000457763672,25.989999771118164,26.170000076293945,76100.0
2012-10-26,18.7199649810791,26.030000686645508,26.1299991607666,25.889999389648438,26.049999237060547,66500.0
2012-10-31,18.662425994873047,25.950000762939453,26.34000015258789,25.850000381469727,26.229999542236328,72200.0
2012-11-01,18.950090408325195,26.350000381469727,26.43000030517578,26.100000381469727,26.1200008392334,84400.0
2012-11-02,18.799070358276367,26.139999389648438,26.219999313354492,25.8700008392334,26.1200008392334,195400.0
2012-11-05,18.849409103393555,26.209999084472656,26.219999313354492,25.8799991607666,26.049999237060547,68000.0
2012-11-06,18.8781795501709,26.25,26.299999237060547,26.059999465942383,26.209999084472656,64900.0
2012-11-07,18.46825408935547,25.68000030517578,25.950000762939453,25.5,25.93000030517578,134400.0
2012-11-08,18.18777847290039,25.290000915527344,25.559999465942383,25.239999771118164,25.520000457763672,171300.0
2012-11-09,18.245311737060547,25.3700008392334,25.469999313354492,25.06999969482422,25.110000610351562,91500.0
2012-11-12,18.35318374633789,25.520000457763672,25.59000015258789,25.43000030517578,25.43000030517578,120100.0
2012-11-13,18.295650482177734,25.440000534057617,25.530000686645508,25.200000762939453,25.280000686645508,416900.0
2012-11-14,18.42510414123535,25.6200008392334,25.93000030517578,25.540000915527344,25.65999984741211,225200.0
2012-11-15,18.698379516601562,26.0,26.1299991607666,25.8799991607666,25.959999084472656,120700.0
2012-11-16,18.74153709411621,26.059999465942383,26.09000015258789,25.739999771118164,26.020000457763672,63300.0
2012-11-19,19.20180320739746,26.700000762939453,26.709999084472656,26.350000381469727,26.350000381469727,91200.0
2012-11-20,19.367210388183594,26.93000030517578,26.93000030517578,26.469999313354492,26.5,194500.0
2012-11-21,19.144268035888672,26.6200008392334,26.760000228881836,26.559999465942383,26.6200008392334,57500.0
2012-11-23,19.467893600463867,27.06999969482422,27.1200008392334,26.760000228881836,26.969999313354492,74000.0
2012-11-26,19.741180419921875,27.450000762939453,27.459999084472656,27.139999389648438,27.139999389648438,115900.0
2012-11-27,19.47509002685547,27.079999923706055,27.329999923706055,27.079999923706055,27.239999771118164,115000.0
2012-11-28,19.61172866821289,27.270000457763672,27.329999923706055,26.729999542236328,26.729999542236328,68800.0
2012-11-29,19.784326553344727,27.510000228881836,27.59000015258789,27.239999771118164,27.579999923706055,150300.0
2012-11-30,19.712411880493164,27.40999984741211,27.540000915527344,27.209999084472656,27.3799991607666,261400.0
2012-12-03,19.85624885559082,27.610000610351562,27.989999771118164,27.610000610351562,27.709999084472656,250000.0
2012-12-04,20.071998596191406,27.90999984741211,28.020000457763672,27.829999923706055,27.90999984741211,194700.0
2012-12-05,20.17987060546875,28.059999465942383,28.260000228881836,28.0,28.06999969482422,114700.0
2012-12-06,20.201446533203125,28.09000015258789,28.149999618530273,27.850000381469727,28.049999237060547,316600.0
2012-12-07,20.036039352416992,27.860000610351562,27.860000610351562,27.450000762939453,27.809999465942383,103100.0
2012-12-10,20.17987060546875,28.059999465942383,28.1299991607666,27.850000381469727,27.850000381469727,309200.0
2012-12-11,20.60418128967285,28.649999618530273,28.690000534057617,28.479999542236328,28.510000228881836,189700.0
2012-12-12,20.75520896911621,28.860000610351562,29.06999969482422,28.709999084472656,28.790000915527344,184400.0
2012-12-13,20.654518127441406,28.719999313354492,28.8700008392334,28.600000381469727,28.760000228881836,136600.0
2012-12-14,21.006916046142578,29.209999084472656,29.25,28.809999465942383,28.920000076293945,110000.0
2012-12-17,21.10040855407715,29.34000015258789,29.399999618530273,29.049999237060547,29.100000381469727,123500.0
2012-12-18,21.503881454467773,29.260000228881836,29.299999237060547,28.700000762939453,28.84000015258789,246000.0
2012-12-19,21.687618255615234,29.510000228881836,29.610000610351562,29.34000015258789,29.510000228881836,230900.0
2012-12-20,21.797853469848633,29.65999984741211,29.709999084472656,29.389999389648438,29.639999389648438,118700.0
2012-12-21,21.400989532470703,29.1200008392334,29.149999618530273,28.920000076293945,28.959999084472656,200400.0
2012-12-24,21.334850311279297,29.030000686645508,29.270000457763672,28.959999084472656,29.270000457763672,21900.0
2012-12-26,21.305452346801758,28.989999771118164,29.31999969482422,28.950000762939453,29.010000228881836,81800.0
2012-12-27,21.72435760498047,29.559999465942383,29.690000534057617,29.290000915527344,29.549999237060547,89700.0
2012-12-28,21.467134475708008,29.209999084472656,29.43000030517578,29.200000762939453,29.280000686645508,136500.0
2012-12-31,21.768457412719727,29.6200008392334,29.700000762939453,29.0,29.100000381469727,116600.0
2013-01-02,21.90074348449707,29.799999237060547,29.979999542236328,29.520000457763672,29.860000610351562,220500.0
2013-01-03,21.452438354492188,29.190000534057617,29.540000915527344,29.139999389648438,29.399999618530273,258800.0
2013-01-04,21.32015037536621,29.010000228881836,29.049999237060547,28.68000030517578,28.829999923706055,332800.0
2013-01-07,21.12171745300293,28.739999771118164,28.75,28.309999465942383,28.600000381469727,320500.0
2013-01-08,20.974735260009766,28.540000915527344,28.540000915527344,28.260000228881836,28.530000686645508,182200.0
2013-01-09,21.084976196289062,28.690000534057617,28.719999313354492,28.350000381469727,28.43000030517578,129500.0
2013-01-10,21.489179611206055,29.239999771118164,29.31999969482422,28.899999618530273,29.1200008392334,226600.0
2013-01-11,21.452438354492188,29.190000534057617,29.239999771118164,29.059999465942383,29.209999084472656,95800.0
2013-01-14,21.53327751159668,29.299999237060547,29.299999237060547,28.959999084472656,29.200000762939453,198700.0
2013-01-15,21.24665641784668,28.90999984741211,28.93000030517578,28.6299991607666,28.770000457763672,147800.0
2013-01-16,21.312803268432617,29.0,29.06999969482422,28.670000076293945,28.739999771118164,58200.0
2013-01-17,21.628820419311523,29.43000030517578,29.540000915527344,29.239999771118164,29.329999923706055,82000.0
2013-01-18,21.371597290039062,29.079999923706055,29.139999389648438,28.780000686645508,29.1200008392334,61600.0
2013-01-22,21.158470153808594,28.790000915527344,28.809999465942383,28.610000610351562,28.790000915527344,116300.0
2013-01-23,21.13641929626465,28.760000228881836,28.790000915527344,28.549999237060547,28.719999313354492,174300.0
2013-01-24,21.06292724609375,28.65999984741211,28.829999923706055,28.549999237060547,28.549999237060547,119700.0
2013-01-25,21.224611282348633,28.8799991607666,28.989999771118164,28.639999389648438,28.920000076293945,106600.0
2013-01-28,20.879196166992188,28.40999984741211,28.479999542236328,28.219999313354492,28.479999542236328,139000.0
2013-01-29,21.026180267333984,28.610000610351562,28.6299991607666,28.260000228881836,28.260000228881836,139000.0
2013-01-30,20.73956298828125,28.219999313354492,28.450000762939453,28.170000076293945,28.360000610351562,434700.0
2013-01-31,20.9012451171875,28.440000534057617,28.459999084472656,28.229999542236328,28.280000686645508,188400.0
2013-02-01,21.20256233215332,28.850000381469727,28.940000534057617,28.540000915527344,28.690000534057617,218900.0
2013-02-04,20.68811798095703,28.149999618530273,28.540000915527344,27.979999542236328,28.479999542236328,639200.0
2013-02-05,20.776304244995117,28.270000457763672,28.3799991607666,28.110000610351562,28.170000076293945,440000.0
2013-02-06,20.599925994873047,28.030000686645508,28.139999389648438,27.84000015258789,27.90999984741211,424400.0
2013-02-07,20.474990844726562,27.860000610351562,28.040000915527344,27.639999389648438,28.040000915527344,270600.0
2013-02-08,20.680763244628906,28.139999389648438,28.280000686645508,28.010000228881836,28.010000228881836,201000.0
2013-02-11,20.81304931640625,28.31999969482422,28.34000015258789,28.059999465942383,28.15999984741211,93200.0
2013-02-12,20.511735916137695,27.90999984741211,28.0,27.690000534057617,27.889999389648438,98100.0
2013-02-13,20.614620208740234,28.049999237060547,28.059999465942383,27.920000076293945,28.0,100400.0
2013-02-14,20.232463836669922,27.530000686645508,27.540000915527344,27.309999465942383,27.43000030517578,342500.0
2013-02-15,20.144271850585938,27.40999984741211,27.600000381469727,27.40999984741211,27.540000915527344,120100.0
2013-02-19,20.364748001098633,27.709999084472656,27.809999465942383,27.559999465942383,27.690000534057617,111300.0
2013-02-20,19.94584083557129,27.139999389648438,27.739999771118164,27.059999465942383,27.739999771118164,137300.0
2013-02-21,19.784160614013672,26.920000076293945,27.040000915527344,26.729999542236328,26.8700008392334,239600.0
2013-02-22,19.850299835205078,27.010000228881836,27.059999465942383,26.809999465942383,26.950000762939453,98900.0
2013-02-25,19.3946475982666,26.389999389648438,27.59000015258789,26.329999923706055,27.56999969482422,355400.0
2013-02-26,19.66657066345215,26.760000228881836,26.780000686645508,26.5,26.56999969482422,143600.0
2013-02-27,19.982587814331055,27.190000534057617,27.239999771118164,26.729999542236328,26.780000686645508,111600.0
2013-02-28,19.79151153564453,26.93000030517578,27.200000762939453,26.93000030517578,27.110000610351562,110300.0
2013-03-01,20.011981964111328,27.229999542236328,27.229999542236328,26.850000381469727,26.889999389648438,195200.0
2013-03-04,19.9311466217041,27.1200008392334,27.1200008392334,26.790000915527344,26.969999313354492,374400.0
2013-03-05,20.158971786499023,27.43000030517578,27.469999313354492,27.31999969482422,27.34000015258789,110400.0
2013-03-06,20.07077980041504,27.309999465942383,27.399999618530273,27.190000534057617,27.350000381469727,314700.0
2013-03-07,20.195716857910156,27.479999542236328,27.489999771118164,27.290000915527344,27.3799991607666,79800.0
2013-03-08,20.269210815429688,27.579999923706055,27.649999618530273,27.399999618530273,27.600000381469727,124000.0
2013-03-11,20.181015014648438,27.459999084472656,27.520000457763672,27.239999771118164,27.450000762939453,139200.0
2013-03-12,20.13692283630371,27.399999618530273,27.559999465942383,27.290000915527344,27.510000228881836,119600.0
2013-03-13,19.938495635986328,27.1299991607666,27.239999771118164,27.049999237060547,27.209999084472656,122700.0
2013-03-14,20.188365936279297,27.469999313354492,27.530000686645508,27.350000381469727,27.360000610351562,123500.0
2013-03-15,20.181015014648438,27.459999084472656,27.729999542236328,27.40999984741211,27.690000534057617,91800.0
2013-03-18,19.6812744140625,26.780000686645508,27.079999923706055,26.670000076293945,26.829999923706055,172800.0
2013-03-19,19.50489044189453,26.540000915527344,26.780000686645508,26.209999084472656,26.68000030517578,153200.0
2013-03-20,19.50489044189453,26.540000915527344,26.760000228881836,26.489999771118164,26.760000228881836,132100.0
2013-03-21,19.019834518432617,25.8799991607666,26.260000228881836,25.8799991607666,26.229999542236328,117200.0
2013-03-22,19.122726440429688,26.020000457763672,26.09000015258789,25.8799991607666,25.950000762939453,106500.0
2013-03-25,18.66707420349121,25.399999618530273,26.100000381469727,25.239999771118164,26.0,88700.0
2013-03-26,18.68912124633789,25.43000030517578,25.43000030517578,25.170000076293945,25.229999542236328,111300.0
2013-03-27,18.806705474853516,25.59000015258789,25.600000381469727,25.1200008392334,25.229999542236328,113200.0
2013-03-28,18.887554168701172,25.700000762939453,25.780000686645508,25.530000686645508,25.530000686645508,71900.0
2013-04-01,18.718521118164062,25.469999313354492,25.770000457763672,25.420000076293945,25.770000457763672,140800.0
2013-04-02,18.74791145324707,25.510000228881836,25.639999389648438,25.420000076293945,25.6299991607666,176000.0
2013-04-03,18.439247131347656,25.09000015258789,25.309999465942383,24.940000534057617,25.260000228881836,195700.0
2013-04-04,18.68177604675293,25.420000076293945,25.510000228881836,25.059999465942383,25.059999465942383,153100.0
2013-04-05,19.01249122619629,25.8700008392334,25.90999984741211,25.43000030517578,25.43000030517578,185500.0
2013-04-08,19.108030319213867,26.0,26.059999465942383,25.81999969482422,25.969999313354492,215100.0
2013-04-09,19.26970672607422,26.219999313354492,26.360000610351562,25.90999984741211,25.989999771118164,85800.0
2013-04-10,19.424043655395508,26.43000030517578,26.56999969482422,26.3799991607666,26.459999084472656,147400.0
2013-04-11,19.695966720581055,26.799999237060547,26.90999984741211,26.43000030517578,26.469999313354492,271300.0
2013-04-12,19.718013763427734,26.829999923706055,26.899999618530273,26.540000915527344,26.760000228881836,286400.0
2013-04-15,18.961042404174805,25.799999237060547,26.56999969482422,25.799999237060547,26.399999618530273,124100.0
2013-04-16,19.534284591674805,26.579999923706055,26.600000381469727,26.209999084472656,26.270000457763672,147700.0
2013-04-17,18.81406021118164,25.600000381469727,25.969999313354492,25.450000762939453,25.969999313354492,173700.0
2013-04-18,18.564186096191406,25.260000228881836,25.540000915527344,25.219999313354492,25.540000915527344,129800.0
2013-04-19,18.769968032836914,25.540000915527344,25.610000610351562,25.40999984741211,25.469999313354492,83300.0
2013-04-22,18.66707420349121,25.399999618530273,25.43000030517578,25.139999389648438,25.260000228881836,85000.0
2013-04-23,18.32166290283203,24.93000030517578,25.049999237060547,24.729999542236328,24.84000015258789,200200.0
2013-04-24,18.453948974609375,25.110000610351562,25.200000762939453,24.690000534057617,24.729999542236328,243400.0
2013-04-25,18.40985107421875,25.049999237060547,25.260000228881836,25.040000915527344,25.18000030517578,77500.0
2013-04-26,18.431900024414062,25.079999923706055,25.229999542236328,25.049999237060547,25.110000610351562,116600.0
2013-04-29,18.821413040161133,25.610000610351562,25.6299991607666,25.399999618530273,25.399999618530273,124300.0
2013-04-30,18.983091354370117,25.829999923706055,25.850000381469727,25.459999084472656,25.459999084472656,112600.0
2013-05-01,18.79936408996582,25.579999923706055,25.8700008392334,25.520000457763672,25.8700008392334,63700.0
2013-05-02,18.821413040161133,25.610000610351562,25.670000076293945,25.5,25.559999465942383,268400.0
2013-05-03,19.078636169433594,25.959999084472656,26.059999465942383,25.829999923706055,25.829999923706055,149700.0
2013-05-06,19.02719497680664,25.889999389648438,25.950000762939453,25.739999771118164,25.81999969482422,146100.0
2013-05-07,19.152124404907227,26.059999465942383,26.260000228881836,25.989999771118164,26.149999618530273,69600.0
2013-05-08,19.47549057006836,26.5,26.520000457763672,26.3700008392334,26.3700008392334,67300.0
2013-05-09,19.16682243347168,26.079999923706055,26.3700008392334,25.93000030517578,26.309999465942383,127900.0
2013-05-10,19.01249122619629,25.8700008392334,25.93000030517578,25.670000076293945,25.8700008392334,85300.0
2013-05-13,19.078636169433594,25.959999084472656,25.979999542236328,25.790000915527344,25.889999389648438,215400.0
2013-05-14,19.31380844116211,26.280000686645508,26.360000610351562,26.209999084472656,26.229999542236328,64900.0
2013-05-15,19.328502655029297,26.299999237060547,26.309999465942383,26.010000228881836,26.040000915527344,87300.0
2013-05-16,19.152124404907227,26.059999465942383,26.309999465942383,26.030000686645508,26.239999771118164,67800.0
2013-05-17,19.291757583618164,26.25,26.309999465942383,26.059999465942383,26.25,50900.0
2013-05-20,19.32115936279297,26.290000915527344,26.34000015258789,26.09000015258789,26.31999969482422,126600.0
2013-05-21,19.240314483642578,26.18000030517578,26.260000228881836,25.93000030517578,26.170000076293945,23700.0
2013-05-22,18.82876205444336,25.6200008392334,26.469999313354492,25.59000015258789,26.18000030517578,174600.0
2013-05-23,19.122726440429688,26.020000457763672,26.049999237060547,25.649999618530273,25.68000030517578,172700.0
2013-05-24,19.306459426879883,26.270000457763672,26.280000686645508,26.079999923706055,26.139999389648438,115600.0
2013-05-28,19.76210594177246,26.889999389648438,27.299999237060547,26.829999923706055,27.229999542236328,163600.0
2013-05-29,19.60042381286621,26.670000076293945,26.93000030517578,26.65999984741211,26.829999923706055,154800.0
2013-05-30,19.629825592041016,26.709999084472656,26.8700008392334,26.68000030517578,26.729999542236328,83500.0
2013-05-31,19.40199851989746,26.399999618530273,26.75,26.389999389648438,26.610000610351562,283900.0
2013-06-03,19.80620574951172,26.950000762939453,27.0,26.260000228881836,26.450000762939453,290300.0
2013-06-04,19.73271942138672,26.850000381469727,27.09000015258789,26.780000686645508,26.959999084472656,153300.0
2013-06-05,19.548982620239258,26.600000381469727,27.110000610351562,26.579999923706055,27.079999923706055,184600.0
2013-06-06,19.90909194946289,27.09000015258789,27.110000610351562,26.6200008392334,26.690000534057617,166800.0
2013-06-07,20.254514694213867,27.559999465942383,27.829999923706055,27.299999237060547,27.3700008392334,131100.0
2013-06-10,20.320653915405273,27.649999618530273,27.799999237060547,27.489999771118164,27.6200008392334,106100.0
2013-06-11,20.31330680847168,27.639999389648438,27.780000686645508,27.329999923706055,27.43000030517578,116000.0
2013-06-12,20.21041488647461,27.5,27.850000381469727,27.479999542236328,27.850000381469727,93600.0
2013-06-13,20.78365707397461,28.280000686645508,28.309999465942383,27.559999465942383,27.610000610351562,162200.0
2013-06-14,20.31330680847168,27.639999389648438,28.1299991607666,27.579999923706055,28.059999465942383,204800.0
2013-06-17,20.44559097290039,27.81999969482422,27.979999542236328,27.549999237060547,27.979999542236328,131900.0
2013-06-18,20.48233985900879,27.8700008392334,27.920000076293945,27.670000076293945,27.690000534057617,287100.0
2013-06-19,19.607776641845703,26.68000030517578,27.690000534057617,26.68000030517578,27.649999618530273,169900.0
2013-06-20,18.46129608154297,25.1200008392334,26.1299991607666,24.75,26.1299991607666,438700.0
2013-06-21,18.277563095092773,24.8700008392334,25.059999465942383,24.40999984741211,25.049999237060547,306500.0
2013-06-24,18.32166290283203,24.93000030517578,25.110000610351562,24.520000457763672,24.670000076293945,246800.0
2013-06-25,18.380455017089844,25.010000228881836,25.030000686645508,24.719999313354492,25.010000228881836,143000.0
2013-06-26,18.20407485961914,24.770000457763672,24.81999969482422,24.469999313354492,24.6299991607666,254000.0
2013-06-27,17.653472900390625,23.790000915527344,24.09000015258789,23.530000686645508,24.049999237060547,291200.0
2013-06-28,18.0467529296875,24.31999969482422,24.450000762939453,24.0,24.100000381469727,151300.0
2013-07-01,18.12096405029297,24.420000076293945,24.56999969482422,24.3700008392334,24.549999237060547,129400.0
2013-07-02,18.12838363647461,24.43000030517578,24.899999618530273,24.309999465942383,24.6200008392334,402400.0
2013-07-03,18.39552116394043,24.790000915527344,24.899999618530273,24.469999313354492,24.579999923706055,75500.0
2013-07-05,18.05417823791504,24.329999923706055,24.469999313354492,24.170000076293945,24.469999313354492,93000.0
2013-07-08,18.017074584960938,24.280000686645508,24.34000015258789,24.079999923706055,24.229999542236328,1772700.0
2013-07-09,17.76477813720703,23.940000534057617,24.059999465942383,23.780000686645508,24.020000457763672,1147600.0
2013-07-10,18.039337158203125,24.309999465942383,24.6200008392334,24.149999618530273,24.149999618530273,205100.0
2013-07-11,18.959484100341797,25.549999237060547,25.6200008392334,25.020000457763672,25.020000457763672,1277600.0
2013-07-12,19.018848419189453,25.6299991607666,25.690000534057617,25.34000015258789,25.389999389648438,557000.0
2013-07-15,19.100475311279297,25.739999771118164,25.850000381469727,25.600000381469727,25.600000381469727,117400.0
2013-07-16,19.397296905517578,26.139999389648438,26.170000076293945,25.8799991607666,26.020000457763672,203800.0
2013-07-17,19.47150230407715,26.239999771118164,26.399999618530273,26.09000015258789,26.290000915527344,84900.0
2013-07-18,19.285985946655273,25.989999771118164,26.06999969482422,25.93000030517578,26.010000228881836,83800.0
2013-07-19,19.486339569091797,26.260000228881836,26.360000610351562,25.920000076293945,26.0,771800.0
2013-07-22,19.746061325073242,26.610000610351562,26.639999389648438,26.43000030517578,26.479999542236328,799200.0
2013-07-23,19.91673469543457,26.84000015258789,26.90999984741211,26.5,26.59000015258789,142700.0
2013-07-24,19.746061325073242,26.610000610351562,26.850000381469727,26.489999771118164,26.829999923706055,155800.0
2013-07-25,19.90931510925293,26.829999923706055,26.829999923706055,26.389999389648438,26.420000076293945,114300.0
2013-07-26,19.812847137451172,26.700000762939453,26.719999313354492,26.34000015258789,26.459999084472656,195500.0
2013-07-29,19.77574348449707,26.649999618530273,26.729999542236328,26.360000610351562,26.520000457763672,76700.0
2013-07-30,19.68669319152832,26.530000686645508,26.68000030517578,26.40999984741211,26.68000030517578,70300.0
2013-07-31,19.849946975708008,26.75,26.969999313354492,26.489999771118164,26.579999923706055,218400.0
2013-08-01,19.998361587524414,26.950000762939453,27.0,26.780000686645508,26.940000534057617,1386700.0
2013-08-02,20.599424362182617,27.760000228881836,27.809999465942383,27.399999618530273,27.399999618530273,145400.0
2013-08-05,20.599424362182617,27.760000228881836,27.790000915527344,27.6200008392334,27.75,186800.0
2013-08-06,20.421329498291016,27.520000457763672,27.719999313354492,27.450000762939453,27.719999313354492,169100.0
2013-08-07,20.562320709228516,27.709999084472656,27.850000381469727,27.56999969482422,27.56999969482422,117100.0
2013-08-08,21.230167388916016,28.610000610351562,28.670000076293945,28.229999542236328,28.309999465942383,242000.0
2013-08-09,21.074337005615234,28.399999618530273,28.549999237060547,28.219999313354492,28.350000381469727,133700.0
2013-08-12,21.126283645629883,28.469999313354492,28.559999465942383,28.31999969482422,28.399999618530273,175000.0
2013-08-13,21.111438751220703,28.450000762939453,28.610000610351562,28.25,28.3799991607666,170700.0
2013-08-14,21.237592697143555,28.6200008392334,28.719999313354492,28.549999237060547,28.610000610351562,90100.0
2013-08-15,20.99271011352539,28.290000915527344,28.309999465942383,27.760000228881836,28.190000534057617,655800.0
2013-08-16,20.903663635253906,28.170000076293945,28.65999984741211,28.100000381469727,28.649999618530273,196600.0
2013-08-19,20.651369094848633,27.829999923706055,28.170000076293945,27.829999923706055,27.959999084472656,217600.0
2013-08-20,20.747833251953125,27.959999084472656,28.1299991607666,27.920000076293945,28.059999465942383,140900.0
2013-08-21,20.436172485351562,27.540000915527344,27.989999771118164,27.5,27.969999313354492,333900.0
2013-08-22,20.881399154663086,28.139999389648438,28.260000228881836,28.0,28.0,194700.0
2013-08-23,21.126283645629883,28.469999313354492,28.489999771118164,28.260000228881836,28.3799991607666,67700.0
2013-08-26,20.85914421081543,28.110000610351562,28.5,28.059999465942383,28.5,165100.0
2013-08-27,20.361967086791992,27.440000534057617,27.649999618530273,27.329999923706055,27.6299991607666,277700.0
2013-08-28,20.07256507873535,27.049999237060547,27.290000915527344,26.889999389648438,27.030000686645508,1656900.0
2013-08-29,19.938997268676758,26.8700008392334,27.1299991607666,26.829999923706055,27.0,745900.0
2013-08-30,20.102249145507812,27.09000015258789,27.139999389648438,26.979999542236328,27.139999389648438,183000.0
2013-09-03,20.079986572265625,27.059999465942383,27.290000915527344,26.899999618530273,27.290000915527344,373300.0
2013-09-04,19.790584564208984,26.670000076293945,26.690000534057617,26.3799991607666,26.639999389648438,286000.0
2013-09-05,18.892698287963867,25.459999084472656,25.479999542236328,24.770000457763672,25.059999465942383,2394900.0
2013-09-06,19.1375789642334,25.790000915527344,26.0,25.6200008392334,25.829999923706055,359500.0
2013-09-09,19.983518600463867,26.93000030517578,26.940000534057617,26.239999771118164,26.389999389648438,232500.0
2013-09-10,20.44359016418457,27.549999237060547,27.56999969482422,27.329999923706055,27.389999389648438,162200.0
2013-09-11,20.933345794677734,28.209999084472656,28.229999542236328,27.719999313354492,27.719999313354492,115300.0
2013-09-12,20.822038650512695,28.059999465942383,28.40999984741211,28.059999465942383,28.209999084472656,338300.0
2013-09-13,20.777515411376953,28.0,28.209999084472656,27.770000457763672,28.149999618530273,2054500.0
2013-09-16,20.614267349243164,27.780000686645508,28.209999084472656,27.709999084472656,28.200000762939453,2355800.0
2013-09-17,20.69588851928711,27.889999389648438,28.010000228881836,27.81999969482422,27.850000381469727,350000.0
2013-09-18,21.979644775390625,29.6200008392334,29.899999618530273,27.649999618530273,27.729999542236328,423200.0
2013-09-19,21.6011962890625,29.110000610351562,29.239999771118164,28.889999389648438,29.09000015258789,351800.0
2013-09-20,21.296951293945312,28.700000762939453,29.0,28.670000076293945,28.709999084472656,134400.0
2013-09-23,21.193069458007812,28.559999465942383,28.719999313354492,28.450000762939453,28.600000381469727,163900.0
2013-09-24,21.029815673828125,28.34000015258789,28.559999465942383,28.31999969482422,28.520000457763672,994100.0
2013-09-25,21.311798095703125,28.719999313354492,28.920000076293945,28.59000015258789,28.610000610351562,235200.0
2013-09-26,21.63088035583496,29.149999618530273,29.219999313354492,28.940000534057617,29.0,194800.0
2013-09-27,21.46763038635254,28.93000030517578,29.06999969482422,28.8799991607666,28.959999084472656,125700.0
2013-09-30,21.252429962158203,28.639999389648438,28.75,28.520000457763672,28.729999542236328,171000.0
2013-10-01,21.48246955871582,28.950000762939453,29.010000228881836,28.639999389648438,28.709999084472656,844200.0
2013-10-02,21.697668075561523,29.239999771118164,29.280000686645508,28.920000076293945,28.959999084472656,255500.0
2013-10-03,21.78670883178711,29.360000610351562,29.450000762939453,29.1200008392334,29.440000534057617,113200.0
2013-10-04,21.68282127380371,29.219999313354492,29.229999542236328,29.0,29.100000381469727,154800.0
2013-10-07,21.46763038635254,28.93000030517578,29.020000457763672,28.790000915527344,28.920000076293945,170300.0
2013-10-08,21.22275161743164,28.600000381469727,29.06999969482422,28.530000686645508,28.8700008392334,171900.0
2013-10-09,21.437944412231445,28.889999389648438,28.989999771118164,28.670000076293945,28.799999237060547,68000.0
2013-10-10,22.41745376586914,30.209999084472656,30.209999084472656,29.520000457763672,29.520000457763672,323400.0
2013-10-11,22.632654190063477,30.5,30.520000457763672,30.040000915527344,30.389999389648438,94000.0
2013-10-14,22.936899185180664,30.90999984741211,31.0,30.559999465942383,30.559999465942383,219700.0
2013-10-15,22.662330627441406,30.540000915527344,31.0,30.469999313354492,30.940000534057617,423400.0
2013-10-16,22.966571807861328,30.950000762939453,31.110000610351562,30.709999084472656,30.979999542236328,136800.0
2013-10-17,23.144668579101562,31.190000534057617,31.229999542236328,30.93000030517578,30.93000030517578,179900.0
2013-10-18,22.810745239257812,30.739999771118164,30.829999923706055,30.520000457763672,30.65999984741211,146900.0
2013-10-21,23.396968841552734,31.530000686645508,31.6200008392334,31.260000228881836,31.389999389648438,627900.0
2013-10-22,23.678951263427734,31.90999984741211,32.0,31.600000381469727,31.760000228881836,229000.0
2013-10-23,23.18177032470703,31.239999771118164,31.549999237060547,31.229999542236328,31.520000457763672,135600.0
2013-10-24,23.478593826293945,31.639999389648438,31.850000381469727,31.59000015258789,31.6200008392334,224900.0
2013-10-25,23.701210021972656,31.940000534057617,31.979999542236328,31.639999389648438,31.639999389648438,162000.0
2013-10-28,23.716049194335938,31.959999084472656,32.11000061035156,31.8799991607666,31.969999313354492,153500.0
2013-10-29,23.7828311920166,32.04999923706055,32.20000076293945,31.959999084472656,32.150001525878906,416700.0
2013-10-30,23.255977630615234,31.34000015258789,31.950000762939453,31.239999771118164,31.950000762939453,156600.0
2013-10-31,22.90721321105957,30.8700008392334,31.440000534057617,30.8700008392334,31.440000534057617,142300.0
2013-11-01,22.669750213623047,30.549999237060547,30.829999923706055,30.350000381469727,30.829999923706055,215100.0
2013-11-04,23.137245178222656,31.18000030517578,31.229999542236328,30.989999771118164,31.15999984741211,129100.0
2013-11-05,22.684595108032227,30.56999969482422,30.8700008392334,30.559999465942383,30.8700008392334,155600.0
2013-11-06,23.055620193481445,31.06999969482422,31.229999542236328,31.020000457763672,31.190000534057617,85800.0
2013-11-07,22.39519500732422,30.18000030517578,30.90999984741211,30.170000076293945,30.90999984741211,221400.0
2013-11-08,22.48423957824707,30.299999237060547,30.329999923706055,30.059999465942383,30.219999313354492,180400.0
2013-11-11,22.328411102294922,30.09000015258789,30.299999237060547,30.040000915527344,30.299999237060547,102700.0
2013-11-12,22.35809326171875,30.1299991607666,30.420000076293945,30.0,30.219999313354492,475800.0
2013-11-13,22.439712524414062,30.239999771118164,30.31999969482422,29.780000686645508,29.989999771118164,236800.0
2013-11-14,22.699438095092773,30.59000015258789,30.610000610351562,30.260000228881836,30.280000686645508,229600.0
2013-11-15,23.114988327026367,31.149999618530273,31.200000762939453,30.8700008392334,30.969999313354492,392700.0
2013-11-18,23.634418487548828,31.850000381469727,32.150001525878906,31.639999389648438,31.760000228881836,346600.0
2013-11-19,23.44891357421875,31.600000381469727,31.8700008392334,31.540000915527344,31.799999237060547,260300.0
2013-11-20,22.929471969604492,30.899999618530273,31.65999984741211,30.850000381469727,31.649999618530273,216100.0
2013-11-21,23.263395309448242,31.350000381469727,31.399999618530273,31.15999984741211,31.309999465942383,92800.0
2013-11-22,23.530540466308594,31.709999084472656,31.75,31.420000076293945,31.540000915527344,73400.0
2013-11-25,23.36728286743164,31.489999771118164,31.850000381469727,31.479999542236328,31.850000381469727,192200.0
2013-11-26,23.330183029174805,31.440000534057617,31.5,31.170000076293945,31.3700008392334,128900.0
2013-11-27,23.404390335083008,31.540000915527344,31.6200008392334,31.3799991607666,31.5,291100.0
2013-11-29,23.396968841552734,31.530000686645508,31.690000534057617,31.43000030517578,31.469999313354492,186700.0
2013-12-02,22.72911834716797,30.6299991607666,31.420000076293945,30.540000915527344,31.420000076293945,296600.0
2013-12-03,22.580707550048828,30.43000030517578,30.81999969482422,30.34000015258789,30.700000762939453,406400.0
2013-12-04,22.54360580444336,30.3799991607666,30.450000762939453,30.1299991607666,30.1299991607666,127600.0
2013-12-05,22.5881290435791,30.440000534057617,30.75,30.360000610351562,30.360000610351562,145500.0
2013-12-06,23.01852035522461,31.020000457763672,31.040000915527344,30.739999771118164,30.790000915527344,97300.0
2013-12-09,22.966571807861328,30.950000762939453,31.1200008392334,30.899999618530273,31.0,136100.0
2013-12-10,22.90721321105957,30.8700008392334,30.899999618530273,30.549999237060547,30.549999237060547,117000.0
2013-12-11,22.699438095092773,30.59000015258789,31.06999969482422,30.59000015258789,30.979999542236328,195400.0
2013-12-12,22.476823806762695,30.290000915527344,30.489999771118164,30.270000457763672,30.43000030517578,87600.0
2013-12-13,22.439712524414062,30.239999771118164,30.299999237060547,29.979999542236328,30.299999237060547,81600.0
2013-12-16,22.469404220581055,30.280000686645508,30.389999389648438,30.15999984741211,30.34000015258789,64700.0
2013-12-17,22.08353042602539,29.760000228881836,29.959999084472656,29.729999542236328,29.940000534057617,83600.0
2013-12-18,22.291994094848633,29.299999237060547,29.450000762939453,28.450000762939453,29.09000015258789,286900.0
2013-12-19,21.980058670043945,28.889999389648438,28.979999542236328,28.559999465942383,28.920000076293945,686600.0
2013-12-20,21.96484375,28.8700008392334,29.06999969482422,28.829999923706055,29.010000228881836,160300.0
2013-12-23,22.406118392944336,29.450000762939453,29.639999389648438,29.299999237060547,29.43000030517578,157900.0
2013-12-24,22.482200622558594,29.549999237060547,29.65999984741211,29.299999237060547,29.459999084472656,27300.0
2013-12-26,22.360469818115234,29.389999389648438,29.6200008392334,29.389999389648438,29.6200008392334,52200.0
2013-12-27,22.68001365661621,29.809999465942383,29.90999984741211,29.43000030517578,29.8700008392334,750400.0
2013-12-30,22.626758575439453,29.739999771118164,29.860000610351562,29.540000915527344,29.540000915527344,91900.0
2013-12-31,22.581106185913086,29.68000030517578,29.799999237060547,29.479999542236328,29.690000534057617,165900.0
2014-01-02,22.155052185058594,29.1200008392334,29.770000457763672,29.06999969482422,29.639999389648438,946200.0
2014-01-03,22.025711059570312,28.950000762939453,29.389999389648438,28.829999923706055,29.389999389648438,378900.0
2014-01-06,21.919193267822266,28.809999465942383,29.65999984741211,28.760000228881836,29.649999618530273,153100.0
2014-01-07,21.6605167388916,28.469999313354492,28.639999389648438,28.299999237060547,28.639999389648438,110400.0
2014-01-08,21.774642944335938,28.6200008392334,28.639999389648438,28.209999084472656,28.25,438700.0
2014-01-09,21.50835418701172,28.270000457763672,28.670000076293945,27.979999542236328,28.440000534057617,382300.0
2014-01-10,21.797462463378906,28.649999618530273,28.670000076293945,28.110000610351562,28.219999313354492,307400.0
2014-01-13,21.70616340637207,28.530000686645508,28.940000534057617,28.450000762939453,28.81999969482422,192700.0
2014-01-14,22.299606323242188,29.309999465942383,29.350000381469727,28.920000076293945,29.1200008392334,163500.0
2014-01-15,22.18548011779785,29.15999984741211,29.219999313354492,28.90999984741211,28.940000534057617,475000.0
2014-01-16,22.19308853149414,29.170000076293945,29.360000610351562,28.950000762939453,29.360000610351562,152700.0
2014-01-17,21.759422302246094,28.600000381469727,28.850000381469727,28.510000228881836,28.850000381469727,83600.0
2014-01-21,22.07896614074707,29.020000457763672,29.260000228881836,28.889999389648438,29.1200008392334,119900.0
2014-01-22,22.360469818115234,29.389999389648438,29.420000076293945,29.0,29.170000076293945,135400.0
2014-01-23,22.223526000976562,29.209999084472656,29.469999313354492,28.989999771118164,29.399999618530273,205200.0
2014-01-24,21.401836395263672,28.1299991607666,28.760000228881836,28.049999237060547,28.690000534057617,274000.0
2014-01-27,21.226850509643555,27.899999618530273,28.1299991607666,27.739999771118164,28.030000686645508,294400.0
2014-01-28,21.493135452270508,28.25,28.420000076293945,28.1200008392334,28.309999465942383,226100.0
2014-01-29,21.097509384155273,27.729999542236328,28.049999237060547,27.59000015258789,27.790000915527344,140100.0
2014-01-30,21.150768280029297,27.799999237060547,27.989999771118164,27.670000076293945,27.790000915527344,303600.0
2014-01-31,21.249677658081055,27.93000030517578,28.049999237060547,27.6299991607666,27.6299991607666,132100.0
2014-02-03,20.93012809753418,27.510000228881836,28.31999969482422,27.420000076293945,28.110000610351562,207400.0
2014-02-04,21.55400276184082,28.329999923706055,28.469999313354492,28.09000015258789,28.09000015258789,154200.0
2014-02-05,21.850723266601562,28.719999313354492,28.790000915527344,28.40999984741211,28.440000534057617,147700.0
2014-02-06,22.36807632446289,29.399999618530273,29.450000762939453,28.989999771118164,29.1299991607666,293900.0
2014-02-07,22.543062210083008,29.6299991607666,29.739999771118164,29.309999465942383,29.389999389648438,166800.0
2014-02-10,22.352859497070312,29.3799991607666,29.649999618530273,29.239999771118164,29.510000228881836,131600.0
2014-02-11,22.756093978881836,29.90999984741211,30.0,29.540000915527344,29.600000381469727,185700.0
2014-02-12,22.786529541015625,29.950000762939453,30.399999618530273,29.950000762939453,30.239999771118164,202000.0
2014-02-13,23.250627517700195,30.559999465942383,30.559999465942383,30.149999618530273,30.229999542236328,214300.0
2014-02-14,23.250627517700195,30.559999465942383,30.700000762939453,30.260000228881836,30.260000228881836,132000.0
2014-02-18,23.022384643554688,30.260000228881836,30.75,30.25,30.65999984741211,182200.0
2014-02-19,22.839786529541016,30.020000457763672,30.489999771118164,29.989999771118164,30.049999237060547,721000.0
2014-02-20,23.029991149902344,30.270000457763672,30.329999923706055,29.950000762939453,29.989999771118164,198800.0
2014-02-21,23.265846252441406,30.579999923706055,30.65999984741211,30.399999618530273,30.510000228881836,135200.0
2014-02-24,23.410398483276367,30.770000457763672,31.09000015258789,30.65999984741211,30.729999542236328,126300.0
2014-02-25,23.31909942626953,30.649999618530273,31.040000915527344,30.5,31.040000915527344,266200.0
2014-02-26,22.763702392578125,29.920000076293945,30.40999984741211,29.81999969482422,30.399999618530273,463800.0
2014-02-27,23.113677978515625,30.3799991607666,30.450000762939453,29.979999542236328,29.979999542236328,260900.0
2014-02-28,23.456050872802734,30.829999923706055,30.969999313354492,30.579999923706055,30.729999542236328,359500.0
2014-03-03,21.93441390991211,28.829999923706055,29.709999084472656,28.790000915527344,29.530000686645508,742100.0
2014-03-04,22.69523048400879,29.829999923706055,30.09000015258789,29.670000076293945,30.030000686645508,645100.0
2014-03-05,22.649585723876953,29.770000457763672,29.8700008392334,29.670000076293945,29.709999084472656,282000.0
2014-03-06,23.022384643554688,30.260000228881836,30.3799991607666,30.059999465942383,30.059999465942383,323500.0
2014-03-07,22.6876220703125,29.81999969482422,29.979999542236328,29.59000015258789,29.979999542236328,166000.0
2014-03-10,22.421337127685547,29.469999313354492,29.739999771118164,29.25,29.739999771118164,96400.0
2014-03-11,22.040925979614258,28.969999313354492,29.459999084472656,28.93000030517578,29.270000457763672,170200.0
2014-03-12,22.086572647094727,29.030000686645508,29.040000915527344,28.700000762939453,28.920000076293945,111400.0
2014-03-13,21.34857940673828,28.059999465942383,29.139999389648438,27.969999313354492,29.100000381469727,231500.0
2014-03-14,21.561613082885742,28.34000015258789,28.34000015258789,28.049999237060547,28.200000762939453,151000.0
2014-03-17,22.200698852539062,29.18000030517578,29.270000457763672,28.90999984741211,28.90999984741211,134000.0
2014-03-18,22.352859497070312,29.3799991607666,29.469999313354492,29.1299991607666,29.139999389648438,176200.0
2014-03-19,21.6605167388916,28.469999313354492,29.219999313354492,28.3799991607666,29.209999084472656,192200.0
2014-03-20,22.162654876708984,29.1299991607666,29.190000534057617,28.6299991607666,28.729999542236328,127700.0
2014-03-21,21.949626922607422,28.850000381469727,29.260000228881836,28.81999969482422,28.90999984741211,206000.0
2014-03-24,22.063749313354492,29.0,29.1200008392334,28.709999084472656,28.989999771118164,181000.0
2014-03-25,22.413726806640625,29.459999084472656,29.6299991607666,29.149999618530273,29.309999465942383,222500.0
2014-03-26,22.406118392944336,29.450000762939453,29.809999465942383,29.450000762939453,29.670000076293945,116300.0
2014-03-27,22.68001365661621,29.809999465942383,29.90999984741211,29.6299991607666,29.6299991607666,155900.0
2014-03-28,22.543062210083008,29.6299991607666,29.969999313354492,29.6299991607666,29.90999984741211,173600.0
2014-03-31,22.862607955932617,30.049999237060547,30.299999237060547,30.049999237060547,30.06999969482422,296700.0
2014-04-01,23.204978942871094,30.5,30.510000228881836,30.170000076293945,30.309999465942383,246300.0
2014-04-02,23.220195770263672,30.520000457763672,30.610000610351562,30.3700008392334,30.469999313354492,113700.0
2014-04-03,23.022384643554688,30.260000228881836,30.420000076293945,29.979999542236328,30.420000076293945,280800.0
2014-04-04,22.69523048400879,29.829999923706055,30.350000381469727,29.799999237060547,30.299999237060547,304300.0
2014-04-07,22.839786529541016,30.020000457763672,30.040000915527344,29.809999465942383,29.899999618530273,158500.0
2014-04-08,23.075639724731445,30.329999923706055,30.469999313354492,30.059999465942383,30.059999465942383,164800.0
2014-04-09,23.357141494750977,30.700000762939453,30.81999969482422,30.170000076293945,30.270000457763672,785500.0
2014-04-10,22.961517333984375,30.18000030517578,30.65999984741211,30.15999984741211,30.59000015258789,240700.0
2014-04-11,22.97673225402832,30.200000762939453,30.440000534057617,30.100000381469727,30.100000381469727,158500.0
2014-04-14,22.657188415527344,29.780000686645508,30.020000457763672,29.639999389648438,29.889999389648438,105900.0
2014-04-15,22.565893173217773,29.65999984741211,29.93000030517578,29.190000534057617,29.829999923706055,345300.0
2014-04-16,22.482200622558594,29.549999237060547,29.56999969482422,29.31999969482422,29.3799991607666,162800.0
2014-04-17,22.740877151489258,29.889999389648438,30.030000686645508,29.649999618530273,29.649999618530273,156800.0
2014-04-21,22.73326873779297,29.8799991607666,29.959999084472656,29.65999984741211,29.65999984741211,59200.0
2014-04-22,22.870220184326172,30.059999465942383,30.25,30.059999465942383,30.079999923706055,88600.0
2014-04-23,22.824565887451172,30.0,30.100000381469727,29.950000762939453,30.020000457763672,100800.0
2014-04-24,22.847393035888672,30.030000686645508,30.040000915527344,29.709999084472656,29.8799991607666,139800.0
2014-04-25,22.634361267089844,29.75,29.850000381469727,29.530000686645508,29.84000015258789,134500.0
2014-04-28,22.68001365661621,29.809999465942383,29.899999618530273,29.530000686645508,29.780000686645508,180600.0
2014-04-29,22.938690185546875,30.149999618530273,30.170000076293945,29.84000015258789,29.84000015258789,326800.0
2014-04-30,23.068031311035156,30.31999969482422,30.329999923706055,30.06999969482422,30.1200008392334,157700.0
2014-05-01,23.037593841552734,30.280000686645508,30.540000915527344,30.219999313354492,30.3799991607666,103800.0
2014-05-02,22.862607955932617,30.049999237060547,30.139999389648438,29.8799991607666,29.959999084472656,109800.0
2014-05-05,22.641971588134766,29.760000228881836,29.90999984741211,29.690000534057617,29.90999984741211,106200.0
2014-05-06,22.535457611083984,29.6200008392334,29.790000915527344,29.559999465942383,29.68000030517578,112000.0
2014-05-07,22.664796829223633,29.790000915527344,29.81999969482422,29.459999084472656,29.520000457763672,137500.0
2014-05-08,22.436553955078125,29.489999771118164,29.809999465942383,29.479999542236328,29.760000228881836,237600.0
2014-05-09,22.231130599975586,29.219999313354492,29.469999313354492,29.170000076293945,29.469999313354492,117100.0
2014-05-12,22.520244598388672,29.600000381469727,29.639999389648438,29.360000610351562,29.469999313354492,168900.0
2014-05-13,22.406118392944336,29.450000762939453,29.610000610351562,29.40999984741211,29.549999237060547,146700.0
2014-05-14,22.428943634033203,29.479999542236328,29.610000610351562,29.3700008392334,29.56999969482422,804600.0
2014-05-15,22.246347427368164,29.239999771118164,29.469999313354492,29.1200008392334,29.459999084472656,107400.0
2014-05-16,22.26156234741211,29.260000228881836,29.280000686645508,29.100000381469727,29.100000381469727,399600.0
2014-05-19,22.322425842285156,29.34000015258789,29.43000030517578,29.170000076293945,29.219999313354492,150900.0
2014-05-20,22.223526000976562,29.209999084472656,29.420000076293945,29.15999984741211,29.229999542236328,170300.0
2014-05-21,22.459379196166992,29.520000457763672,29.549999237060547,29.270000457763672,29.270000457763672,827100.0
2014-05-22,23.022384643554688,30.260000228881836,30.280000686645508,29.760000228881836,29.940000534057617,562500.0
2014-05-23,22.953907012939453,30.170000076293945,30.229999542236328,30.020000457763672,30.100000381469727,247500.0
2014-05-27,22.961517333984375,30.18000030517578,30.239999771118164,30.059999465942383,30.149999618530273,229500.0
2014-05-28,22.839786529541016,30.020000457763672,30.100000381469727,29.8700008392334,30.100000381469727,197900.0
2014-05-29,23.045209884643555,30.290000915527344,30.31999969482422,30.079999923706055,30.100000381469727,43000.0
2014-05-30,22.832178115844727,30.010000228881836,30.209999084472656,29.959999084472656,30.209999084472656,606100.0
2014-06-02,22.740877151489258,29.889999389648438,30.139999389648438,29.809999465942383,30.139999389648438,637000.0
2014-06-03,22.839786529541016,30.020000457763672,30.06999969482422,29.889999389648438,29.889999389648438,158600.0
2014-06-04,23.045209884643555,30.290000915527344,30.350000381469727,30.010000228881836,30.059999465942383,69400.0
2014-06-05,23.456050872802734,30.829999923706055,30.829999923706055,30.510000228881836,30.600000381469727,110600.0
2014-06-06,23.752771377563477,31.219999313354492,31.239999771118164,30.81999969482422,30.81999969482422,631300.0
2014-06-09,23.61582374572754,31.040000915527344,31.049999237060547,30.6200008392334,30.6200008392334,176900.0
2014-06-10,23.59299659729004,31.010000228881836,31.030000686645508,30.809999465942383,30.84000015258789,344800.0
2014-06-11,23.418006896972656,30.780000686645508,30.81999969482422,30.579999923706055,30.600000381469727,48900.0
2014-06-12,23.220195770263672,30.520000457763672,30.65999984741211,30.389999389648438,30.610000610351562,163300.0
2014-06-13,23.220195770263672,30.520000457763672,30.520000457763672,30.299999237060547,30.299999237060547,361200.0
2014-06-16,22.961517333984375,30.18000030517578,30.31999969482422,30.110000610351562,30.25,361800.0
2014-06-17,23.17454719543457,30.459999084472656,30.530000686645508,30.260000228881836,30.31999969482422,229600.0
2014-06-18,23.410398483276367,30.770000457763672,30.8700008392334,30.329999923706055,30.450000762939453,123300.0
2014-06-19,23.357141494750977,30.700000762939453,31.049999237060547,30.639999389648438,30.799999237060547,678500.0
2014-06-20,23.007164001464844,30.239999771118164,30.299999237060547,30.049999237060547,30.299999237060547,382400.0
2014-06-23,23.068031311035156,30.31999969482422,30.399999618530273,30.260000228881836,30.299999237060547,311300.0
2014-06-24,22.809354782104492,29.979999542236328,30.459999084472656,29.959999084472656,30.459999084472656,511400.0
2014-06-25,22.78557014465332,29.700000762939453,29.809999465942383,29.549999237060547,29.75,748900.0
2014-06-26,22.432661056518555,29.239999771118164,29.559999465942383,29.149999618530273,29.5,979600.0
2014-06-27,22.44800567626953,29.260000228881836,29.350000381469727,29.139999389648438,29.350000381469727,203400.0
2014-06-30,22.51705551147461,29.350000381469727,29.43000030517578,29.270000457763672,29.299999237060547,215200.0
2014-07-01,22.547739028930664,29.389999389648438,29.59000015258789,29.280000686645508,29.5,675100.0
2014-07-02,22.27922821044922,29.040000915527344,29.170000076293945,29.010000228881836,29.1299991607666,522000.0
2014-07-03,22.156475067138672,28.8799991607666,28.93000030517578,28.639999389648438,28.799999237060547,513300.0
2014-07-07,22.355941772460938,29.139999389648438,29.139999389648438,28.979999542236328,29.010000228881836,153900.0
2014-07-08,22.23318862915039,28.979999542236328,29.219999313354492,28.90999984741211,29.139999389648438,256500.0
2014-07-09,22.256206512451172,29.010000228881836,29.030000686645508,28.809999465942383,28.979999542236328,98500.0
2014-07-10,22.056739807128906,28.75,28.75,28.3799991607666,28.43000030517578,184000.0
2014-07-11,22.355941772460938,29.139999389648438,29.149999618530273,28.8799991607666,29.0,61200.0
2014-07-14,22.42498779296875,29.229999542236328,29.31999969482422,29.149999618530273,29.229999542236328,208800.0
2014-07-15,22.432661056518555,29.239999771118164,29.389999389648438,29.09000015258789,29.280000686645508,159600.0
2014-07-16,22.42498779296875,29.229999542236328,29.549999237060547,29.170000076293945,29.309999465942383,222200.0
2014-07-17,22.095096588134766,28.799999237060547,29.34000015258789,28.760000228881836,28.969999313354492,1328200.0
2014-07-18,22.386634826660156,29.18000030517578,29.280000686645508,29.020000457763672,29.06999969482422,354400.0
2014-07-21,22.455677032470703,29.270000457763672,29.280000686645508,28.90999984741211,28.90999984741211,1045300.0
2014-07-22,22.463350296020508,29.280000686645508,29.440000534057617,29.260000228881836,29.389999389648438,434300.0
2014-07-23,22.432661056518555,29.239999771118164,29.360000610351562,29.1299991607666,29.219999313354492,290700.0
2014-07-24,22.532398223876953,29.3700008392334,29.420000076293945,29.209999084472656,29.239999771118164,191100.0
2014-07-25,22.31758689880371,29.09000015258789,29.190000534057617,29.0,29.170000076293945,565100.0
2014-07-28,22.432661056518555,29.239999771118164,29.299999237060547,29.049999237060547,29.1200008392334,1183200.0
2014-07-29,21.918643951416016,28.56999969482422,28.950000762939453,28.540000915527344,28.920000076293945,410300.0
2014-07-30,21.512035369873047,28.040000915527344,28.350000381469727,27.920000076293945,28.350000381469727,175500.0
2014-07-31,21.1361083984375,27.549999237060547,27.899999618530273,27.520000457763672,27.829999923706055,304900.0
2014-08-01,21.46600341796875,27.979999542236328,28.049999237060547,27.690000534057617,27.690000534057617,314600.0
2014-08-04,21.94933319091797,28.610000610351562,28.6299991607666,28.18000030517578,28.270000457763672,117600.0
2014-08-05,21.489015579223633,28.010000228881836,28.309999465942383,27.969999313354492,28.309999465942383,309700.0
2014-08-06,21.373937606811523,27.860000610351562,28.040000915527344,27.729999542236328,27.770000457763672,525900.0
2014-08-07,20.967329025268555,27.329999923706055,27.780000686645508,27.280000686645508,27.780000686645508,235100.0
2014-08-08,21.281871795654297,27.739999771118164,27.75,27.34000015258789,27.3799991607666,327800.0
2014-08-11,21.55039405822754,28.09000015258789,28.09000015258789,27.8799991607666,27.899999618530273,287000.0
2014-08-12,21.504362106323242,28.030000686645508,28.049999237060547,27.739999771118164,27.790000915527344,255000.0
2014-08-13,21.788223266601562,28.399999618530273,28.420000076293945,28.219999313354492,28.270000457763672,784500.0
2014-08-14,22.102771759033203,28.809999465942383,28.81999969482422,28.65999984741211,28.65999984741211,147300.0
2014-08-15,21.84192657470703,28.469999313354492,28.979999542236328,28.3700008392334,28.969999313354492,209900.0
2014-08-18,22.378957748413086,29.170000076293945,29.18000030517578,28.770000457763672,28.899999618530273,141700.0
2014-08-19,22.309907913208008,29.079999923706055,29.09000015258789,28.899999618530273,29.059999465942383,56700.0
2014-08-20,22.164146423339844,28.889999389648438,28.989999771118164,28.75,28.950000762939453,173300.0
2014-08-21,22.14113426208496,28.860000610351562,29.0,28.770000457763672,28.860000610351562,195200.0
2014-08-22,21.95700454711914,28.6200008392334,28.84000015258789,28.520000457763672,28.790000915527344,131100.0
2014-08-25,21.980018615722656,28.649999618530273,28.739999771118164,28.579999923706055,28.65999984741211,93300.0
2014-08-26,22.156475067138672,28.8799991607666,29.010000228881836,28.770000457763672,28.790000915527344,154300.0
2014-08-27,22.118114471435547,28.829999923706055,28.959999084472656,28.729999542236328,28.860000610351562,66800.0
2014-08-28,21.481346130371094,28.0,28.239999771118164,27.90999984741211,28.239999771118164,801800.0
2014-08-29,21.419971466064453,27.920000076293945,28.149999618530273,27.920000076293945,28.059999465942383,149600.0
2014-09-02,21.688486099243164,28.270000457763672,28.280000686645508,28.15999984741211,28.229999542236328,268300.0
2014-09-03,22.355941772460938,29.139999389648438,29.43000030517578,28.989999771118164,29.329999923706055,203900.0
2014-09-04,22.110445022583008,28.81999969482422,29.100000381469727,28.760000228881836,29.049999237060547,226100.0
2014-09-05,22.532398223876953,29.3700008392334,29.3799991607666,29.06999969482422,29.15999984741211,125500.0
2014-09-08,22.263879776000977,29.020000457763672,29.260000228881836,28.969999313354492,29.139999389648438,86200.0
2014-09-09,22.125783920288086,28.84000015258789,28.959999084472656,28.719999313354492,28.90999984741211,168600.0
2014-09-10,22.256206512451172,29.010000228881836,29.020000457763672,28.780000686645508,28.780000686645508,90500.0
2014-09-11,22.01837730407715,28.700000762939453,28.81999969482422,28.639999389648438,28.709999084472656,183500.0
2014-09-12,21.864946365356445,28.5,28.719999313354492,28.450000762939453,28.639999389648438,373600.0
2014-09-15,22.04139518737793,28.729999542236328,28.809999465942383,28.639999389648438,28.709999084472656,121600.0
2014-09-16,22.501712799072266,29.329999923706055,29.40999984741211,28.799999237060547,28.860000610351562,248700.0
2014-09-17,22.286895751953125,29.049999237060547,29.469999313354492,29.049999237060547,29.350000381469727,395200.0
2014-09-18,22.19483184814453,28.93000030517578,29.059999465942383,28.90999984741211,28.989999771118164,148500.0
2014-09-19,22.509380340576172,29.34000015258789,29.450000762939453,29.219999313354492,29.329999923706055,151300.0
2014-09-22,22.42498779296875,29.229999542236328,29.329999923706055,29.059999465942383,29.299999237060547,217200.0
2014-09-23,22.072084426879883,28.770000457763672,29.1299991607666,28.75,29.030000686645508,123200.0
2014-09-24,22.110445022583008,28.81999969482422,28.84000015258789,28.540000915527344,28.799999237060547,535600.0
2014-09-25,21.765207290649414,28.3700008392334,28.59000015258789,28.290000915527344,28.5,127500.0
2014-09-26,21.80356216430664,28.420000076293945,28.549999237060547,28.270000457763672,28.280000686645508,75900.0
2014-09-29,21.757532119750977,28.360000610351562,28.489999771118164,28.200000762939453,28.270000457763672,143200.0
2014-09-30,21.788223266601562,28.399999618530273,28.520000457763672,28.219999313354492,28.260000228881836,173200.0
2014-10-01,21.26653289794922,27.719999313354492,28.1200008392334,27.719999313354492,28.100000381469727,247200.0
2014-10-02,21.481346130371094,28.0,28.15999984741211,27.670000076293945,27.809999465942383,612200.0
2014-10-03,21.304893493652344,27.770000457763672,27.940000534057617,27.559999465942383,27.93000030517578,71100.0
2014-10-06,21.427640914916992,27.93000030517578,28.049999237060547,27.809999465942383,27.860000610351562,347800.0
2014-10-07,21.25885772705078,27.709999084472656,28.020000457763672,27.709999084472656,27.93000030517578,165800.0
2014-10-08,21.673139572143555,28.25,28.260000228881836,27.530000686645508,27.610000610351562,489600.0
2014-10-09,21.09008026123047,27.489999771118164,27.969999313354492,27.40999984741211,27.860000610351562,213200.0
2014-10-10,20.698808670043945,26.979999542236328,27.350000381469727,26.940000534057617,27.290000915527344,167200.0
2014-10-13,20.806222915649414,27.1200008392334,27.520000457763672,27.110000610351562,27.40999984741211,468800.0
2014-10-14,20.89828109741211,27.239999771118164,27.40999984741211,27.079999923706055,27.1200008392334,142400.0
2014-10-15,20.84457778930664,27.170000076293945,27.329999923706055,26.549999237060547,27.18000030517578,330000.0
2014-10-16,20.7294979095459,27.020000457763672,27.299999237060547,26.729999542236328,26.799999237060547,329200.0
2014-10-17,20.852252960205078,27.18000030517578,27.350000381469727,27.010000228881836,27.100000381469727,171100.0
2014-10-20,20.99034309387207,27.360000610351562,27.360000610351562,27.010000228881836,27.049999237060547,270100.0
2014-10-21,21.113094329833984,27.520000457763672,27.6200008392334,27.3700008392334,27.399999618530273,641500.0
2014-10-22,20.76018524169922,27.059999465942383,27.600000381469727,27.040000915527344,27.459999084472656,115700.0
2014-10-23,20.944311141967773,27.299999237060547,27.350000381469727,27.149999618530273,27.309999465942383,940300.0
2014-10-24,21.15145492553711,27.56999969482422,27.59000015258789,27.399999618530273,27.440000534057617,160900.0
2014-10-27,21.26653289794922,27.719999313354492,27.729999542236328,27.360000610351562,27.399999618530273,56200.0
2014-10-28,21.450658798217773,27.959999084472656,28.030000686645508,27.6299991607666,27.68000030517578,182600.0
2014-10-29,20.936641693115234,27.290000915527344,27.90999984741211,27.190000534057617,27.799999237060547,125400.0
2014-10-30,21.105422973632812,27.510000228881836,27.690000534057617,27.3700008392334,27.40999984741211,75100.0
2014-10-31,21.07473373413086,27.469999313354492,27.559999465942383,27.31999969482422,27.420000076293945,286500.0
2014-11-03,20.921295166015625,27.270000457763672,27.459999084472656,27.18000030517578,27.34000015258789,278000.0
2014-11-04,21.044044494628906,27.43000030517578,27.479999542236328,27.299999237060547,27.3700008392334,103300.0
2014-11-05,20.790876388549805,27.100000381469727,27.350000381469727,27.010000228881836,27.280000686645508,76000.0
2014-11-06,20.49934196472168,26.719999313354492,27.200000762939453,26.709999084472656,27.100000381469727,117700.0
2014-11-07,20.56838607788086,26.809999465942383,26.809999465942383,26.600000381469727,26.639999389648438,596000.0
2014-11-10,20.353574752807617,26.530000686645508,26.809999465942383,26.520000457763672,26.809999465942383,485700.0
2014-11-11,20.414953231811523,26.610000610351562,26.68000030517578,26.440000534057617,26.530000686645508,288000.0
2014-11-12,20.30754280090332,26.469999313354492,26.670000076293945,26.420000076293945,26.59000015258789,184900.0
2014-11-13,20.192459106445312,26.31999969482422,26.549999237060547,26.260000228881836,26.520000457763672,104100.0
2014-11-14,20.714155197143555,27.0,27.0,26.350000381469727,26.399999618530273,209600.0
2014-11-17,20.530031204223633,26.760000228881836,26.8700008392334,26.75,26.770000457763672,99600.0
2014-11-18,20.86759376525879,27.200000762939453,27.260000228881836,27.040000915527344,27.100000381469727,82700.0
2014-11-19,20.8292293548584,27.149999618530273,27.360000610351562,27.0,27.110000610351562,117100.0
2014-11-20,20.522354125976562,26.75,26.8799991607666,26.709999084472656,26.850000381469727,88200.0
2014-11-21,20.668123245239258,26.940000534057617,26.979999542236328,26.690000534057617,26.81999969482422,289400.0
2014-11-24,20.560718536376953,26.799999237060547,27.020000457763672,26.760000228881836,27.020000457763672,222600.0
2014-11-25,20.691137313842773,26.969999313354492,27.139999389648438,26.950000762939453,26.979999542236328,208400.0
2014-11-26,20.959653854370117,27.31999969482422,27.329999923706055,27.110000610351562,27.139999389648438,223700.0
2014-11-28,20.675800323486328,26.950000762939453,27.260000228881836,26.889999389648438,27.139999389648438,104600.0
2014-12-01,20.806222915649414,27.1200008392334,27.25,26.979999542236328,27.049999237060547,148200.0
2014-12-02,20.967329025268555,27.329999923706055,27.40999984741211,27.239999771118164,27.260000228881836,129900.0
2014-12-03,20.875261306762695,27.209999084472656,27.329999923706055,27.15999984741211,27.329999923706055,231800.0
2014-12-04,20.821561813354492,27.139999389648438,27.34000015258789,27.1299991607666,27.34000015258789,154500.0
2014-12-05,20.85991859436035,27.190000534057617,27.229999542236328,27.06999969482422,27.139999389648438,81000.0
2014-12-08,20.698808670043945,26.979999542236328,27.049999237060547,26.90999984741211,27.049999237060547,177800.0
2014-12-09,20.706483840942383,26.989999771118164,27.049999237060547,26.809999465942383,26.850000381469727,295700.0
2014-12-10,20.322885513305664,26.489999771118164,26.8700008392334,26.469999313354492,26.8700008392334,508100.0
2014-12-11,20.33055877685547,26.5,26.729999542236328,26.469999313354492,26.479999542236328,116000.0
2014-12-12,20.207809448242188,26.34000015258789,26.709999084472656,26.309999465942383,26.6200008392334,210000.0
2014-12-15,19.893259048461914,25.93000030517578,26.579999923706055,25.90999984741211,26.540000915527344,319900.0
2014-12-16,19.555694580078125,25.489999771118164,25.799999237060547,25.299999237060547,25.530000686645508,415100.0
2014-12-17,19.688365936279297,25.079999923706055,25.549999237060547,24.889999389648438,25.06999969482422,276200.0
2014-12-18,19.58631706237793,24.950000762939453,25.020000457763672,24.739999771118164,25.020000457763672,271700.0
2014-12-19,19.23305320739746,24.5,24.6200008392334,24.450000762939453,24.610000610351562,344500.0
2014-12-22,19.31155776977539,24.600000381469727,24.770000457763672,24.510000228881836,24.559999465942383,209300.0
2014-12-23,19.076047897338867,24.299999237060547,24.5,24.15999984741211,24.5,712600.0
2014-12-24,18.903343200683594,24.079999923706055,24.290000915527344,23.969999313354492,24.190000534057617,251400.0
2014-12-26,18.8719425201416,24.040000915527344,24.1299991607666,23.899999618530273,24.079999923706055,141600.0
2014-12-29,18.754192352294922,23.889999389648438,24.25,23.8700008392334,24.1299991607666,184700.0
2014-12-30,18.958293914794922,24.149999618530273,24.239999771118164,23.989999771118164,24.0,258100.0
2014-12-31,18.89549446105957,24.06999969482422,24.290000915527344,24.030000686645508,24.219999313354492,100800.0
2015-01-02,18.581483840942383,23.670000076293945,24.0,23.649999618530273,23.940000534057617,462400.0
2015-01-05,18.283172607421875,23.290000915527344,23.43000030517578,23.1200008392334,23.420000076293945,231200.0
2015-01-06,17.945619583129883,22.860000610351562,23.209999084472656,22.780000686645508,23.09000015258789,153300.0
2015-01-07,18.502981185913086,23.56999969482422,23.6200008392334,23.31999969482422,23.31999969482422,225200.0
2015-01-08,18.793437957763672,23.940000534057617,24.100000381469727,23.700000762939453,23.790000915527344,101300.0
2015-01-09,18.903343200683594,24.079999923706055,24.18000030517578,23.920000076293945,24.020000457763672,125600.0
2015-01-12,18.754192352294922,23.889999389648438,23.950000762939453,23.739999771118164,23.950000762939453,76100.0
2015-01-13,18.691383361816406,23.809999465942383,24.079999923706055,23.610000610351562,23.93000030517578,65900.0
2015-01-14,18.707090377807617,23.829999923706055,23.959999084472656,23.610000610351562,23.610000610351562,153300.0
2015-01-15,17.68656349182129,22.530000686645508,22.979999542236328,22.440000534057617,22.979999542236328,223200.0
2015-01-16,17.68656349182129,22.530000686645508,22.559999465942383,22.1200008392334,22.450000762939453,255700.0
2015-01-20,17.458900451660156,22.239999771118164,22.280000686645508,22.079999923706055,22.270000457763672,189400.0
2015-01-21,17.945619583129883,22.860000610351562,22.860000610351562,22.440000534057617,22.530000686645508,212000.0
2015-01-22,18.06336784362793,23.010000228881836,23.100000381469727,22.799999237060547,22.8799991607666,336100.0
2015-01-23,17.906362533569336,22.809999465942383,23.030000686645508,22.760000228881836,22.8799991607666,245200.0
2015-01-26,17.92206382751465,22.829999923706055,22.940000534057617,22.670000076293945,22.719999313354492,105700.0
2015-01-27,18.01626968383789,22.950000762939453,22.979999542236328,22.809999465942383,22.81999969482422,128500.0
2015-01-28,17.843563079833984,22.729999542236328,23.059999465942383,22.6299991607666,23.059999465942383,332700.0
2015-01-29,18.361677169799805,23.389999389648438,23.40999984741211,23.059999465942383,23.059999465942383,159300.0
2015-01-30,18.212522506713867,23.200000762939453,23.479999542236328,23.15999984741211,23.239999771118164,314700.0
2015-02-02,18.34597396850586,23.3700008392334,23.459999084472656,23.200000762939453,23.200000762939453,179400.0
2015-02-03,18.534379959106445,23.610000610351562,23.809999465942383,23.520000457763672,23.610000610351562,1367400.0
2015-02-04,18.322425842285156,23.34000015258789,23.6200008392334,23.34000015258789,23.610000610351562,209800.0
2015-02-05,18.589332580566406,23.68000030517578,23.760000228881836,23.469999313354492,23.5,167700.0
2015-02-06,18.353824615478516,23.3799991607666,23.6200008392334,23.299999237060547,23.59000015258789,180500.0
2015-02-09,18.330276489257812,23.350000381469727,23.440000534057617,23.219999313354492,23.219999313354492,594200.0
2015-02-10,18.251779556274414,23.25,23.299999237060547,23.139999389648438,23.260000228881836,177700.0
2015-02-11,18.055517196655273,23.0,23.049999237060547,22.809999465942383,23.0,245500.0
2015-02-12,18.589332580566406,23.68000030517578,23.729999542236328,23.15999984741211,23.329999923706055,220400.0
2015-02-13,18.534379959106445,23.610000610351562,23.649999618530273,23.469999313354492,23.579999923706055,190200.0
2015-02-17,18.7227840423584,23.850000381469727,23.8799991607666,23.610000610351562,23.670000076293945,174600.0
2015-02-18,18.628583908081055,23.729999542236328,23.729999542236328,23.389999389648438,23.670000076293945,88100.0
2015-02-19,18.550081253051758,23.6299991607666,23.790000915527344,23.56999969482422,23.6299991607666,89700.0
2015-02-20,18.754192352294922,23.889999389648438,23.940000534057617,23.43000030517578,23.469999313354492,153900.0
2015-02-23,18.495132446289062,23.559999465942383,23.809999465942383,23.520000457763672,23.68000030517578,135900.0
2015-02-24,18.652137756347656,23.760000228881836,23.860000610351562,23.5,23.530000686645508,201300.0
2015-02-25,18.620738983154297,23.719999313354492,23.799999237060547,23.610000610351562,23.690000534057617,176500.0
2015-02-26,18.448030471801758,23.5,23.6299991607666,23.5,23.579999923706055,188900.0
2015-02-27,18.471586227416992,23.530000686645508,23.760000228881836,23.530000686645508,23.649999618530273,205900.0
2015-03-02,18.471586227416992,23.530000686645508,23.6200008392334,23.469999313354492,23.549999237060547,249200.0
2015-03-03,18.181121826171875,23.15999984741211,23.350000381469727,23.149999618530273,23.350000381469727,153100.0
2015-03-04,18.27532386779785,23.280000686645508,23.299999237060547,23.0,23.170000076293945,512500.0
2015-03-05,18.377376556396484,23.40999984741211,23.479999542236328,23.280000686645508,23.3700008392334,125400.0
2015-03-06,17.953466415405273,22.8700008392334,23.139999389648438,22.790000915527344,23.139999389648438,446400.0
2015-03-09,18.118322372436523,23.079999923706055,23.149999618530273,23.0,23.1299991607666,108300.0
2015-03-10,17.39609718322754,22.15999984741211,22.579999923706055,22.149999618530273,22.489999771118164,265400.0
2015-03-11,17.411800384521484,22.18000030517578,22.280000686645508,22.079999923706055,22.170000076293945,158500.0
2015-03-12,17.427499771118164,22.200000762939453,22.34000015258789,22.1200008392334,22.25,220300.0
2015-03-13,17.08993911743164,21.770000457763672,22.0,21.610000610351562,21.969999313354492,302700.0
2015-03-16,17.435352325439453,22.209999084472656,22.239999771118164,21.989999771118164,21.989999771118164,150800.0
2015-03-17,17.584503173828125,22.399999618530273,22.469999313354492,22.25,22.25,206800.0
2015-03-18,18.353824615478516,23.3799991607666,23.43000030517578,22.299999237060547,22.329999923706055,322700.0
2015-03-19,17.92991828918457,22.84000015258789,23.0,22.809999465942383,22.920000076293945,115100.0
2015-03-20,18.361677169799805,23.389999389648438,23.520000457763672,23.149999618530273,23.200000762939453,290700.0
2015-03-23,18.80913734436035,23.959999084472656,23.989999771118164,23.600000381469727,23.600000381469727,132900.0
2015-03-24,18.714933395385742,23.84000015258789,23.8799991607666,23.700000762939453,23.799999237060547,96100.0
2015-03-25,18.550081253051758,23.6299991607666,23.959999084472656,23.610000610351562,23.959999084472656,319300.0
2015-03-26,18.369529724121094,23.399999618530273,23.68000030517578,23.3700008392334,23.68000030517578,375600.0
2015-03-27,18.424480438232422,23.469999313354492,23.530000686645508,23.31999969482422,23.399999618530273,219100.0
2015-03-30,18.52652931213379,23.600000381469727,23.690000534057617,23.459999084472656,23.5,293600.0
2015-03-31,18.353824615478516,23.3799991607666,23.40999984741211,23.239999771118164,23.329999923706055,165700.0
2015-04-01,18.479433059692383,23.540000915527344,23.6299991607666,23.420000076293945,23.6299991607666,299100.0
2015-04-02,18.714933395385742,23.84000015258789,23.8799991607666,23.709999084472656,23.739999771118164,103700.0
2015-04-06,19.005393981933594,24.209999084472656,24.5,24.1299991607666,24.299999237060547,141800.0
2015-04-07,18.769893646240234,23.90999984741211,24.15999984741211,23.90999984741211,23.989999771118164,113000.0
2015-04-08,19.04464340209961,24.260000228881836,24.3799991607666,24.100000381469727,24.25,128700.0
2015-04-09,18.966140747070312,24.15999984741211,24.209999084472656,24.020000457763672,24.170000076293945,382900.0
2015-04-10,18.80913734436035,23.959999084472656,24.040000915527344,23.84000015258789,24.020000457763672,173300.0
2015-04-13,18.644287109375,23.75,23.959999084472656,23.75,23.8799991607666,353500.0
2015-04-14,18.8719425201416,24.040000915527344,24.1200008392334,23.950000762939453,23.979999542236328,123400.0
2015-04-15,19.19379997253418,24.450000762939453,24.510000228881836,24.1299991607666,24.360000610351562,150800.0
2015-04-16,19.53135871887207,24.8799991607666,24.969999313354492,24.56999969482422,24.68000030517578,146800.0
2015-04-17,19.452857971191406,24.780000686645508,24.799999237060547,24.530000686645508,24.559999465942383,272300.0
2015-04-20,19.609859466552734,24.979999542236328,25.079999923706055,24.8799991607666,24.989999771118164,170600.0
2015-04-21,19.53135871887207,24.8799991607666,25.100000381469727,24.84000015258789,25.06999969482422,215800.0
2015-04-22,19.759014129638672,25.170000076293945,25.190000534057617,24.90999984741211,24.989999771118164,51600.0
2015-04-23,19.876768112182617,25.31999969482422,25.459999084472656,24.899999618530273,24.940000534057617,92000.0
2015-04-24,19.688365936279297,25.079999923706055,25.209999084472656,24.989999771118164,25.15999984741211,146900.0
2015-04-27,20.127973556518555,25.639999389648438,25.809999465942383,25.3700008392334,25.389999389648438,218900.0
2015-04-28,20.30853271484375,25.8700008392334,25.899999618530273,25.670000076293945,25.700000762939453,219400.0
2015-04-29,20.175077438354492,25.700000762939453,25.920000076293945,25.600000381469727,25.700000762939453,182700.0
2015-04-30,20.151531219482422,25.670000076293945,25.84000015258789,25.6200008392334,25.770000457763672,487300.0
2015-05-01,20.1672306060791,25.690000534057617,25.75,25.530000686645508,25.719999313354492,292100.0
2015-05-04,20.269277572631836,25.81999969482422,25.93000030517578,25.809999465942383,25.8700008392334,138500.0
2015-05-05,20.057321548461914,25.549999237060547,25.790000915527344,25.530000686645508,25.780000686645508,181900.0
2015-05-06,20.402734756469727,25.989999771118164,26.209999084472656,25.950000762939453,25.969999313354492,247000.0
2015-05-07,20.575441360473633,26.209999084472656,26.209999084472656,25.81999969482422,25.81999969482422,811400.0
2015-05-08,20.52048683166504,26.139999389648438,26.34000015258789,26.079999923706055,26.219999313354492,752000.0
2015-05-11,20.135826110839844,25.649999618530273,25.889999389648438,25.610000610351562,25.889999389648438,398400.0
2015-05-12,20.11227798461914,25.6200008392334,25.780000686645508,25.56999969482422,25.610000610351562,921400.0
2015-05-13,20.324234008789062,25.889999389648438,26.1299991607666,25.8799991607666,25.959999084472656,436300.0
2015-05-14,20.551891326904297,26.18000030517578,26.200000762939453,25.979999542236328,26.149999618530273,187200.0
2015-05-15,20.818798065185547,26.520000457763672,26.540000915527344,26.06999969482422,26.149999618530273,254700.0
2015-05-18,20.418437957763672,26.010000228881836,26.239999771118164,25.969999313354492,26.229999542236328,226000.0
2015-05-19,20.253582000732422,25.799999237060547,25.81999969482422,25.59000015258789,25.610000610351562,158300.0
2015-05-20,20.018075942993164,25.5,25.59000015258789,25.299999237060547,25.40999984741211,81300.0
2015-05-21,19.947423934936523,25.40999984741211,25.459999084472656,25.239999771118164,25.290000915527344,75700.0
2015-05-22,19.54705810546875,24.899999618530273,25.079999923706055,24.809999465942383,25.049999237060547,171500.0
2015-05-26,18.644287109375,23.75,24.1299991607666,23.670000076293945,24.049999237060547,211000.0
2015-05-27,18.981847763061523,24.18000030517578,24.18000030517578,23.56999969482422,23.75,360200.0
2015-05-28,18.864091873168945,24.030000686645508,24.09000015258789,23.860000610351562,24.020000457763672,73500.0
2015-05-29,18.997543334960938,24.200000762939453,24.34000015258789,24.110000610351562,24.209999084472656,221900.0
2015-06-01,18.911195755004883,24.09000015258789,24.1200008392334,23.8799991607666,24.049999237060547,236200.0
2015-06-02,19.08389663696289,24.309999465942383,24.459999084472656,24.15999984741211,24.219999313354492,147400.0
2015-06-03,18.926895141601562,24.110000610351562,24.219999313354492,24.049999237060547,24.100000381469727,70000.0
2015-06-04,18.589332580566406,23.68000030517578,24.049999237060547,23.670000076293945,23.899999618530273,94900.0
2015-06-05,18.495132446289062,23.559999465942383,23.709999084472656,23.420000076293945,23.5,129500.0
2015-06-08,18.61288833618164,23.709999084472656,23.780000686645508,23.59000015258789,23.610000610351562,99300.0
2015-06-09,18.45587921142578,23.510000228881836,23.6299991607666,23.5,23.59000015258789,187600.0
2015-06-10,19.099597930908203,24.329999923706055,24.3799991607666,24.15999984741211,24.309999465942383,195500.0
2015-06-11,18.919044494628906,24.100000381469727,24.18000030517578,23.989999771118164,24.1299991607666,121500.0
2015-06-12,18.81698989868164,23.969999313354492,24.010000228881836,23.75,23.860000610351562,215800.0
2015-06-15,18.777740478515625,23.920000076293945,23.93000030517578,23.68000030517578,23.68000030517578,77000.0
2015-06-16,18.78558921813965,23.93000030517578,23.959999084472656,23.739999771118164,23.739999771118164,99100.0
2015-06-17,18.675683975219727,23.790000915527344,23.850000381469727,23.34000015258789,23.639999389648438,246800.0
2015-06-18,18.675683975219727,23.790000915527344,24.030000686645508,23.719999313354492,23.770000457763672,249900.0
2015-06-19,18.322425842285156,23.34000015258789,23.56999969482422,23.34000015258789,23.56999969482422,145900.0
2015-06-22,18.793437957763672,23.940000534057617,24.190000534057617,23.8799991607666,23.93000030517578,139100.0
2015-06-23,18.620738983154297,23.719999313354492,23.790000915527344,23.6200008392334,23.6299991607666,160600.0
2015-06-24,18.52652931213379,23.600000381469727,23.690000534057617,23.59000015258789,23.600000381469727,66600.0
2015-06-25,18.56454849243164,23.440000534057617,23.579999923706055,23.40999984741211,23.56999969482422,55900.0
2015-06-26,18.38239097595215,23.209999084472656,23.40999984741211,23.190000534057617,23.280000686645508,45900.0
2015-06-29,17.962629318237305,22.68000030517578,22.860000610351562,22.479999542236328,22.649999618530273,209600.0
2015-06-30,18.08934783935547,22.84000015258789,23.079999923706055,22.770000457763672,23.079999923706055,197600.0
2015-07-01,17.938865661621094,22.649999618530273,22.959999084472656,22.5,22.8700008392334,146800.0
2015-07-02,17.891345977783203,22.59000015258789,22.739999771118164,22.530000686645508,22.6200008392334,162200.0
2015-07-06,17.566625595092773,22.18000030517578,22.3700008392334,22.09000015258789,22.15999984741211,166700.0
2015-07-07,17.431983947753906,22.010000228881836,22.049999237060547,21.549999237060547,21.889999389648438,288100.0
2015-07-08,17.012224197387695,21.479999542236328,21.729999542236328,21.420000076293945,21.649999618530273,264400.0
2015-07-09,17.067663192749023,21.549999237060547,21.829999923706055,21.549999237060547,21.739999771118164,237700.0
2015-07-10,17.986385345458984,22.709999084472656,22.850000381469727,22.579999923706055,22.6200008392334,266300.0
2015-07-13,17.867586135864258,22.559999465942383,22.709999084472656,22.510000228881836,22.559999465942383,298900.0
2015-07-14,17.97846794128418,22.700000762939453,22.729999542236328,22.489999771118164,22.549999237060547,115000.0
2015-07-15,17.717103958129883,22.3700008392334,22.520000457763672,22.350000381469727,22.420000076293945,133500.0
2015-07-16,18.11311149597168,22.8700008392334,22.899999618530273,22.739999771118164,22.739999771118164,108300.0
2015-07-17,17.97054672241211,22.690000534057617,22.780000686645508,22.649999618530273,22.780000686645508,246400.0
2015-07-20,17.66958236694336,22.309999465942383,22.3700008392334,22.260000228881836,22.350000381469727,337400.0
2015-07-21,17.70918846130371,22.360000610351562,22.459999084472656,22.200000762939453,22.200000762939453,150600.0
2015-07-22,17.329023361206055,21.8799991607666,21.969999313354492,21.81999969482422,21.959999084472656,126500.0
2015-07-23,17.471588134765625,22.059999465942383,22.18000030517578,22.020000457763672,22.020000457763672,130300.0
2015-07-24,17.40822410583496,21.979999542236328,22.100000381469727,21.850000381469727,22.100000381469727,190600.0
2015-07-27,17.566625595092773,22.18000030517578,22.329999923706055,22.049999237060547,22.049999237060547,163300.0
2015-07-28,17.725025177001953,22.3799991607666,22.40999984741211,22.18000030517578,22.270000457763672,143100.0
2015-07-29,17.693340301513672,22.34000015258789,22.489999771118164,22.290000915527344,22.489999771118164,90500.0
2015-07-30,17.38446617126465,21.950000762939453,21.969999313354492,21.760000228881836,21.950000762939453,172900.0
2015-07-31,17.740867614746094,22.399999618530273,22.559999465942383,22.31999969482422,22.399999618530273,264300.0
2015-08-03,17.59830665588379,22.219999313354492,22.329999923706055,22.110000610351562,22.270000457763672,120900.0
2015-08-04,17.400300979614258,21.969999313354492,22.360000610351562,21.90999984741211,22.209999084472656,61000.0
2015-08-05,17.58246421813965,22.200000762939453,22.3700008392334,22.1200008392334,22.3700008392334,113400.0
2015-08-06,17.19438362121582,21.709999084472656,21.809999465942383,21.549999237060547,21.75,242600.0
2015-08-07,17.23398208618164,21.760000228881836,21.84000015258789,21.549999237060547,21.549999237060547,113000.0
2015-08-10,17.511184692382812,22.110000610351562,22.1299991607666,21.799999237060547,21.799999237060547,82800.0
2015-08-11,17.566625595092773,22.18000030517578,22.209999084472656,21.969999313354492,22.110000610351562,312300.0
2015-08-12,17.732946395874023,22.389999389648438,22.420000076293945,22.1200008392334,22.149999618530273,839600.0
2015-08-13,17.820066452026367,22.5,22.59000015258789,22.280000686645508,22.360000610351562,416900.0
2015-08-14,17.59830665588379,22.219999313354492,22.350000381469727,22.219999313354492,22.350000381469727,120000.0
2015-08-17,17.463661193847656,22.049999237060547,22.1200008392334,22.0,22.1200008392334,149300.0
2015-08-18,17.25774574279785,21.790000915527344,21.889999389648438,21.770000457763672,21.889999389648438,121900.0
2015-08-19,17.495346069335938,22.09000015258789,22.290000915527344,21.920000076293945,21.959999084472656,1023500.0
2015-08-20,17.614147186279297,22.239999771118164,22.34000015258789,22.1200008392334,22.190000534057617,263300.0
2015-08-21,17.241905212402344,21.770000457763672,22.200000762939453,21.770000457763672,22.200000762939453,199100.0
2015-08-24,16.513259887695312,20.850000381469727,21.360000610351562,20.649999618530273,20.950000762939453,673900.0
2015-08-25,16.275657653808594,20.549999237060547,21.6299991607666,20.469999313354492,21.5,349700.0
2015-08-26,16.8221435546875,21.239999771118164,21.260000228881836,20.799999237060547,20.920000076293945,323000.0
2015-08-27,16.988460540771484,21.450000762939453,21.450000762939453,21.079999923706055,21.139999389648438,359500.0
2015-08-28,17.004301071166992,21.469999313354492,21.559999465942383,21.350000381469727,21.40999984741211,228400.0
2015-08-31,17.19438362121582,21.709999084472656,21.780000686645508,21.40999984741211,21.459999084472656,129600.0
2015-09-01,16.727102279663086,21.1200008392334,21.280000686645508,20.969999313354492,21.139999389648438,228600.0
2015-09-02,16.837982177734375,21.260000228881836,21.270000457763672,21.030000686645508,21.25,124200.0
2015-09-03,16.806299209594727,21.219999313354492,21.489999771118164,21.170000076293945,21.290000915527344,123100.0
2015-09-04,16.750858306884766,21.149999618530273,21.280000686645508,21.040000915527344,21.09000015258789,141600.0
2015-09-08,16.933021545410156,21.3799991607666,21.399999618530273,21.200000762939453,21.209999084472656,135000.0
2015-09-09,16.837982177734375,21.260000228881836,21.59000015258789,21.209999084472656,21.489999771118164,265100.0
2015-09-10,17.400300979614258,21.969999313354492,22.030000686645508,21.489999771118164,21.489999771118164,98200.0
2015-09-11,17.64582061767578,22.280000686645508,22.290000915527344,21.989999771118164,21.989999771118164,145600.0
2015-09-14,17.43990707397461,22.020000457763672,22.06999969482422,21.940000534057617,22.010000228881836,73000.0
2015-09-15,17.55870246887207,22.170000076293945,22.209999084472656,22.059999465942383,22.110000610351562,73100.0
2015-09-16,17.58246421813965,22.200000762939453,22.31999969482422,22.09000015258789,22.09000015258789,126600.0
2015-09-17,17.85174560546875,22.540000915527344,22.899999618530273,21.93000030517578,22.309999465942383,142800.0
2015-09-18,17.210224151611328,21.729999542236328,22.290000915527344,21.709999084472656,22.25,291700.0
2015-09-21,17.352785110473633,21.90999984741211,22.040000915527344,21.860000610351562,21.989999771118164,148900.0
2015-09-22,17.02806282043457,21.5,21.520000457763672,21.280000686645508,21.5,92900.0
2015-09-23,16.616214752197266,20.979999542236328,21.31999969482422,20.979999542236328,21.31999969482422,148500.0
2015-09-24,16.774620056152344,21.18000030517578,21.270000457763672,20.899999618530273,20.959999084472656,256500.0
2015-09-25,16.521181106567383,20.860000610351562,21.06999969482422,20.829999923706055,21.030000686645508,124800.0
2015-09-28,16.283578872680664,20.559999465942383,20.690000534057617,20.479999542236328,20.6200008392334,458600.0
2015-09-29,16.40237808227539,20.709999084472656,20.809999465942383,20.579999923706055,20.579999923706055,169200.0
2015-09-30,16.505340576171875,20.84000015258789,20.850000381469727,20.639999389648438,20.739999771118164,177200.0
2015-10-01,16.41029930114746,20.719999313354492,20.799999237060547,20.579999923706055,20.780000686645508,232100.0
2015-10-02,16.655820846557617,21.030000686645508,21.030000686645508,20.6200008392334,20.719999313354492,298900.0
2015-10-05,16.774620056152344,21.18000030517578,21.219999313354492,21.06999969482422,21.15999984741211,225300.0
2015-10-06,16.933021545410156,21.3799991607666,21.420000076293945,21.200000762939453,21.229999542236328,172400.0
2015-10-07,17.0201358795166,21.489999771118164,21.520000457763672,21.350000381469727,21.440000534057617,132800.0
2015-10-08,17.40822410583496,21.979999542236328,22.020000457763672,21.549999237060547,21.549999237060547,106900.0
2015-10-09,17.43990707397461,22.020000457763672,22.170000076293945,21.979999542236328,22.170000076293945,108100.0
2015-10-12,17.40822410583496,21.979999542236328,22.1299991607666,21.959999084472656,22.100000381469727,58600.0
2015-10-13,17.241905212402344,21.770000457763672,21.979999542236328,21.75,21.790000915527344,126900.0
2015-10-14,17.51910400390625,22.1200008392334,22.139999389648438,22.020000457763672,22.049999237060547,127400.0
2015-10-15,17.6220645904541,22.25,22.260000228881836,22.030000686645508,22.059999465942383,335500.0
2015-10-16,17.479503631591797,22.06999969482422,22.100000381469727,21.920000076293945,21.979999542236328,130700.0
2015-10-19,17.226064682006836,21.75,21.780000686645508,21.639999389648438,21.780000686645508,460400.0
2015-10-20,17.218143463134766,21.739999771118164,21.790000915527344,21.690000534057617,21.770000457763672,66000.0
2015-10-21,16.925100326538086,21.3700008392334,21.639999389648438,21.34000015258789,21.579999923706055,93500.0
2015-10-22,16.782541275024414,21.190000534057617,21.280000686645508,21.139999389648438,21.270000457763672,133400.0
2015-10-23,16.663742065429688,21.040000915527344,21.200000762939453,20.90999984741211,21.200000762939453,138600.0
2015-10-26,16.6241455078125,20.989999771118164,21.030000686645508,20.90999984741211,21.010000228881836,158300.0
2015-10-27,16.5528621673584,20.899999618530273,20.950000762939453,20.81999969482422,20.860000610351562,150100.0
2015-10-28,16.188541412353516,20.440000534057617,20.920000076293945,20.31999969482422,20.770000457763672,368900.0
2015-10-29,16.053897857666016,20.270000457763672,20.459999084472656,20.260000228881836,20.3700008392334,161800.0
2015-10-30,16.180622100830078,20.43000030517578,20.610000610351562,20.3799991607666,20.389999389648438,296800.0
2015-11-02,16.537019729614258,20.8799991607666,20.8799991607666,20.700000762939453,20.700000762939453,179600.0
2015-11-03,16.362781524658203,20.65999984741211,20.75,20.530000686645508,20.649999618530273,431900.0
2015-11-04,16.069738388061523,20.290000915527344,20.670000076293945,20.260000228881836,20.65999984741211,244600.0
2015-11-05,16.069738388061523,20.290000915527344,20.3700008392334,20.200000762939453,20.3700008392334,158400.0
2015-11-06,15.697497367858887,19.81999969482422,19.860000610351562,19.610000610351562,19.860000610351562,313000.0
2015-11-09,15.4598970413208,19.520000457763672,19.729999542236328,19.5,19.639999389648438,353700.0
2015-11-10,15.626218795776367,19.729999542236328,19.760000228881836,19.600000381469727,19.6200008392334,182900.0
2015-11-11,15.800457954406738,19.950000762939453,20.079999923706055,19.850000381469727,19.93000030517578,140000.0
2015-11-12,15.570775985717773,19.65999984741211,19.739999771118164,19.59000015258789,19.68000030517578,205100.0
2015-11-13,15.238137245178223,19.239999771118164,19.520000457763672,19.219999313354492,19.520000457763672,194000.0
2015-11-16,15.34109878540039,19.3700008392334,19.3799991607666,19.149999618530273,19.239999771118164,382900.0
2015-11-17,15.277734756469727,19.290000915527344,19.479999542236328,19.260000228881836,19.40999984741211,228000.0
2015-11-18,15.53117847442627,19.610000610351562,19.65999984741211,19.350000381469727,19.360000610351562,296300.0
2015-11-19,15.507421493530273,19.579999923706055,19.649999618530273,19.5,19.600000381469727,156300.0
2015-11-20,15.4915771484375,19.559999465942383,19.709999084472656,19.520000457763672,19.649999618530273,245400.0
2015-11-23,15.063897132873535,19.020000457763672,19.149999618530273,18.979999542236328,19.079999923706055,265600.0
2015-11-24,15.048054695129395,19.0,19.030000686645508,18.770000457763672,18.799999237060547,325500.0
2015-11-25,14.810452461242676,18.700000762939453,18.719999313354492,18.600000381469727,18.700000762939453,184200.0
2015-11-27,14.723332405090332,18.59000015258789,18.709999084472656,18.56999969482422,18.709999084472656,103400.0
2015-11-30,14.715414047241211,18.579999923706055,18.65999984741211,18.479999542236328,18.6200008392334,232500.0
2015-12-01,14.652054786682129,18.5,18.579999923706055,18.420000076293945,18.489999771118164,533100.0
2015-12-02,14.287732124328613,18.040000915527344,18.149999618530273,17.979999542236328,18.149999618530273,207600.0
2015-12-03,14.4619722366333,18.260000228881836,18.389999389648438,18.239999771118164,18.329999923706055,343100.0
2015-12-04,14.533251762390137,18.350000381469727,18.360000610351562,17.790000915527344,17.809999465942383,326000.0
2015-12-07,14.438209533691406,18.229999542236328,18.350000381469727,18.190000534057617,18.329999923706055,123500.0
2015-12-08,14.08181381225586,17.780000686645508,17.889999389648438,17.760000228881836,17.780000686645508,182700.0
2015-12-09,13.757091522216797,17.3700008392334,17.6200008392334,17.309999465942383,17.6200008392334,267000.0
2015-12-10,13.891731262207031,17.540000915527344,17.739999771118164,17.510000228881836,17.670000076293945,282100.0
2015-12-11,13.63036823272705,17.209999084472656,17.399999618530273,17.18000030517578,17.399999618530273,357700.0
2015-12-14,13.701648712158203,17.299999237060547,17.34000015258789,17.200000762939453,17.260000228881836,195800.0
2015-12-15,13.812531471252441,17.440000534057617,17.489999771118164,17.350000381469727,17.350000381469727,485100.0
2015-12-16,14.271892547607422,18.020000457763672,18.190000534057617,17.770000457763672,17.850000381469727,313900.0
2015-12-17,14.20853328704834,17.940000534057617,18.309999465942383,17.93000030517578,18.25,219400.0
2015-12-18,14.406532287597656,18.190000534057617,18.3700008392334,18.040000915527344,18.040000915527344,316600.0
2015-12-21,14.791991233825684,18.420000076293945,18.440000534057617,18.280000686645508,18.299999237060547,221000.0
2015-12-22,14.952598571777344,18.6200008392334,18.6299991607666,18.40999984741211,18.40999984741211,334300.0
2015-12-23,14.952598571777344,18.6200008392334,18.6299991607666,18.450000762939453,18.5,489400.0
2015-12-24,14.976689338684082,18.649999618530273,18.700000762939453,18.579999923706055,18.600000381469727,11700.0
2015-12-28,14.936541557312012,18.600000381469727,18.729999542236328,18.56999969482422,18.56999969482422,186900.0
2015-12-29,15.048965454101562,18.739999771118164,18.8700008392334,18.68000030517578,18.75,163500.0
2015-12-30,14.69562816619873,18.299999237060547,18.5,18.270000457763672,18.5,249900.0
2015-12-31,14.518957138061523,18.079999923706055,18.139999389648438,17.940000534057617,18.110000610351562,218700.0
2016-01-04,14.093347549438477,17.549999237060547,17.59000015258789,17.360000610351562,17.540000915527344,334000.0
2016-01-05,13.8203125,17.209999084472656,17.34000015258789,17.1299991607666,17.290000915527344,517200.0
2016-01-06,13.515159606933594,16.829999923706055,16.899999618530273,16.75,16.799999237060547,253300.0
2016-01-07,13.450915336608887,16.75,16.950000762939453,16.719999313354492,16.809999465942383,299600.0
2016-01-08,13.258185386657715,16.510000228881836,16.670000076293945,16.450000762939453,16.649999618530273,689000.0
2016-01-11,13.226062774658203,16.469999313354492,16.540000915527344,16.34000015258789,16.469999313354492,140600.0
2016-01-12,13.507129669189453,16.81999969482422,16.8700008392334,16.729999542236328,16.829999923706055,201500.0
2016-01-13,13.539250373840332,16.860000610351562,17.219999313354492,16.850000381469727,17.200000762939453,377800.0
2016-01-14,13.563340187072754,16.889999389648438,16.979999542236328,16.719999313354492,16.780000686645508,204100.0
2016-01-15,13.033334732055664,16.229999542236328,16.760000228881836,16.149999618530273,16.690000534057617,457300.0
2016-01-19,12.840605735778809,15.989999771118164,16.139999389648438,15.920000076293945,16.1200008392334,193300.0
2016-01-20,12.792423248291016,15.930000305175781,16.0,15.65999984741211,15.949999809265137,342000.0
2016-01-21,12.599691390991211,15.6899995803833,15.819999694824219,15.470000267028809,15.59000015258789,270900.0
2016-01-22,12.936969757080078,16.110000610351562,16.170000076293945,15.989999771118164,16.030000686645508,260300.0
2016-01-25,12.888787269592285,16.049999237060547,16.200000762939453,16.010000228881836,16.1200008392334,165100.0
2016-01-26,12.993183135986328,16.18000030517578,16.200000762939453,16.0,16.020000457763672,139700.0
2016-01-27,12.936969757080078,16.110000610351562,16.239999771118164,16.040000915527344,16.149999618530273,316200.0
2016-01-28,13.330459594726562,16.600000381469727,16.68000030517578,16.450000762939453,16.579999923706055,253700.0
2016-01-29,13.547281265258789,16.8700008392334,16.8799991607666,16.6200008392334,16.6200008392334,388500.0
2016-02-01,13.611523628234863,16.950000762939453,16.969999313354492,16.829999923706055,16.8799991607666,156300.0
2016-02-02,13.23409366607666,16.479999542236328,16.670000076293945,16.459999084472656,16.670000076293945,263300.0
2016-02-03,13.731979370117188,17.100000381469727,17.1299991607666,16.65999984741211,16.739999771118164,462400.0
2016-02-04,13.900616645812988,17.309999465942383,17.440000534057617,17.25,17.260000228881836,167500.0
2016-02-05,13.99698257446289,17.43000030517578,17.520000457763672,17.34000015258789,17.43000030517578,178000.0
2016-02-08,13.828343391418457,17.219999313354492,17.290000915527344,17.049999237060547,17.079999923706055,546800.0
2016-02-09,13.908649444580078,17.31999969482422,17.389999389648438,17.06999969482422,17.079999923706055,242400.0
2016-02-10,13.900616645812988,17.309999465942383,17.420000076293945,17.190000534057617,17.3700008392334,139700.0
2016-02-11,13.892585754394531,17.299999237060547,17.3799991607666,17.149999618530273,17.149999618530273,248300.0
2016-02-12,14.021073341369629,17.459999084472656,17.469999313354492,17.290000915527344,17.389999389648438,111300.0
2016-02-16,13.932740211486816,17.350000381469727,17.3700008392334,17.219999313354492,17.299999237060547,349700.0
2016-02-17,14.438652992248535,17.979999542236328,18.0,17.790000915527344,17.790000915527344,471800.0
2016-02-18,14.350317001342773,17.8700008392334,18.030000686645508,17.81999969482422,17.989999771118164,167000.0
2016-02-19,14.3985013961792,17.93000030517578,18.020000457763672,17.790000915527344,17.81999969482422,145100.0
2016-02-22,14.526988983154297,18.09000015258789,18.09000015258789,17.989999771118164,17.989999771118164,105500.0
2016-02-23,14.253955841064453,17.75,17.959999084472656,17.739999771118164,17.959999084472656,135100.0
2016-02-24,14.245925903320312,17.739999771118164,17.799999237060547,17.559999465942383,17.559999465942383,161600.0
2016-02-25,14.36638355255127,17.889999389648438,17.899999618530273,17.739999771118164,17.75,129100.0
2016-02-26,14.101378440856934,17.559999465942383,17.93000030517578,17.540000915527344,17.8799991607666,152300.0
2016-02-29,13.988951683044434,17.420000076293945,17.559999465942383,17.3700008392334,17.479999542236328,182600.0
2016-03-01,14.141532897949219,17.610000610351562,17.610000610351562,17.229999542236328,17.360000610351562,205400.0
2016-03-02,14.237894058227539,17.729999542236328,17.75,17.389999389648438,17.389999389648438,430800.0
2016-03-03,14.583200454711914,18.15999984741211,18.15999984741211,17.739999771118164,17.75,203300.0
2016-03-04,14.647446632385254,18.239999771118164,18.309999465942383,18.100000381469727,18.100000381469727,851200.0
2016-03-07,14.791991233825684,18.420000076293945,18.520000457763672,18.190000534057617,18.239999771118164,282700.0
2016-03-08,14.703658103942871,18.309999465942383,18.389999389648438,18.25,18.360000610351562,122600.0
2016-03-09,14.655474662780762,18.25,18.40999984741211,18.18000030517578,18.18000030517578,146500.0
2016-03-10,14.936541557312012,18.600000381469727,18.649999618530273,18.389999389648438,18.5,126100.0
2016-03-11,15.265786170959473,19.010000228881836,19.059999465942383,18.780000686645508,18.780000686645508,111300.0
2016-03-14,15.177446365356445,18.899999618530273,19.030000686645508,18.850000381469727,18.940000534057617,123300.0
2016-03-15,15.169421195983887,18.889999389648438,18.889999389648438,18.709999084472656,18.829999923706055,118900.0
2016-03-16,15.498665809631348,19.299999237060547,19.329999923706055,18.520000457763672,18.520000457763672,336500.0
2016-03-17,15.795792579650879,19.670000076293945,19.739999771118164,19.360000610351562,19.360000610351562,330200.0
2016-03-18,15.803823471069336,19.68000030517578,19.790000915527344,19.6200008392334,19.6200008392334,170400.0
2016-03-21,15.731550216674805,19.59000015258789,19.65999984741211,19.540000915527344,19.600000381469727,101200.0
2016-03-22,15.763669967651367,19.6299991607666,19.65999984741211,19.40999984741211,19.43000030517578,365000.0
2016-03-23,15.474578857421875,19.270000457763672,19.479999542236328,19.239999771118164,19.479999542236328,318400.0
2016-03-24,15.498665809631348,19.299999237060547,19.309999465942383,18.989999771118164,19.030000686645508,177200.0
2016-03-28,15.619123458862305,19.450000762939453,19.549999237060547,19.440000534057617,19.459999084472656,62000.0
2016-03-29,16.020647048950195,19.950000762939453,19.969999313354492,19.440000534057617,19.489999771118164,264700.0
2016-03-30,16.08488655090332,20.030000686645508,20.229999542236328,19.889999389648438,19.899999618530273,1048700.0
2016-03-31,16.245492935180664,20.229999542236328,20.350000381469727,20.18000030517578,20.209999084472656,303600.0
2016-04-01,16.14912986755371,20.110000610351562,20.149999618530273,19.959999084472656,20.0,278200.0
2016-04-04,16.165189743041992,20.1299991607666,20.270000457763672,20.110000610351562,20.190000534057617,117400.0
2016-04-05,15.691398620605469,19.540000915527344,19.709999084472656,19.520000457763672,19.709999084472656,404800.0
2016-04-06,15.77170181274414,19.639999389648438,19.649999618530273,19.31999969482422,19.3700008392334,295100.0
2016-04-07,15.24169635772705,18.979999542236328,19.18000030517578,18.950000762939453,19.18000030517578,282100.0
2016-04-08,15.43442440032959,19.219999313354492,19.360000610351562,19.190000534057617,19.25,780200.0
2016-04-11,15.538818359375,19.350000381469727,19.540000915527344,19.34000015258789,19.3700008392334,340600.0
2016-04-12,15.570938110351562,19.389999389648438,19.420000076293945,19.06999969482422,19.25,268400.0
2016-04-13,15.627156257629395,19.459999084472656,19.479999542236328,19.3799991607666,19.389999389648438,193400.0
2016-04-14,15.570938110351562,19.389999389648438,19.479999542236328,19.360000610351562,19.40999984741211,122400.0
2016-04-15,15.458514213562012,19.25,19.399999618530273,19.239999771118164,19.360000610351562,172200.0
2016-04-18,15.54685115814209,19.360000610351562,19.440000534057617,19.170000076293945,19.25,211700.0
2016-04-19,15.843971252441406,19.729999542236328,19.780000686645508,19.600000381469727,19.6200008392334,444000.0
2016-04-20,15.86003589630127,19.75,19.81999969482422,19.59000015258789,19.639999389648438,211900.0
2016-04-21,15.458514213562012,19.25,19.549999237060547,19.209999084472656,19.549999237060547,305200.0
2016-04-22,15.185481071472168,18.90999984741211,19.149999618530273,18.84000015258789,19.06999969482422,533500.0
2016-04-25,14.960631370544434,18.6299991607666,18.719999313354492,18.59000015258789,18.639999389648438,146400.0
2016-04-26,15.145334243774414,18.860000610351562,18.93000030517578,18.729999542236328,18.84000015258789,177400.0
2016-04-27,15.040931701660156,18.729999542236328,18.739999771118164,18.469999313354492,18.559999465942383,267400.0
2016-04-28,14.920478820800781,18.579999923706055,18.700000762939453,18.530000686645508,18.6200008392334,202800.0
2016-04-29,15.209571838378906,18.940000534057617,18.969999313354492,18.760000228881836,18.81999969482422,246100.0
2016-05-02,15.338059425354004,19.100000381469727,19.1299991607666,18.950000762939453,19.030000686645508,160100.0
2016-05-03,14.960631370544434,18.6299991607666,19.020000457763672,18.6200008392334,19.020000457763672,375000.0
2016-05-04,14.751839637756348,18.3700008392334,18.600000381469727,18.360000610351562,18.600000381469727,716100.0
2016-05-05,14.462745666503906,18.010000228881836,18.15999984741211,17.950000762939453,18.139999389648438,271200.0
2016-05-06,14.551080703735352,18.1200008392334,18.239999771118164,18.049999237060547,18.06999969482422,403400.0
2016-05-09,14.414566040039062,17.950000762939453,18.209999084472656,17.950000762939453,18.209999084472656,215100.0
2016-05-10,14.334259986877441,17.850000381469727,17.90999984741211,17.760000228881836,17.829999923706055,198100.0
2016-05-11,14.270017623901367,17.770000457763672,17.940000534057617,17.770000457763672,17.889999389648438,256400.0
2016-05-12,14.270017623901367,17.770000457763672,17.950000762939453,17.729999542236328,17.899999618530273,326300.0
2016-05-13,14.157588005065918,17.6299991607666,17.829999923706055,17.6200008392334,17.809999465942383,204900.0
2016-05-16,14.631382942199707,18.219999313354492,18.329999923706055,18.190000534057617,18.209999084472656,174400.0
2016-05-17,14.494866371154785,18.049999237060547,18.239999771118164,18.0,18.200000762939453,475800.0
2016-05-18,14.189713478088379,17.670000076293945,17.979999542236328,17.6299991607666,17.90999984741211,293300.0
2016-05-19,13.908649444580078,17.31999969482422,17.530000686645508,17.280000686645508,17.510000228881836,194000.0
2016-05-20,14.005014419555664,17.440000534057617,17.469999313354492,17.389999389648438,17.389999389648438,132900.0
2016-05-23,13.94076919555664,17.360000610351562,17.450000762939453,17.219999313354492,17.219999313354492,232300.0
2016-05-24,14.069255828857422,17.520000457763672,17.540000915527344,17.389999389648438,17.420000076293945,123000.0
2016-05-25,14.286077499389648,17.790000915527344,17.81999969482422,17.719999313354492,17.760000228881836,129100.0
2016-05-26,14.374410629272461,17.899999618530273,17.950000762939453,17.780000686645508,17.90999984741211,124900.0
2016-05-27,14.197741508483887,17.68000030517578,17.780000686645508,17.65999984741211,17.770000457763672,188100.0
2016-05-31,13.972892761230469,17.399999618530273,17.639999389648438,17.3700008392334,17.6200008392334,472700.0
2016-06-01,13.595460891723633,16.93000030517578,17.010000228881836,16.8700008392334,17.010000228881836,243400.0
2016-06-02,13.707887649536133,17.06999969482422,17.06999969482422,16.940000534057617,16.979999542236328,214100.0
2016-06-03,14.221832275390625,17.709999084472656,17.709999084472656,17.469999313354492,17.520000457763672,230600.0
2016-06-06,14.374410629272461,17.899999618530273,17.920000076293945,17.610000610351562,17.65999984741211,468700.0
2016-06-07,14.567140579223633,18.139999389648438,18.219999313354492,18.110000610351562,18.110000610351562,397200.0
2016-06-08,14.840177536010742,18.479999542236328,18.579999923706055,18.399999618530273,18.479999542236328,216400.0
2016-06-09,14.502902030944824,18.059999465942383,18.09000015258789,17.959999084472656,18.030000686645508,229900.0
2016-06-10,13.924708366394043,17.34000015258789,17.610000610351562,17.31999969482422,17.610000610351562,269000.0
2016-06-13,13.764100074768066,17.139999389648438,17.3799991607666,17.1299991607666,17.209999084472656,155100.0
2016-06-14,13.603494644165039,16.940000534057617,17.020000457763672,16.790000915527344,16.989999771118164,291400.0
2016-06-15,13.748040199279785,17.1200008392334,17.260000228881836,17.040000915527344,17.06999969482422,257300.0
2016-06-16,13.49106502532959,16.799999237060547,16.84000015258789,16.299999237060547,16.530000686645508,862800.0
2016-06-17,13.659706115722656,17.010000228881836,17.059999465942383,16.700000762939453,16.760000228881836,421500.0
2016-06-20,13.980921745300293,17.40999984741211,17.56999969482422,17.399999618530273,17.469999313354492,182800.0
2016-06-21,14.149560928344727,17.6200008392334,17.6299991607666,17.34000015258789,17.440000534057617,252800.0
2016-06-22,14.36127758026123,17.84000015258789,17.889999389648438,17.639999389648438,17.780000686645508,328300.0
2016-06-23,14.892579078674316,18.5,18.530000686645508,18.25,18.290000915527344,212000.0
2016-06-24,13.266469955444336,16.479999542236328,16.850000381469727,16.399999618530273,16.399999618530273,583900.0
2016-06-27,13.161820411682129,16.350000381469727,16.43000030517578,16.149999618530273,16.389999389648438,262700.0
2016-06-28,13.459671974182129,16.719999313354492,16.729999542236328,16.530000686645508,16.540000915527344,199100.0
2016-06-29,13.572371482849121,16.860000610351562,16.860000610351562,16.700000762939453,16.700000762939453,304500.0
2016-06-30,13.652872085571289,16.959999084472656,17.030000686645508,16.700000762939453,16.709999084472656,717300.0
2016-07-01,13.516022682189941,16.790000915527344,16.8700008392334,16.65999984741211,16.84000015258789,466000.0
2016-07-05,13.081319808959961,16.25,16.5,16.239999771118164,16.5,534900.0
2016-07-06,13.097418785095215,16.270000457763672,16.290000915527344,16.020000457763672,16.15999984741211,294300.0
2016-07-07,13.081319808959961,16.25,16.440000534057617,16.200000762939453,16.399999618530273,166100.0
2016-07-08,13.226222038269043,16.43000030517578,16.510000228881836,16.34000015258789,16.440000534057617,128200.0
2016-07-11,13.371122360229492,16.610000610351562,16.68000030517578,16.540000915527344,16.600000381469727,337500.0
2016-07-12,13.677021980285645,16.989999771118164,17.0,16.81999969482422,16.8700008392334,907600.0
2016-07-13,13.572371482849121,16.860000610351562,16.899999618530273,16.739999771118164,16.899999618530273,254100.0
2016-07-14,13.644822120666504,16.950000762939453,17.0,16.829999923706055,16.8700008392334,220800.0
2016-07-15,13.709222793579102,17.030000686645508,17.100000381469727,16.940000534057617,17.049999237060547,284500.0
2016-07-18,14.071473121643066,17.479999542236328,17.479999542236328,17.290000915527344,17.299999237060547,114700.0
2016-07-19,13.942675590515137,17.31999969482422,17.329999923706055,17.25,17.309999465942383,217700.0
2016-07-20,14.047324180603027,17.450000762939453,17.510000228881836,17.34000015258789,17.3700008392334,115200.0
2016-07-21,14.111724853515625,17.530000686645508,17.6200008392334,17.5,17.540000915527344,243200.0
2016-07-22,14.087574005126953,17.5,17.559999465942383,17.43000030517578,17.549999237060547,104600.0
2016-07-25,14.176126480102539,17.610000610351562,17.670000076293945,17.59000015258789,17.6200008392334,106200.0
2016-07-26,14.087574005126953,17.5,17.649999618530273,17.5,17.549999237060547,446800.0
2016-07-27,14.135875701904297,17.559999465942383,17.6200008392334,17.309999465942383,17.520000457763672,216100.0
2016-07-28,14.18417739868164,17.6200008392334,17.649999618530273,17.56999969482422,17.610000610351562,137500.0
2016-07-29,14.143922805786133,17.56999969482422,17.59000015258789,17.459999084472656,17.559999465942383,249100.0
2016-08-01,14.063425064086914,17.469999313354492,17.56999969482422,17.43000030517578,17.5,158200.0
2016-08-02,14.659128189086914,18.209999084472656,18.25,18.09000015258789,18.110000610351562,544200.0
2016-08-03,14.610828399658203,18.149999618530273,18.15999984741211,17.989999771118164,18.030000686645508,87400.0
2016-08-04,14.723529815673828,18.290000915527344,18.34000015258789,18.200000762939453,18.200000762939453,99800.0
2016-08-05,14.812076568603516,18.399999618530273,18.40999984741211,18.260000228881836,18.280000686645508,141900.0
2016-08-08,14.932827949523926,18.549999237060547,18.56999969482422,18.350000381469727,18.350000381469727,254800.0
2016-08-09,15.053580284118652,18.700000762939453,18.790000915527344,18.65999984741211,18.65999984741211,203300.0
2016-08-10,15.19043254852295,18.8700008392334,18.899999618530273,18.799999237060547,18.829999923706055,111500.0
2016-08-11,15.31118106842041,19.020000457763672,19.049999237060547,18.860000610351562,18.8799991607666,223000.0
2016-08-12,15.278980255126953,18.979999542236328,19.079999923706055,18.920000076293945,19.049999237060547,459100.0
2016-08-15,15.41583251953125,19.149999618530273,19.209999084472656,19.110000610351562,19.149999618530273,191700.0
2016-08-16,15.351430892944336,19.06999969482422,19.110000610351562,18.979999542236328,19.110000610351562,232000.0
2016-08-17,15.134078979492188,18.799999237060547,18.889999389648438,18.59000015258789,18.729999542236328,300800.0
2016-08-18,15.166279792785645,18.84000015258789,18.84000015258789,18.600000381469727,18.6200008392334,132500.0
2016-08-19,14.924778938293457,18.540000915527344,18.56999969482422,18.459999084472656,18.5,192500.0
2016-08-22,14.828182220458984,18.420000076293945,18.5,18.399999618530273,18.489999771118164,161700.0
2016-08-23,14.691328048706055,18.25,18.5,18.229999542236328,18.399999618530273,183800.0
2016-08-24,14.80402946472168,18.389999389648438,18.40999984741211,18.25,18.299999237060547,288400.0
2016-08-25,14.651078224182129,18.200000762939453,18.290000915527344,18.170000076293945,18.290000915527344,324600.0
2016-08-26,14.393476486206055,17.8799991607666,18.389999389648438,17.790000915527344,18.270000457763672,699000.0
2016-08-29,14.538378715515137,18.059999465942383,18.09000015258789,17.920000076293945,17.989999771118164,120900.0
2016-08-30,14.554476737976074,18.079999923706055,18.190000534057617,18.06999969482422,18.139999389648438,118300.0
2016-08-31,14.482028007507324,17.989999771118164,18.1200008392334,17.93000030517578,18.059999465942383,225200.0
2016-09-01,14.449827194213867,17.950000762939453,17.959999084472656,17.719999313354492,17.809999465942383,154100.0
2016-09-02,14.433725357055664,17.93000030517578,18.010000228881836,17.81999969482422,17.950000762939453,217600.0
2016-09-06,14.868428230285645,18.469999313354492,18.530000686645508,18.270000457763672,18.31999969482422,370400.0
2016-09-07,15.10993480682373,18.770000457763672,18.790000915527344,18.610000610351562,18.670000076293945,427000.0
2016-09-08,14.884528160095215,18.489999771118164,18.68000030517578,18.43000030517578,18.68000030517578,290500.0
2016-09-09,14.401528358459473,17.889999389648438,18.1200008392334,17.8799991607666,18.1200008392334,580500.0
2016-09-12,14.41762638092041,17.90999984741211,17.950000762939453,17.56999969482422,17.610000610351562,400600.0
2016-09-13,14.176126480102539,17.610000610351562,17.84000015258789,17.520000457763672,17.81999969482422,301500.0
2016-09-14,14.353226661682129,17.829999923706055,17.959999084472656,17.790000915527344,17.860000610351562,307300.0
2016-09-15,14.618876457214355,18.15999984741211,18.190000534057617,17.969999313354492,18.0,247200.0
2016-09-16,14.562528610229492,18.09000015258789,18.1200008392334,17.940000534057617,17.940000534057617,291100.0
2016-09-19,14.586677551269531,18.1200008392334,18.25,18.09000015258789,18.219999313354492,191600.0
2016-09-20,14.530323028564453,18.049999237060547,18.18000030517578,18.049999237060547,18.18000030517578,193500.0
2016-09-21,14.965031623840332,18.59000015258789,18.6200008392334,18.229999542236328,18.299999237060547,295500.0
2016-09-22,14.90868091583252,18.520000457763672,18.719999313354492,18.440000534057617,18.6299991607666,511200.0
2016-09-23,14.731576919555664,18.299999237060547,18.389999389648438,18.280000686645508,18.31999969482422,273700.0
2016-09-26,14.626928329467773,18.170000076293945,18.299999237060547,18.170000076293945,18.260000228881836,211400.0
2016-09-27,14.739624977111816,18.309999465942383,18.329999923706055,18.010000228881836,18.020000457763672,163600.0
2016-09-28,14.755731582641602,18.329999923706055,18.34000015258789,18.049999237060547,18.149999618530273,299400.0
2016-09-29,14.498126029968262,18.010000228881836,18.18000030517578,17.899999618530273,18.100000381469727,617300.0
2016-09-30,14.667174339294434,18.219999313354492,18.280000686645508,18.110000610351562,18.139999389648438,625100.0
2016-10-03,14.69937801361084,18.260000228881836,18.31999969482422,18.15999984741211,18.260000228881836,118200.0
2016-10-04,14.675224304199219,18.229999542236328,18.469999313354492,18.170000076293945,18.450000762939453,216400.0
2016-10-05,14.892579078674316,18.5,18.56999969482422,18.450000762939453,18.549999237060547,482200.0
2016-10-06,14.940877914428711,18.559999465942383,18.56999969482422,18.420000076293945,18.459999084472656,280800.0
2016-10-07,14.828182220458984,18.420000076293945,18.549999237060547,18.270000457763672,18.549999237060547,219100.0
2016-10-10,14.90868091583252,18.520000457763672,18.579999923706055,18.5,18.5,145200.0
2016-10-11,14.723529815673828,18.290000915527344,18.5,18.209999084472656,18.5,413000.0
2016-10-12,14.626928329467773,18.170000076293945,18.270000457763672,18.1299991607666,18.219999313354492,187900.0
2016-10-13,14.530323028564453,18.049999237060547,18.170000076293945,17.90999984741211,18.020000457763672,245600.0
2016-10-14,14.248574256896973,17.700000762939453,17.969999313354492,17.690000534057617,17.920000076293945,107500.0
2016-10-17,14.200276374816895,17.639999389648438,17.719999313354492,17.6200008392334,17.719999313354492,139100.0
2016-10-18,14.304925918579102,17.770000457763672,17.829999923706055,17.639999389648438,17.719999313354492,114800.0
2016-10-19,14.457873344421387,17.959999084472656,18.010000228881836,17.899999618530273,17.979999542236328,163900.0
2016-10-20,14.377376556396484,17.860000610351562,17.950000762939453,17.81999969482422,17.93000030517578,221600.0
2016-10-21,14.321025848388672,17.790000915527344,17.829999923706055,17.729999542236328,17.81999969482422,126100.0
2016-10-24,14.506175994873047,18.020000457763672,18.149999618530273,18.020000457763672,18.100000381469727,92100.0
2016-10-25,14.618876457214355,18.15999984741211,18.200000762939453,18.049999237060547,18.06999969482422,110500.0
2016-10-26,14.522278785705566,18.040000915527344,18.139999389648438,17.969999313354492,18.010000228881836,2341100.0
2016-10-27,14.618876457214355,18.15999984741211,18.25,18.100000381469727,18.200000762939453,969200.0
2016-10-28,14.763777732849121,18.34000015258789,18.479999542236328,18.260000228881836,18.299999237060547,246900.0
2016-10-31,14.965031623840332,18.59000015258789,18.65999984741211,18.43000030517578,18.43000030517578,237500.0
2016-11-01,14.981131553649902,18.610000610351562,18.75,18.5,18.729999542236328,294200.0
2016-11-02,14.618876457214355,18.15999984741211,18.309999465942383,18.079999923706055,18.309999465942383,186700.0
2016-11-03,14.675224304199219,18.229999542236328,18.260000228881836,18.1299991607666,18.229999542236328,131000.0
2016-11-04,14.506175994873047,18.020000457763672,18.149999618530273,17.989999771118164,18.139999389648438,91900.0
2016-11-07,14.634978294372559,18.18000030517578,18.270000457763672,18.020000457763672,18.079999923706055,325600.0
2016-11-08,14.755731582641602,18.329999923706055,18.459999084472656,18.1299991607666,18.18000030517578,328700.0
2016-11-09,14.401528358459473,17.889999389648438,18.1200008392334,17.860000610351562,18.030000686645508,571500.0
2016-11-10,14.393476486206055,17.8799991607666,18.110000610351562,17.799999237060547,18.110000610351562,558600.0
2016-11-11,14.063425064086914,17.469999313354492,17.65999984741211,17.219999313354492,17.559999465942383,812000.0
2016-11-14,13.709222793579102,17.030000686645508,17.270000457763672,16.979999542236328,17.270000457763672,705300.0
2016-11-15,13.846074104309082,17.200000762939453,17.209999084472656,16.969999313354492,17.0,222500.0
2016-11-16,13.556270599365234,16.84000015258789,17.020000457763672,16.780000686645508,17.020000457763672,1062700.0
2016-11-17,13.43552017211914,16.690000534057617,17.040000915527344,16.6200008392334,16.920000076293945,1168400.0
2016-11-18,13.322820663452148,16.549999237060547,16.610000610351562,16.469999313354492,16.559999465942383,106600.0
2016-11-21,13.572371482849121,16.860000610351562,16.90999984741211,16.780000686645508,16.829999923706055,116800.0
2016-11-22,13.870223999023438,17.229999542236328,17.25,17.059999465942383,17.139999389648438,240500.0
2016-11-23,13.846074104309082,17.200000762939453,17.229999542236328,17.0,17.059999465942383,208200.0
2016-11-25,13.95072078704834,17.329999923706055,17.3799991607666,17.290000915527344,17.350000381469727,107100.0
2016-11-28,13.821925163269043,17.170000076293945,17.219999313354492,17.100000381469727,17.149999618530273,78900.0
2016-11-29,13.829974174499512,17.18000030517578,17.200000762939453,17.040000915527344,17.059999465942383,134700.0
2016-11-30,13.797772407531738,17.139999389648438,17.290000915527344,17.1200008392334,17.280000686645508,208600.0
2016-12-01,13.677021980285645,16.989999771118164,17.09000015258789,16.979999542236328,17.09000015258789,202300.0
2016-12-02,13.725323677062988,17.049999237060547,17.1200008392334,17.020000457763672,17.040000915527344,127300.0
2016-12-05,14.304925918579102,17.770000457763672,17.790000915527344,17.440000534057617,17.459999084472656,477100.0
2016-12-06,14.570576667785645,18.100000381469727,18.1200008392334,17.850000381469727,17.860000610351562,1300800.0
2016-12-07,14.82012939453125,18.40999984741211,18.479999542236328,18.18000030517578,18.18000030517578,1062400.0
2016-12-08,14.755731582641602,18.329999923706055,18.40999984741211,18.200000762939453,18.329999923706055,217900.0
2016-12-09,14.490078926086426,18.0,18.030000686645508,17.93000030517578,18.0,306200.0
2016-12-12,14.506175994873047,18.020000457763672,18.020000457763672,17.90999984741211,17.920000076293945,153200.0
2016-12-13,14.828182220458984,18.420000076293945,18.459999084472656,18.18000030517578,18.229999542236328,414000.0
2016-12-14,14.498126029968262,18.010000228881836,18.600000381469727,17.969999313354492,18.399999618530273,389200.0
2016-12-15,14.41762638092041,17.90999984741211,17.979999542236328,17.75,17.950000762939453,384300.0
2016-12-16,14.570576667785645,18.100000381469727,18.149999618530273,17.860000610351562,17.860000610351562,239700.0
2016-12-19,14.514225959777832,18.030000686645508,18.18000030517578,17.979999542236328,18.09000015258789,736000.0
2016-12-20,14.659128189086914,18.209999084472656,18.280000686645508,18.139999389648438,18.170000076293945,574000.0
2016-12-21,14.565580368041992,17.75,17.989999771118164,17.739999771118164,17.989999771118164,91700.0
2016-12-22,14.639434814453125,17.84000015258789,17.920000076293945,17.700000762939453,17.739999771118164,254700.0
2016-12-23,14.729700088500977,17.950000762939453,17.959999084472656,17.84000015258789,17.84000015258789,137200.0
2016-12-27,14.729700088500977,17.950000762939453,17.979999542236328,17.899999618530273,17.93000030517578,159700.0
2016-12-28,14.647640228271484,17.850000381469727,17.850000381469727,17.729999542236328,17.81999969482422,149700.0
2016-12-29,14.87740421295166,18.1299991607666,18.15999984741211,17.940000534057617,17.940000534057617,228200.0
2016-12-30,14.869200706481934,18.1200008392334,18.25,18.100000381469727,18.229999542236328,197300.0
2017-01-03,15.04973030090332,18.34000015258789,18.350000381469727,18.18000030517578,18.239999771118164,485500.0
2017-01-04,15.287704467773438,18.6299991607666,18.65999984741211,18.469999313354492,18.5,362000.0
2017-01-05,15.44361686706543,18.81999969482422,18.850000381469727,18.719999313354492,18.780000686645508,1291100.0
2017-01-06,15.345146179199219,18.700000762939453,18.739999771118164,18.65999984741211,18.739999771118164,232200.0
2017-01-09,15.501058578491211,18.889999389648438,18.899999618530273,18.690000534057617,18.709999084472656,455800.0
2017-01-10,15.624150276184082,19.040000915527344,19.209999084472656,18.979999542236328,19.09000015258789,290500.0
2017-01-11,15.821093559265137,19.280000686645508,19.329999923706055,18.850000381469727,18.889999389648438,636400.0
2017-01-12,15.788268089294434,19.239999771118164,19.440000534057617,19.170000076293945,19.389999389648438,789000.0
2017-01-13,15.722620010375977,19.15999984741211,19.170000076293945,19.049999237060547,19.1299991607666,145200.0
2017-01-17,15.886736869812012,19.360000610351562,19.360000610351562,19.25,19.290000915527344,384600.0
2017-01-18,15.68979549407959,19.1200008392334,19.350000381469727,19.100000381469727,19.350000381469727,285800.0
2017-01-19,15.706208229064941,19.139999389648438,19.170000076293945,19.049999237060547,19.170000076293945,263900.0
2017-01-20,15.771856307983398,19.219999313354492,19.260000228881836,19.1299991607666,19.190000534057617,147000.0
2017-01-23,15.829298973083496,19.290000915527344,19.329999923706055,19.190000534057617,19.219999313354492,285600.0
2017-01-24,15.985208511352539,19.479999542236328,19.540000915527344,19.309999465942383,19.309999465942383,338200.0
2017-01-25,16.57604217529297,20.200000762939453,20.200000762939453,20.0,20.0,380100.0
2017-01-26,16.502185821533203,20.110000610351562,20.299999237060547,20.049999237060547,20.190000534057617,216700.0
2017-01-27,16.60066032409668,20.229999542236328,20.229999542236328,20.1299991607666,20.1299991607666,178000.0
2017-01-30,16.370895385742188,19.950000762939453,19.989999771118164,19.850000381469727,19.93000030517578,200400.0
2017-01-31,16.567832946777344,20.190000534057617,20.209999084472656,20.09000015258789,20.139999389648438,306000.0
2017-02-01,16.748367309570312,20.40999984741211,20.43000030517578,20.270000457763672,20.34000015258789,406900.0
2017-02-02,16.633481979370117,20.270000457763672,20.450000762939453,20.200000762939453,20.3799991607666,334100.0
2017-02-03,16.682710647583008,20.329999923706055,20.3799991607666,20.260000228881836,20.299999237060547,345400.0
2017-02-06,16.740156173706055,20.399999618530273,20.440000534057617,20.329999923706055,20.329999923706055,145900.0
2017-02-07,16.592453002929688,20.219999313354492,20.31999969482422,20.190000534057617,20.239999771118164,562700.0
2017-02-08,16.674510955810547,20.31999969482422,20.329999923706055,20.170000076293945,20.219999313354492,113500.0
2017-02-09,17.02737045288086,20.75,20.770000457763672,20.31999969482422,20.31999969482422,194600.0
2017-02-10,17.289958953857422,21.06999969482422,21.079999923706055,20.899999618530273,20.899999618530273,246000.0
2017-02-13,17.29817008972168,21.079999923706055,21.110000610351562,20.989999771118164,21.079999923706055,263400.0
2017-02-14,17.330989837646484,21.1200008392334,21.149999618530273,20.959999084472656,21.06999969482422,270800.0
2017-02-15,17.29817008972168,21.079999923706055,21.100000381469727,20.90999984741211,20.93000030517578,190000.0
2017-02-16,17.544343948364258,21.3799991607666,21.489999771118164,21.3799991607666,21.450000762939453,780600.0
2017-02-17,17.248929977416992,21.020000457763672,21.110000610351562,21.010000228881836,21.030000686645508,283800.0
2017-02-21,17.675636291503906,21.540000915527344,21.56999969482422,21.3799991607666,21.3799991607666,284700.0
2017-02-22,17.823345184326172,21.719999313354492,21.729999542236328,21.3799991607666,21.440000534057617,598800.0
2017-02-23,17.83155059814453,21.729999542236328,21.889999389648438,21.670000076293945,21.799999237060547,192600.0
2017-02-24,17.388427734375,21.190000534057617,21.31999969482422,21.1299991607666,21.260000228881836,613000.0
2017-02-27,17.355607986450195,21.149999618530273,21.290000915527344,21.1299991607666,21.260000228881836,526900.0
2017-02-28,17.2407169342041,21.010000228881836,21.139999389648438,21.0,21.06999969482422,295500.0
2017-03-01,17.806936264038086,21.700000762939453,21.739999771118164,21.43000030517578,21.5,499500.0
2017-03-02,17.577167510986328,21.420000076293945,21.559999465942383,21.389999389648438,21.520000457763672,347100.0
2017-03-03,17.74949073791504,21.6299991607666,21.670000076293945,21.450000762939453,21.530000686645508,227000.0
2017-03-06,17.47869300842285,21.299999237060547,21.559999465942383,21.229999542236328,21.5,515100.0
2017-03-07,17.40484046936035,21.209999084472656,21.239999771118164,21.1299991607666,21.18000030517578,323300.0
2017-03-08,17.248929977416992,21.020000457763672,21.190000534057617,20.989999771118164,21.15999984741211,152500.0
2017-03-09,17.101221084594727,20.84000015258789,20.959999084472656,20.790000915527344,20.8700008392334,572900.0
2017-03-10,17.421255111694336,21.229999542236328,21.270000457763672,21.079999923706055,21.209999084472656,165300.0
2017-03-13,17.70846176147461,21.579999923706055,21.610000610351562,21.3799991607666,21.450000762939453,621600.0
2017-03-14,17.601783752441406,21.450000762939453,21.559999465942383,21.43000030517578,21.479999542236328,321400.0
2017-03-15,17.971052169799805,21.899999618530273,22.0,21.450000762939453,21.459999084472656,355800.0
2017-03-16,18.29928970336914,22.299999237060547,22.309999465942383,22.15999984741211,22.239999771118164,405700.0
2017-03-17,18.463417053222656,22.5,22.559999465942383,22.420000076293945,22.440000534057617,1094400.0
2017-03-20,18.40596580505371,22.43000030517578,22.489999771118164,22.280000686645508,22.309999465942383,359500.0
2017-03-21,18.176197052001953,22.149999618530273,22.799999237060547,22.139999389648438,22.75,251800.0
2017-03-22,17.97926139831543,21.90999984741211,21.950000762939453,21.729999542236328,21.799999237060547,224900.0
2017-03-23,18.110553741455078,22.06999969482422,22.170000076293945,21.899999618530273,21.969999313354492,172500.0
2017-03-24,18.126964569091797,22.09000015258789,22.15999984741211,22.0,22.06999969482422,150500.0
2017-03-27,18.184404373168945,22.15999984741211,22.170000076293945,21.940000534057617,21.950000762939453,222400.0
2017-03-28,18.26646614074707,22.260000228881836,22.3700008392334,22.170000076293945,22.170000076293945,165900.0
2017-03-29,18.10234832763672,22.059999465942383,22.06999969482422,21.90999984741211,22.059999465942383,317300.0
2017-03-30,17.946434020996094,21.8700008392334,21.989999771118164,21.81999969482422,21.81999969482422,151500.0
2017-03-31,17.70846176147461,21.579999923706055,21.709999084472656,21.549999237060547,21.709999084472656,459600.0
2017-04-03,17.872583389282227,21.780000686645508,21.829999923706055,21.59000015258789,21.65999984741211,336200.0
2017-04-04,18.003877639770508,21.940000534057617,21.969999313354492,21.809999465942383,21.81999969482422,122300.0
2017-04-05,18.061321258544922,22.010000228881836,22.200000762939453,22.0,22.1200008392334,158400.0
2017-04-06,18.061321258544922,22.010000228881836,22.1200008392334,22.0,22.110000610351562,101100.0
2017-04-07,18.020288467407227,21.959999084472656,22.040000915527344,21.920000076293945,21.950000762939453,141300.0
2017-04-10,17.930023193359375,21.850000381469727,21.920000076293945,21.809999465942383,21.8799991607666,554100.0
2017-04-11,17.75769805908203,21.639999389648438,21.8799991607666,21.540000915527344,21.8799991607666,300200.0
2017-04-12,17.75769805908203,21.639999389648438,21.670000076293945,21.469999313354492,21.610000610351562,186800.0
2017-04-13,17.675636291503906,21.540000915527344,21.760000228881836,21.520000457763672,21.6299991607666,227300.0
2017-04-17,17.872583389282227,21.780000686645508,21.809999465942383,21.610000610351562,21.610000610351562,143100.0
2017-04-18,18.044902801513672,21.989999771118164,22.030000686645508,21.8799991607666,21.950000762939453,167700.0
2017-04-19,18.19261360168457,22.170000076293945,22.31999969482422,22.09000015258789,22.200000762939453,462900.0
2017-04-20,18.323909759521484,22.329999923706055,22.350000381469727,22.229999542236328,22.309999465942383,112300.0
2017-04-21,18.126964569091797,22.09000015258789,22.110000610351562,21.959999084472656,22.030000686645508,206300.0
2017-04-24,18.799856185913086,22.90999984741211,22.920000076293945,22.81999969482422,22.8700008392334,403700.0
2017-04-25,19.3742733001709,23.610000610351562,23.649999618530273,23.280000686645508,23.299999237060547,476700.0
2017-04-26,19.44812774658203,23.700000762939453,23.760000228881836,23.6299991607666,23.729999542236328,144400.0
2017-04-27,19.45633316040039,23.709999084472656,23.809999465942383,23.68000030517578,23.799999237060547,243000.0
2017-04-28,19.49736213684082,23.760000228881836,23.780000686645508,23.670000076293945,23.729999542236328,313200.0
2017-05-01,19.58762550354004,23.8700008392334,23.940000534057617,23.84000015258789,23.920000076293945,158700.0
2017-05-02,19.743539810180664,24.059999465942383,24.1200008392334,23.969999313354492,24.020000457763672,861000.0
2017-05-03,19.669687271118164,23.969999313354492,24.1299991607666,23.950000762939453,24.100000381469727,213800.0
2017-05-04,19.554805755615234,23.829999923706055,23.950000762939453,23.709999084472656,23.760000228881836,510700.0
2017-05-05,19.83380699157715,24.170000076293945,24.18000030517578,23.809999465942383,23.850000381469727,199900.0
2017-05-08,19.472745895385742,23.729999542236328,23.940000534057617,23.670000076293945,23.860000610351562,133200.0
2017-05-09,19.645069122314453,23.940000534057617,24.049999237060547,23.8700008392334,23.899999618530273,311900.0
2017-05-10,19.58762550354004,23.8700008392334,23.950000762939453,23.709999084472656,23.940000534057617,221100.0
2017-05-11,19.45633316040039,23.709999084472656,23.93000030517578,23.610000610351562,23.920000076293945,166800.0
2017-05-12,19.53018569946289,23.799999237060547,23.84000015258789,23.739999771118164,23.760000228881836,160500.0
2017-05-15,19.83380699157715,24.170000076293945,24.18000030517578,24.0,24.0,215100.0
2017-05-16,19.809186935424805,24.139999389648438,24.219999313354492,23.8799991607666,23.90999984741211,173800.0
2017-05-17,19.415306091308594,23.65999984741211,23.889999389648438,23.6299991607666,23.889999389648438,241200.0
2017-05-18,19.21014976501465,23.40999984741211,23.5,23.139999389648438,23.309999465942383,537700.0
2017-05-19,19.83380699157715,24.170000076293945,24.219999313354492,23.8700008392334,23.8799991607666,188700.0
2017-05-22,19.93227767944336,24.290000915527344,24.31999969482422,24.200000762939453,24.219999313354492,216000.0
2017-05-23,19.571212768554688,23.850000381469727,24.15999984741211,23.799999237060547,24.15999984741211,465100.0
2017-05-24,19.924070358276367,24.280000686645508,24.280000686645508,24.0,24.059999465942383,283100.0
2017-05-25,20.112810134887695,24.510000228881836,24.65999984741211,24.43000030517578,24.43000030517578,433700.0
2017-05-26,19.83380699157715,24.170000076293945,24.25,24.1200008392334,24.209999084472656,440600.0
2017-05-30,19.63686752319336,23.93000030517578,24.0,23.8700008392334,23.959999084472656,207400.0
2017-05-31,19.571212768554688,23.850000381469727,24.06999969482422,23.809999465942383,24.059999465942383,356600.0
2017-06-01,19.6286563873291,23.920000076293945,23.920000076293945,23.770000457763672,23.860000610351562,221100.0
2017-06-02,19.89945411682129,24.25,24.270000457763672,24.1200008392334,24.149999618530273,184600.0
2017-06-05,19.563007354736328,23.84000015258789,23.940000534057617,23.799999237060547,23.920000076293945,225300.0
2017-06-06,19.800983428955078,24.1299991607666,24.15999984741211,23.860000610351562,23.8700008392334,1024500.0
2017-06-07,19.792776107788086,24.1200008392334,24.25,24.020000457763672,24.170000076293945,320500.0
2017-06-08,19.997926712036133,24.3700008392334,24.399999618530273,24.25,24.25,150700.0
2017-06-09,19.817394256591797,24.149999618530273,24.3700008392334,24.010000228881836,24.239999771118164,170800.0
2017-06-12,19.604040145874023,23.889999389648438,24.09000015258789,23.860000610351562,24.010000228881836,179100.0
2017-06-13,19.759952545166016,24.079999923706055,24.100000381469727,23.959999084472656,23.959999084472656,168900.0
2017-06-14,19.571212768554688,23.850000381469727,24.139999389648438,23.770000457763672,24.040000915527344,255400.0
2017-06-15,19.21835708618164,23.420000076293945,23.469999313354492,23.25,23.40999984741211,267400.0
2017-06-16,19.6286563873291,23.920000076293945,23.959999084472656,23.739999771118164,23.780000686645508,386700.0
2017-06-19,19.677894592285156,23.979999542236328,24.100000381469727,23.950000762939453,23.989999771118164,317600.0
2017-06-20,19.27364730834961,23.40999984741211,23.8799991607666,23.389999389648438,23.809999465942383,585900.0
2017-06-21,19.45477867126465,23.6299991607666,23.780000686645508,23.56999969482422,23.610000610351562,195500.0
2017-06-22,19.520641326904297,23.709999084472656,23.770000457763672,23.6200008392334,23.729999542236328,213600.0
2017-06-23,19.63590431213379,23.850000381469727,23.940000534057617,23.809999465942383,23.850000381469727,247800.0
2017-06-26,20.031089782714844,24.329999923706055,24.450000762939453,24.229999542236328,24.290000915527344,272800.0
2017-06-27,20.138118743896484,24.459999084472656,24.639999389648438,24.43000030517578,24.479999542236328,171100.0
2017-06-28,20.171052932739258,24.5,24.540000915527344,24.290000915527344,24.329999923706055,204100.0
2017-06-29,20.039325714111328,24.34000015258789,24.489999771118164,24.209999084472656,24.3799991607666,293600.0
2017-06-30,19.989925384521484,24.280000686645508,24.450000762939453,24.239999771118164,24.420000076293945,315700.0
2017-07-03,19.973459243774414,24.260000228881836,24.31999969482422,24.1200008392334,24.15999984741211,465100.0
2017-07-05,19.948760986328125,24.229999542236328,24.280000686645508,23.920000076293945,24.010000228881836,240300.0
2017-07-06,19.858198165893555,24.1200008392334,24.299999237060547,24.040000915527344,24.229999542236328,271400.0
2017-07-07,19.907596588134766,24.18000030517578,24.239999771118164,24.059999465942383,24.18000030517578,345800.0
2017-07-10,19.91582679748535,24.190000534057617,24.209999084472656,24.079999923706055,24.139999389648438,334900.0
2017-07-11,19.965227127075195,24.25,24.290000915527344,24.040000915527344,24.139999389648438,640700.0
2017-07-12,20.368648529052734,24.739999771118164,24.75,24.56999969482422,24.579999923706055,192000.0
2017-07-13,20.52507781982422,24.93000030517578,24.940000534057617,24.709999084472656,24.75,188600.0
2017-07-14,20.76383399963379,25.219999313354492,25.239999771118164,24.959999084472656,24.979999542236328,223400.0
2017-07-17,20.862632751464844,25.34000015258789,25.350000381469727,25.170000076293945,25.239999771118164,193000.0
2017-07-18,20.994365692138672,25.5,25.549999237060547,25.420000076293945,25.440000534057617,139600.0
2017-07-19,20.97789764404297,25.479999542236328,25.489999771118164,25.350000381469727,25.459999084472656,111700.0
2017-07-20,20.994365692138672,25.5,25.610000610351562,25.459999084472656,25.469999313354492,97800.0
2017-07-21,20.74737548828125,25.200000762939453,25.34000015258789,25.15999984741211,25.329999923706055,93500.0
2017-07-24,20.590944290161133,25.010000228881836,25.239999771118164,24.979999542236328,25.170000076293945,309500.0
2017-07-25,20.63210678100586,25.059999465942383,25.31999969482422,25.049999237060547,25.239999771118164,237800.0
2017-07-26,21.068464279174805,25.59000015258789,25.65999984741211,25.239999771118164,25.270000457763672,224200.0
2017-07-27,20.714433670043945,25.15999984741211,25.34000015258789,25.030000686645508,25.34000015258789,371500.0
2017-07-28,21.043760299682617,25.559999465942383,25.559999465942383,25.31999969482422,25.360000610351562,183200.0
2017-07-31,21.266054153442383,25.829999923706055,25.84000015258789,25.600000381469727,25.65999984741211,334400.0
2017-08-01,21.32368278503418,25.899999618530273,26.0,25.850000381469727,25.899999618530273,222600.0
2017-08-02,21.30721664428711,25.8799991607666,25.959999084472656,25.799999237060547,25.8700008392334,282400.0
2017-08-03,21.38954734802246,25.979999542236328,25.979999542236328,25.780000686645508,25.8700008392334,143100.0
2017-08-04,21.290756225585938,25.860000610351562,26.0,25.719999313354492,25.989999771118164,105600.0
2017-08-07,21.356618881225586,25.940000534057617,25.940000534057617,25.860000610351562,25.8799991607666,187200.0
2017-08-08,21.414249420166016,26.010000228881836,26.200000762939453,25.979999542236328,26.09000015258789,251400.0
2017-08-09,21.30721664428711,25.8799991607666,25.8799991607666,25.68000030517578,25.709999084472656,278500.0
2017-08-10,20.870866775512695,25.350000381469727,25.690000534057617,25.31999969482422,25.690000534057617,243300.0
2017-08-11,21.002595901489258,25.510000228881836,25.610000610351562,25.3700008392334,25.40999984741211,370700.0
2017-08-14,20.986129760742188,25.489999771118164,25.6200008392334,25.479999542236328,25.6200008392334,98400.0
2017-08-15,20.837934494018555,25.309999465942383,25.389999389648438,25.200000762939453,25.31999969482422,147600.0
2017-08-16,21.13432502746582,25.670000076293945,25.700000762939453,25.479999542236328,25.559999465942383,160100.0
2017-08-17,20.665042877197266,25.100000381469727,25.43000030517578,25.06999969482422,25.420000076293945,200000.0
2017-08-18,20.928497314453125,25.420000076293945,25.459999084472656,25.149999618530273,25.18000030517578,167000.0
2017-08-21,21.15079116821289,25.690000534057617,25.760000228881836,25.600000381469727,25.639999389648438,149000.0
2017-08-22,21.17548942565918,25.719999313354492,25.75,25.59000015258789,25.59000015258789,86200.0
2017-08-23,21.22488784790039,25.780000686645508,25.809999465942383,25.600000381469727,25.6200008392334,93500.0
2017-08-24,21.792970657348633,26.469999313354492,26.559999465942383,26.239999771118164,26.239999771118164,363600.0
2017-08-25,22.179931640625,26.940000534057617,27.0,26.639999389648438,26.670000076293945,315900.0
2017-08-28,22.822105407714844,27.719999313354492,27.729999542236328,27.350000381469727,27.360000610351562,302200.0
2017-08-29,22.451618194580078,27.270000457763672,27.31999969482422,27.020000457763672,27.1200008392334,152600.0
2017-08-30,22.517480850219727,27.350000381469727,27.399999618530273,27.219999313354492,27.309999465942383,168600.0
2017-08-31,22.533950805664062,27.3700008392334,27.399999618530273,27.1299991607666,27.229999542236328,285500.0
2017-09-01,22.56688117980957,27.40999984741211,27.5,27.329999923706055,27.440000534057617,130400.0
2017-09-05,22.583349227905273,27.43000030517578,27.65999984741211,27.200000762939453,27.559999465942383,217700.0
2017-09-06,22.50101661682129,27.329999923706055,27.399999618530273,27.239999771118164,27.399999618530273,193800.0
2017-09-07,22.54218101501465,27.3799991607666,27.450000762939453,27.290000915527344,27.3799991607666,227400.0
2017-09-08,22.50101661682129,27.329999923706055,27.40999984741211,27.260000228881836,27.3700008392334,440900.0
2017-09-11,22.739776611328125,27.6200008392334,27.649999618530273,27.479999542236328,27.479999542236328,231300.0
2017-09-12,22.59157943725586,27.440000534057617,27.459999084472656,27.299999237060547,27.420000076293945,154400.0
2017-09-13,22.26226043701172,27.040000915527344,27.31999969482422,27.020000457763672,27.280000686645508,312200.0
2017-09-14,22.31989097595215,27.110000610351562,27.1299991607666,26.90999984741211,26.979999542236328,205800.0
2017-09-15,22.35281753540039,27.149999618530273,27.260000228881836,27.09000015258789,27.219999313354492,315800.0
2017-09-18,22.188161849975586,26.950000762939453,27.190000534057617,26.90999984741211,27.190000534057617,275000.0
2017-09-19,22.517480850219727,27.350000381469727,27.389999389648438,27.209999084472656,27.280000686645508,235500.0
2017-09-20,22.24579429626465,27.020000457763672,27.360000610351562,26.760000228881836,27.190000534057617,244700.0
2017-09-21,22.130525588989258,26.8799991607666,26.969999313354492,26.850000381469727,26.850000381469727,204000.0
2017-09-22,22.31989097595215,27.110000610351562,27.170000076293945,26.920000076293945,26.969999313354492,115800.0
2017-09-25,21.842370986938477,26.530000686645508,26.81999969482422,26.40999984741211,26.81999969482422,248800.0
2017-09-26,21.62007713317871,26.260000228881836,26.389999389648438,26.139999389648438,26.299999237060547,212300.0
2017-09-27,21.373085021972656,25.959999084472656,26.030000686645508,25.809999465942383,25.920000076293945,320300.0
2017-09-28,21.529510498046875,26.149999618530273,26.18000030517578,26.049999237060547,26.06999969482422,302200.0
2017-09-29,21.834136962890625,26.520000457763672,26.649999618530273,26.469999313354492,26.600000381469727,324600.0
2017-10-02,21.661245346069336,26.309999465942383,26.399999618530273,26.260000228881836,26.389999389648438,345200.0
2017-10-03,21.776508331298828,26.450000762939453,26.479999542236328,26.360000610351562,26.469999313354492,415900.0
2017-10-04,21.56244659423828,26.190000534057617,26.239999771118164,26.149999618530273,26.219999313354492,120800.0
2017-10-05,21.661245346069336,26.309999465942383,26.34000015258789,26.239999771118164,26.290000915527344,206500.0
2017-10-06,21.768274307250977,26.440000534057617,26.440000534057617,26.170000076293945,26.190000534057617,164800.0
2017-10-09,21.957637786865234,26.670000076293945,26.68000030517578,26.520000457763672,26.56999969482422,134900.0
2017-10-10,22.31989097595215,27.110000610351562,27.1200008392334,26.950000762939453,26.950000762939453,263300.0
2017-10-11,22.871505737304688,27.780000686645508,27.790000915527344,27.450000762939453,27.479999542236328,234800.0
2017-10-12,22.657447814941406,27.520000457763672,27.6200008392334,27.489999771118164,27.56999969482422,142100.0
2017-10-13,22.657447814941406,27.520000457763672,27.75,27.510000228881836,27.700000762939453,103500.0
2017-10-16,22.690380096435547,27.559999465942383,27.719999313354492,27.530000686645508,27.690000534057617,162700.0
2017-10-17,22.459854125976562,27.280000686645508,27.5,27.260000228881836,27.450000762939453,293500.0
2017-10-18,22.377521514892578,27.18000030517578,27.329999923706055,27.139999389648438,27.31999969482422,168700.0
2017-10-19,22.221092224121094,26.989999771118164,27.020000457763672,26.90999984741211,26.989999771118164,152000.0
2017-10-20,22.064664840698242,26.799999237060547,26.959999084472656,26.760000228881836,26.959999084472656,100900.0
2017-10-23,22.05643081665039,26.790000915527344,26.860000610351562,26.75,26.809999465942383,130000.0
2017-10-24,21.710636138916016,26.3700008392334,26.540000915527344,26.3700008392334,26.520000457763672,190700.0
2017-10-25,21.875301361083984,26.56999969482422,26.729999542236328,26.440000534057617,26.65999984741211,484400.0
2017-10-26,21.48011589050293,26.09000015258789,26.5,26.079999923706055,26.5,320000.0
2017-10-27,21.8835391998291,26.579999923706055,26.600000381469727,26.389999389648438,26.389999389648438,237600.0
2017-10-30,22.105833053588867,26.850000381469727,26.8799991607666,26.770000457763672,26.770000457763672,173200.0
2017-10-31,22.27872085571289,27.059999465942383,27.059999465942383,26.8799991607666,26.940000534057617,357400.0
2017-11-01,22.29518699645996,27.079999923706055,27.260000228881836,27.059999465942383,27.1299991607666,435600.0
2017-11-02,22.20462417602539,26.969999313354492,27.020000457763672,26.8799991607666,27.0,215700.0
2017-11-03,21.99056625366211,26.709999084472656,26.84000015258789,26.549999237060547,26.809999465942383,150000.0
2017-11-06,22.196392059326172,26.959999084472656,26.979999542236328,26.68000030517578,26.68000030517578,261100.0
2017-11-07,22.31165313720703,27.100000381469727,27.299999237060547,27.040000915527344,27.260000228881836,227300.0
2017-11-08,22.221092224121094,26.989999771118164,27.040000915527344,26.889999389648438,27.040000915527344,170500.0
2017-11-09,22.05643081665039,26.790000915527344,26.81999969482422,26.56999969482422,26.670000076293945,449000.0
2017-11-10,22.015262603759766,26.739999771118164,26.760000228881836,26.56999969482422,26.75,397600.0
2017-11-13,21.768274307250977,26.440000534057617,26.530000686645508,26.299999237060547,26.329999923706055,163300.0
2017-11-14,21.908233642578125,26.610000610351562,26.6299991607666,26.450000762939453,26.479999542236328,216100.0
2017-11-15,21.51304817199707,26.1299991607666,26.31999969482422,26.1299991607666,26.290000915527344,359300.0
2017-11-16,21.58714485168457,26.219999313354492,26.360000610351562,26.149999618530273,26.299999237060547,315300.0
2017-11-17,21.908233642578125,26.610000610351562,26.719999313354492,26.479999542236328,26.510000228881836,230500.0
2017-11-20,22.14699363708496,26.899999618530273,26.920000076293945,26.799999237060547,26.850000381469727,214600.0
2017-11-21,22.31165313720703,27.100000381469727,27.200000762939453,27.030000686645508,27.030000686645508,264300.0
2017-11-22,22.476318359375,27.299999237060547,27.350000381469727,27.1299991607666,27.18000030517578,274000.0
2017-11-24,22.616281509399414,27.469999313354492,27.530000686645508,27.40999984741211,27.420000076293945,93900.0
2017-11-27,22.616281509399414,27.469999313354492,27.780000686645508,27.450000762939453,27.75,127300.0
2017-11-28,22.55864906311035,27.399999618530273,27.559999465942383,27.389999389648438,27.549999237060547,130700.0
2017-11-29,22.08112907409668,26.81999969482422,27.059999465942383,26.780000686645508,27.059999465942383,441900.0
2017-11-30,21.998798370361328,26.719999313354492,26.989999771118164,26.690000534057617,26.889999389648438,545500.0
2017-12-01,21.7188720703125,26.3799991607666,26.479999542236328,26.25,26.3700008392334,384800.0
2017-12-04,21.751806259155273,26.420000076293945,26.709999084472656,26.399999618530273,26.610000610351562,459300.0
2017-12-05,21.702407836914062,26.360000610351562,26.690000534057617,26.31999969482422,26.510000228881836,282700.0
2017-12-06,21.55421257019043,26.18000030517578,26.25,26.079999923706055,26.25,329300.0
2017-12-07,21.636545181274414,26.280000686645508,26.3700008392334,26.110000610351562,26.1299991607666,398300.0
2017-12-08,21.78473472595215,26.459999084472656,26.520000457763672,26.239999771118164,26.520000457763672,175900.0
2017-12-11,21.545978546142578,26.170000076293945,26.309999465942383,26.149999618530273,26.260000228881836,251800.0
2017-12-12,21.636545181274414,26.280000686645508,26.34000015258789,26.110000610351562,26.209999084472656,348900.0
2017-12-13,21.78473472595215,26.459999084472656,26.530000686645508,26.200000762939453,26.309999465942383,434800.0
2017-12-14,21.743572235107422,26.40999984741211,26.549999237060547,26.389999389648438,26.43000030517578,447100.0
2017-12-15,21.768274307250977,26.440000534057617,26.489999771118164,26.25,26.459999084472656,374000.0
2017-12-18,22.188161849975586,26.950000762939453,27.030000686645508,26.690000534057617,26.690000534057617,428000.0
2017-12-19,22.27098846435547,26.6200008392334,26.65999984741211,26.489999771118164,26.579999923706055,452400.0
2017-12-20,22.24588394165039,26.59000015258789,26.700000762939453,26.579999923706055,26.6200008392334,191100.0
2017-12-21,22.29608154296875,26.649999618530273,26.760000228881836,26.639999389648438,26.65999984741211,409500.0
2017-12-22,22.363014221191406,26.729999542236328,26.739999771118164,26.540000915527344,26.540000915527344,208200.0
2017-12-26,22.321184158325195,26.68000030517578,26.709999084472656,26.579999923706055,26.670000076293945,87900.0
2017-12-27,22.56380271911621,26.969999313354492,27.059999465942383,26.90999984741211,26.969999313354492,153600.0
2017-12-28,22.747861862182617,27.190000534057617,27.239999771118164,27.110000610351562,27.170000076293945,158700.0
2017-12-29,22.664199829101562,27.09000015258789,27.25,27.040000915527344,27.18000030517578,198700.0
2018-01-02,22.90682029724121,27.3799991607666,27.530000686645508,27.229999542236328,27.459999084472656,421300.0
2018-01-03,22.99048614501953,27.479999542236328,27.530000686645508,27.200000762939453,27.229999542236328,479800.0
2018-01-04,23.62632179260254,28.239999771118164,28.260000228881836,28.06999969482422,28.079999923706055,498400.0
2018-01-05,23.634687423706055,28.25,28.25,27.940000534057617,28.059999465942383,252100.0
2018-01-08,23.467361450195312,28.049999237060547,28.100000381469727,27.959999084472656,28.010000228881836,308700.0
2018-01-09,23.07415008544922,27.579999923706055,27.81999969482422,27.540000915527344,27.81999969482422,492800.0
2018-01-10,23.00721549987793,27.5,27.579999923706055,27.399999618530273,27.479999542236328,336400.0
2018-01-11,23.492462158203125,28.079999923706055,28.079999923706055,27.809999465942383,27.850000381469727,252100.0
2018-01-12,23.835477828979492,28.489999771118164,28.510000228881836,28.18000030517578,28.219999313354492,346000.0
2018-01-16,24.20359230041504,28.93000030517578,29.09000015258789,28.93000030517578,28.969999313354492,560800.0
2018-01-17,24.48804473876953,29.270000457763672,29.469999313354492,29.110000610351562,29.15999984741211,368700.0
2018-01-18,24.529874801635742,29.31999969482422,29.479999542236328,29.239999771118164,29.3700008392334,308300.0
2018-01-19,24.588441848754883,29.389999389648438,29.399999618530273,29.190000534057617,29.350000381469727,344700.0
2018-01-22,24.822696685791016,29.670000076293945,29.68000030517578,29.399999618530273,29.40999984741211,342900.0
2018-01-23,24.872892379760742,29.729999542236328,29.729999542236328,29.469999313354492,29.520000457763672,433200.0
2018-01-24,25.098779678344727,30.0,30.100000381469727,29.809999465942383,29.90999984741211,285800.0
2018-01-25,24.881261825561523,29.739999771118164,30.190000534057617,29.649999618530273,30.06999969482422,359600.0
2018-01-26,25.090415954589844,29.989999771118164,30.059999465942383,29.799999237060547,29.899999618530273,236300.0
2018-01-29,24.797595977783203,29.639999389648438,29.729999542236328,29.5,29.520000457763672,338400.0
2018-01-30,24.538244247436523,29.329999923706055,29.540000915527344,29.270000457763672,29.540000915527344,415600.0
2018-01-31,24.554975509643555,29.350000381469727,29.700000762939453,29.09000015258789,29.65999984741211,480000.0
2018-02-01,24.354183197021484,29.110000610351562,29.260000228881836,28.93000030517578,28.989999771118164,451100.0
2018-02-02,23.90240478515625,28.56999969482422,29.0,28.489999771118164,28.950000762939453,591800.0
2018-02-05,23.07415008544922,27.579999923706055,28.809999465942383,27.5,28.610000610351562,757900.0
2018-02-06,23.350236892700195,27.90999984741211,28.219999313354492,27.18000030517578,27.290000915527344,990800.0
2018-02-07,22.848255157470703,27.309999465942383,27.809999465942383,27.309999465942383,27.6200008392334,893400.0
2018-02-08,22.12039566040039,26.440000534057617,27.600000381469727,26.43000030517578,27.59000015258789,951900.0
2018-02-09,22.50524139404297,26.899999618530273,27.059999465942383,26.170000076293945,26.899999618530273,883000.0
2018-02-12,22.890090942382812,27.360000610351562,27.600000381469727,27.139999389648438,27.260000228881836,542700.0
2018-02-13,23.13271141052246,27.649999618530273,27.709999084472656,27.420000076293945,27.420000076293945,338000.0
2018-02-14,23.709983825683594,28.34000015258789,28.389999389648438,27.389999389648438,27.40999984741211,359100.0
2018-02-15,23.643051147460938,28.260000228881836,28.3700008392334,27.81999969482422,28.329999923706055,676500.0
2018-02-16,23.115978240966797,27.6299991607666,27.829999923706055,27.5,27.6299991607666,343900.0
2018-02-20,23.090879440307617,27.600000381469727,27.68000030517578,27.450000762939453,27.510000228881836,303100.0
2018-02-21,22.513608932495117,26.90999984741211,27.479999542236328,26.899999618530273,27.25,540100.0
2018-02-22,22.689302444458008,27.1200008392334,27.3799991607666,27.079999923706055,27.079999923706055,218400.0
2018-02-23,22.831525802612305,27.290000915527344,27.31999969482422,27.079999923706055,27.260000228881836,162600.0
2018-02-26,23.02395248413086,27.520000457763672,27.549999237060547,27.1299991607666,27.309999465942383,323800.0
2018-02-27,22.597270965576172,27.010000228881836,27.329999923706055,27.0,27.329999923706055,375000.0
2018-02-28,21.99489974975586,26.290000915527344,26.850000381469727,26.270000457763672,26.84000015258789,368600.0
2018-03-01,21.760644912719727,26.010000228881836,26.270000457763672,25.709999084472656,26.09000015258789,526200.0
2018-03-02,22.01163101196289,26.309999465942383,26.3700008392334,25.829999923706055,25.940000534057617,523400.0
2018-03-05,22.095294952392578,26.40999984741211,26.5,26.030000686645508,26.030000686645508,361700.0
2018-03-06,22.195688247680664,26.530000686645508,26.700000762939453,26.479999542236328,26.65999984741211,281700.0
2018-03-07,22.50524139404297,26.899999618530273,26.899999618530273,26.56999969482422,26.579999923706055,396800.0
2018-03-08,22.003267288208008,26.299999237060547,26.5,26.18000030517578,26.479999542236328,198000.0
2018-03-09,22.404848098754883,26.780000686645508,26.790000915527344,26.3700008392334,26.399999618530273,372600.0
2018-03-12,22.50524139404297,26.899999618530273,26.969999313354492,26.709999084472656,26.709999084472656,335500.0
2018-03-13,22.195688247680664,26.530000686645508,26.899999618530273,26.510000228881836,26.829999923706055,189000.0
2018-03-14,22.212421417236328,26.549999237060547,26.649999618530273,26.420000076293945,26.579999923706055,255700.0
2018-03-15,21.819210052490234,26.079999923706055,26.399999618530273,26.010000228881836,26.290000915527344,191800.0
2018-03-16,21.37579345703125,25.549999237060547,25.829999923706055,25.549999237060547,25.780000686645508,471300.0
2018-03-19,21.20846939086914,25.350000381469727,25.510000228881836,25.25,25.360000610351562,409900.0
2018-03-20,21.20846939086914,25.350000381469727,25.459999084472656,25.239999771118164,25.270000457763672,224800.0
2018-03-21,21.886137008666992,26.15999984741211,26.200000762939453,25.540000915527344,25.59000015258789,243500.0
2018-03-22,21.29213523864746,25.450000762939453,25.729999542236328,25.420000076293945,25.540000915527344,368300.0
2018-03-23,20.957483291625977,25.049999237060547,25.459999084472656,25.020000457763672,25.389999389648438,413500.0
2018-03-26,21.400894165039062,25.579999923706055,25.6299991607666,25.229999542236328,25.399999618530273,302800.0
2018-03-27,21.0244140625,25.1299991607666,25.610000610351562,25.09000015258789,25.5,364400.0
2018-03-28,20.831987380981445,24.899999618530273,25.1200008392334,24.850000381469727,25.020000457763672,571500.0
2018-03-29,20.99931526184082,25.100000381469727,25.18000030517578,24.8700008392334,25.100000381469727,640700.0
2018-04-02,20.681394577026367,24.719999313354492,25.030000686645508,24.469999313354492,24.969999313354492,362400.0
2018-04-03,21.133176803588867,25.260000228881836,25.299999237060547,24.989999771118164,25.139999389648438,352300.0
2018-04-04,21.06624412536621,25.18000030517578,25.200000762939453,24.850000381469727,24.860000610351562,455900.0
2018-04-05,21.14154052734375,25.270000457763672,25.350000381469727,25.149999618530273,25.290000915527344,350900.0
2018-04-06,21.15827178955078,25.290000915527344,25.600000381469727,25.170000076293945,25.420000076293945,466300.0
2018-04-09,21.283767700195312,25.440000534057617,25.670000076293945,25.440000534057617,25.540000915527344,265200.0
2018-04-10,21.65188217163086,25.8799991607666,25.93000030517578,25.68000030517578,25.739999771118164,308500.0
2018-04-11,21.61005210876465,25.829999923706055,25.90999984741211,25.719999313354492,25.739999771118164,245600.0
2018-04-12,21.869403839111328,26.139999389648438,26.239999771118164,25.899999618530273,25.93000030517578,227000.0
2018-04-13,21.969799041748047,26.260000228881836,26.34000015258789,26.170000076293945,26.309999465942383,234600.0
2018-04-16,22.095294952392578,26.40999984741211,26.43000030517578,26.270000457763672,26.399999618530273,178100.0
2018-04-17,22.086925506591797,26.399999618530273,26.420000076293945,26.219999313354492,26.219999313354492,183900.0
2018-04-18,22.145490646362305,26.469999313354492,26.540000915527344,26.389999389648438,26.459999084472656,79000.0
2018-04-19,22.086925506591797,26.399999618530273,26.6299991607666,26.34000015258789,26.56999969482422,263100.0
2018-04-20,21.760644912719727,26.010000228881836,26.350000381469727,25.899999618530273,26.350000381469727,330200.0
2018-04-23,21.34233283996582,25.510000228881836,25.780000686645508,25.459999084472656,25.780000686645508,387700.0
2018-04-24,21.108074188232422,25.229999542236328,25.639999389648438,25.15999984741211,25.6299991607666,244400.0
2018-04-25,20.873817443847656,24.950000762939453,25.040000915527344,24.8799991607666,25.040000915527344,316000.0
2018-04-26,21.049509048461914,25.15999984741211,25.25,25.049999237060547,25.15999984741211,205700.0
2018-04-27,21.149904251098633,25.280000686645508,25.290000915527344,25.020000457763672,25.170000076293945,106500.0
2018-04-30,20.77342414855957,24.829999923706055,25.209999084472656,24.829999923706055,25.18000030517578,435600.0
2018-05-01,20.388578414916992,24.3700008392334,24.469999313354492,24.100000381469727,24.469999313354492,250700.0
2018-05-02,20.480606079101562,24.479999542236328,24.81999969482422,24.440000534057617,24.65999984741211,365100.0
2018-05-03,20.51407241821289,24.520000457763672,24.579999923706055,24.149999618530273,24.530000686645508,373800.0
2018-05-04,20.33837890625,24.309999465942383,24.3700008392334,24.020000457763672,24.09000015258789,311100.0
2018-05-07,19.911701202392578,23.799999237060547,24.110000610351562,23.75,24.079999923706055,608800.0
2018-05-08,19.928430557250977,23.81999969482422,23.84000015258789,23.540000915527344,23.6200008392334,316700.0
2018-05-09,20.396944046020508,24.3799991607666,24.389999389648438,24.239999771118164,24.290000915527344,271600.0
2018-05-10,20.82362174987793,24.889999389648438,24.979999542236328,24.700000762939453,24.700000762939453,615500.0
2018-05-11,20.84872055053711,24.920000076293945,25.020000457763672,24.8799991607666,24.90999984741211,185500.0
2018-05-14,20.72322654724121,24.770000457763672,25.09000015258789,24.770000457763672,25.06999969482422,190300.0
2018-05-15,20.08738899230957,24.010000228881836,24.209999084472656,23.93000030517578,24.18000030517578,360900.0
2018-05-16,20.19615364074707,24.139999389648438,24.190000534057617,23.940000534057617,23.940000534057617,196500.0
2018-05-17,19.853137969970703,23.729999542236328,24.040000915527344,23.649999618530273,23.920000076293945,348100.0
2018-05-18,19.58541488647461,23.40999984741211,23.489999771118164,23.34000015258789,23.399999618530273,249100.0
2018-05-21,19.90333366394043,23.790000915527344,23.81999969482422,23.65999984741211,23.65999984741211,206900.0
2018-05-22,19.769474029541016,23.6299991607666,23.75,23.559999465942383,23.700000762939453,204700.0
2018-05-23,19.468290328979492,23.270000457763672,23.280000686645508,22.8700008392334,22.959999084472656,667500.0
2018-05-24,19.451553344726562,23.25,23.309999465942383,23.040000915527344,23.229999542236328,254400.0
2018-05-25,19.300962448120117,23.06999969482422,23.110000610351562,22.809999465942383,22.90999984741211,301700.0
2018-05-29,18.64002799987793,22.280000686645508,22.729999542236328,22.190000534057617,22.540000915527344,383600.0
2018-05-30,19.008146286010742,22.719999313354492,22.790000915527344,22.280000686645508,22.56999969482422,390200.0
2018-05-31,18.974681854248047,22.68000030517578,22.770000457763672,22.56999969482422,22.729999542236328,772700.0
2018-06-01,19.158737182617188,22.899999618530273,22.950000762939453,22.6299991607666,22.6299991607666,563700.0
2018-06-04,19.476654052734375,23.280000686645508,23.34000015258789,23.15999984741211,23.25,345400.0
2018-06-05,19.685810089111328,23.530000686645508,23.59000015258789,23.3700008392334,23.3700008392334,517000.0
2018-06-06,20.020463943481445,23.93000030517578,23.940000534057617,23.760000228881836,23.81999969482422,155100.0
2018-06-07,20.012094497680664,23.920000076293945,24.170000076293945,23.850000381469727,24.1299991607666,1670300.0
2018-06-08,19.961894989013672,23.860000610351562,23.920000076293945,23.739999771118164,23.799999237060547,458100.0
2018-06-11,19.761106491088867,23.6200008392334,23.850000381469727,23.600000381469727,23.799999237060547,420700.0
2018-06-12,19.736007690429688,23.59000015258789,23.809999465942383,23.5,23.690000534057617,644000.0
2018-06-13,19.61888313293457,23.450000762939453,23.649999618530273,23.190000534057617,23.639999389648438,685500.0
2018-06-14,19.317697525024414,23.09000015258789,23.43000030517578,23.06999969482422,23.399999618530273,179600.0
2018-06-15,19.19220542907715,22.940000534057617,23.059999465942383,22.81999969482422,23.0,280600.0
2018-06-18,18.63166046142578,22.270000457763672,22.34000015258789,22.190000534057617,22.309999465942383,761000.0
2018-06-19,18.295068740844727,21.850000381469727,21.93000030517578,21.690000534057617,21.899999618530273,320400.0
2018-06-20,18.554628372192383,22.15999984741211,22.350000381469727,22.1299991607666,22.350000381469727,281000.0
2018-06-21,18.42066192626953,22.0,22.170000076293945,21.950000762939453,22.170000076293945,255800.0
2018-06-22,18.655107498168945,22.280000686645508,22.40999984741211,22.190000534057617,22.399999618530273,168800.0
2018-06-25,18.63835906982422,22.260000228881836,22.3700008392334,22.06999969482422,22.329999923706055,347000.0
2018-06-26,18.479272842407227,22.06999969482422,22.31999969482422,22.059999465942383,22.25,153500.0
2018-06-27,18.077367782592773,21.59000015258789,21.989999771118164,21.549999237060547,21.959999084472656,262600.0
2018-06-28,17.926652908325195,21.40999984741211,21.469999313354492,21.299999237060547,21.469999313354492,342900.0
2018-06-29,18.2364559173584,21.780000686645508,21.850000381469727,21.559999465942383,21.559999465942383,437000.0
2018-07-02,18.002010345458984,21.5,21.559999465942383,21.31999969482422,21.3700008392334,297200.0
2018-07-03,18.32855796813965,21.889999389648438,22.049999237060547,21.860000610351562,21.920000076293945,158200.0
2018-07-05,18.680225372314453,22.309999465942383,22.59000015258789,22.229999542236328,22.510000228881836,390000.0
2018-07-06,18.73883819580078,22.3799991607666,22.510000228881836,22.34000015258789,22.399999618530273,308000.0
2018-07-09,18.981657028198242,22.670000076293945,22.690000534057617,22.43000030517578,22.530000686645508,235900.0
2018-07-10,19.174236297607422,22.899999618530273,22.920000076293945,22.709999084472656,22.860000610351562,253700.0
2018-07-11,18.655107498168945,22.280000686645508,22.65999984741211,22.25,22.65999984741211,291800.0
2018-07-12,18.872804641723633,22.540000915527344,22.649999618530273,22.469999313354492,22.5,159900.0
2018-07-13,18.830942153930664,22.489999771118164,22.520000457763672,22.309999465942383,22.399999618530273,132700.0
2018-07-16,18.78070068359375,22.43000030517578,22.59000015258789,22.3799991607666,22.59000015258789,236200.0
2018-07-17,18.92304801940918,22.600000381469727,22.65999984741211,22.389999389648438,22.40999984741211,375000.0
2018-07-18,18.80582046508789,22.459999084472656,22.5,22.309999465942383,22.40999984741211,203300.0
2018-07-19,18.696971893310547,22.329999923706055,22.43000030517578,22.1299991607666,22.200000762939453,224600.0
2018-07-20,19.190980911254883,22.920000076293945,22.950000762939453,22.649999618530273,22.649999618530273,208700.0
2018-07-23,19.308202743530273,23.059999465942383,23.170000076293945,23.030000686645508,23.09000015258789,297100.0
2018-07-24,19.626379013061523,23.440000534057617,23.639999389648438,23.399999618530273,23.43000030517578,152100.0
2018-07-25,20.09526824951172,24.0,24.049999237060547,23.610000610351562,23.68000030517578,302900.0
2018-07-26,20.15387725830078,24.06999969482422,24.209999084472656,24.06999969482422,24.15999984741211,220800.0
2018-07-27,20.09526824951172,24.0,24.09000015258789,23.899999618530273,24.079999923706055,184900.0
2018-07-30,20.513917922973633,24.5,24.59000015258789,24.40999984741211,24.40999984741211,204700.0
2018-07-31,20.38832664489746,24.350000381469727,24.510000228881836,24.239999771118164,24.450000762939453,357000.0
2018-08-01,20.363204956054688,24.31999969482422,24.43000030517578,24.18000030517578,24.229999542236328,216900.0
2018-08-02,20.036659240722656,23.93000030517578,23.989999771118164,23.8700008392334,23.93000030517578,459000.0
2018-08-03,19.978042602539062,23.860000610351562,23.989999771118164,23.829999923706055,23.93000030517578,325200.0
2018-08-06,19.978042602539062,23.860000610351562,23.940000534057617,23.75,23.75,916600.0
2018-08-07,20.1455020904541,24.059999465942383,24.149999618530273,24.0,24.049999237060547,505900.0
2018-08-08,20.25435447692871,24.190000534057617,24.25,24.079999923706055,24.25,194600.0
2018-08-09,20.061771392822266,23.959999084472656,24.15999984741211,23.940000534057617,24.1200008392334,221000.0
2018-08-10,19.23284149169922,22.969999313354492,23.290000915527344,22.850000381469727,23.260000228881836,440600.0
2018-08-13,19.16585922241211,22.889999389648438,23.170000076293945,22.809999465942383,23.059999465942383,232500.0
2018-08-14,19.24959373474121,22.989999771118164,23.110000610351562,22.93000030517578,23.020000457763672,202100.0
2018-08-15,18.864431381225586,22.530000686645508,22.56999969482422,22.270000457763672,22.559999465942383,325000.0
2018-08-16,19.140743255615234,22.860000610351562,23.059999465942383,22.850000381469727,22.940000534057617,379300.0
2018-08-17,19.216102600097656,22.950000762939453,23.020000457763672,22.649999618530273,22.719999313354492,193500.0
2018-08-20,19.199356079101562,22.93000030517578,22.969999313354492,22.809999465942383,22.90999984741211,167400.0
2018-08-21,19.877567291259766,23.739999771118164,23.850000381469727,23.440000534057617,23.440000534057617,256500.0
2018-08-22,20.1455020904541,24.059999465942383,24.06999969482422,23.90999984741211,24.010000228881836,224600.0
2018-08-23,19.944549560546875,23.81999969482422,24.15999984741211,23.790000915527344,24.06999969482422,276200.0
2018-08-24,20.2878475189209,24.229999542236328,24.239999771118164,24.06999969482422,24.1299991607666,250000.0
2018-08-27,20.806978225708008,24.850000381469727,24.950000762939453,24.700000762939453,24.700000762939453,217200.0
2018-08-28,20.991180419921875,25.06999969482422,25.190000534057617,25.010000228881836,25.100000381469727,367000.0
2018-08-29,20.949317932128906,25.020000457763672,25.030000686645508,24.790000915527344,24.8799991607666,270000.0
2018-08-30,20.38832664489746,24.350000381469727,24.610000610351562,24.260000228881836,24.59000015258789,379300.0
2018-08-31,20.21249008178711,24.139999389648438,24.399999618530273,24.020000457763672,24.270000457763672,394900.0
2018-09-04,19.852447509765625,23.709999084472656,23.799999237060547,23.65999984741211,23.799999237060547,377900.0
2018-09-05,19.71010971069336,23.540000915527344,23.729999542236328,23.420000076293945,23.700000762939453,435400.0
2018-09-06,19.701738357543945,23.530000686645508,23.6299991607666,23.360000610351562,23.559999465942383,325500.0
2018-09-07,19.207727432250977,22.940000534057617,23.079999923706055,22.829999923706055,23.059999465942383,485400.0
2018-09-10,19.358440399169922,23.1200008392334,23.18000030517578,23.020000457763672,23.170000076293945,202600.0
2018-09-11,19.49241065979004,23.280000686645508,23.299999237060547,22.90999984741211,22.969999313354492,373500.0
2018-09-12,19.26633644104004,23.010000228881836,23.209999084472656,22.84000015258789,22.920000076293945,620800.0
2018-09-13,19.52589988708496,23.31999969482422,23.43000030517578,23.190000534057617,23.3799991607666,750500.0
2018-09-14,19.308202743530273,23.059999465942383,23.270000457763672,22.979999542236328,23.149999618530273,592000.0
2018-09-17,19.333322525024414,23.09000015258789,23.200000762939453,23.010000228881836,23.1200008392334,720000.0
2018-09-18,19.51753044128418,23.309999465942383,23.440000534057617,23.25,23.34000015258789,405400.0
2018-09-19,19.81896209716797,23.670000076293945,23.729999542236328,23.549999237060547,23.549999237060547,389200.0
2018-09-20,20.061771392822266,23.959999084472656,23.989999771118164,23.780000686645508,23.950000762939453,187500.0
2018-09-21,20.09526824951172,24.0,24.040000915527344,23.790000915527344,23.809999465942383,647700.0
2018-09-24,20.15387725830078,24.06999969482422,24.170000076293945,24.010000228881836,24.010000228881836,353000.0
2018-09-25,20.329713821411133,24.280000686645508,24.420000076293945,24.229999542236328,24.399999618530273,193200.0
2018-09-26,20.379947662353516,24.34000015258789,24.68000030517578,24.229999542236328,24.229999542236328,332500.0
2018-09-27,20.321338653564453,24.270000457763672,24.420000076293945,24.260000228881836,24.270000457763672,306900.0
2018-09-28,19.978042602539062,23.860000610351562,23.979999542236328,23.709999084472656,23.75,405200.0
2018-10-01,19.885940551757812,23.75,24.040000915527344,23.729999542236328,23.950000762939453,203600.0
2018-10-02,19.78546714782715,23.6299991607666,23.719999313354492,23.489999771118164,23.559999465942383,372400.0
2018-10-03,19.659870147705078,23.479999542236328,23.8799991607666,23.459999084472656,23.829999923706055,381400.0
2018-10-04,19.48403549194336,23.270000457763672,23.65999984741211,23.15999984741211,23.639999389648438,637000.0
2018-10-05,19.45891571044922,23.239999771118164,23.43000030517578,23.030000686645508,23.3700008392334,382300.0
2018-10-08,19.207727432250977,22.940000534057617,22.979999542236328,22.700000762939453,22.889999389648438,366600.0
2018-10-09,19.36681365966797,23.1299991607666,23.190000534057617,22.780000686645508,22.850000381469727,368600.0
2018-10-10,18.755584716796875,22.399999618530273,22.84000015258789,22.34000015258789,22.84000015258789,640500.0
2018-10-11,18.588123321533203,22.200000762939453,22.510000228881836,22.030000686645508,22.420000076293945,1634500.0
2018-10-12,18.914670944213867,22.59000015258789,22.670000076293945,22.389999389648438,22.6200008392334,450900.0
2018-10-15,18.847688674926758,22.510000228881836,22.670000076293945,22.450000762939453,22.540000915527344,312900.0
2018-10-16,19.34169578552246,23.100000381469727,23.15999984741211,22.8700008392334,22.93000030517578,409000.0
2018-10-17,19.006772994995117,22.700000762939453,22.989999771118164,22.6200008392334,22.989999771118164,367200.0
2018-10-18,18.6467342376709,22.270000457763672,22.639999389648438,22.139999389648438,22.639999389648438,571200.0
2018-10-19,18.864431381225586,22.530000686645508,22.709999084472656,22.389999389648438,22.40999984741211,357300.0
2018-10-22,18.83931541442871,22.5,22.700000762939453,22.440000534057617,22.68000030517578,182200.0
2018-10-23,18.722091674804688,22.360000610351562,22.469999313354492,22.1200008392334,22.229999542236328,352100.0
2018-10-24,18.119230270385742,21.639999389648438,22.09000015258789,21.610000610351562,22.09000015258789,322900.0
2018-10-25,18.244829177856445,21.790000915527344,21.969999313354492,21.600000381469727,21.639999389648438,404900.0
2018-10-26,17.968515396118164,21.459999084472656,21.6200008392334,21.200000762939453,21.469999313354492,523100.0
2018-10-29,17.65871810913086,21.09000015258789,21.469999313354492,20.90999984741211,21.469999313354492,397200.0
2018-10-30,18.04387092590332,21.549999237060547,21.549999237060547,21.260000228881836,21.270000457763672,450400.0
2018-10-31,17.98526382446289,21.479999542236328,21.6299991607666,21.479999542236328,21.549999237060547,617400.0
2018-11-01,18.504392623901367,22.100000381469727,22.18000030517578,21.799999237060547,21.90999984741211,514600.0
2018-11-02,18.705341339111328,22.34000015258789,22.399999618530273,22.09000015258789,22.290000915527344,500700.0
2018-11-05,18.973281860351562,22.65999984741211,22.799999237060547,22.579999923706055,22.579999923706055,606900.0
2018-11-06,19.006772994995117,22.700000762939453,22.729999542236328,22.59000015258789,22.649999618530273,183100.0
2018-11-07,19.64312171936035,23.459999084472656,23.489999771118164,23.329999923706055,23.34000015258789,270000.0
2018-11-08,19.207727432250977,22.940000534057617,23.34000015258789,22.8799991607666,23.260000228881836,174900.0
2018-11-09,18.889554977416992,22.559999465942383,22.770000457763672,22.450000762939453,22.739999771118164,346200.0
2018-11-12,18.613243103027344,22.229999542236328,22.469999313354492,22.170000076293945,22.360000610351562,360000.0
2018-11-13,18.78070068359375,22.43000030517578,22.6200008392334,22.280000686645508,22.290000915527344,306200.0
2018-11-14,18.948162078857422,22.6299991607666,22.799999237060547,22.469999313354492,22.700000762939453,387400.0
2018-11-15,19.082130432128906,22.790000915527344,22.889999389648438,22.420000076293945,22.510000228881836,492500.0
2018-11-16,18.604867935180664,22.219999313354492,22.329999923706055,21.959999084472656,22.059999465942383,456000.0
2018-11-19,18.596492767333984,22.209999084472656,22.34000015258789,22.149999618530273,22.25,275300.0
2018-11-20,18.320186614990234,21.8799991607666,22.139999389648438,21.81999969482422,22.020000457763672,383000.0
2018-11-21,18.847688674926758,22.510000228881836,22.760000228881836,22.5,22.579999923706055,384400.0
2018-11-23,18.881175994873047,22.549999237060547,22.709999084472656,22.549999237060547,22.56999969482422,305600.0
2018-11-26,18.856056213378906,22.520000457763672,22.600000381469727,22.459999084472656,22.540000915527344,683200.0
2018-11-27,19.040266036987305,22.739999771118164,22.739999771118164,22.420000076293945,22.540000915527344,360300.0
2018-11-28,19.76871681213379,23.610000610351562,23.610000610351562,22.84000015258789,22.93000030517578,724200.0
2018-11-29,19.80221176147461,23.649999618530273,23.760000228881836,23.350000381469727,23.3799991607666,651200.0
2018-11-30,19.49241065979004,23.280000686645508,23.399999618530273,23.18000030517578,23.290000915527344,482600.0
2018-12-03,20.078521728515625,23.979999542236328,24.020000457763672,23.709999084472656,23.770000457763672,499000.0
2018-12-04,19.77709197998047,23.6200008392334,24.09000015258789,23.600000381469727,23.989999771118164,846100.0
2018-12-06,19.994792938232422,23.8799991607666,23.889999389648438,23.3799991607666,23.559999465942383,878700.0
2018-12-07,19.400306701660156,23.170000076293945,23.84000015258789,23.149999618530273,23.75,805700.0
2018-12-10,19.24959373474121,22.989999771118164,23.239999771118164,22.81999969482422,23.209999084472656,470900.0
2018-12-11,18.973281860351562,22.65999984741211,22.989999771118164,22.479999542236328,22.989999771118164,597400.0
2018-12-12,19.49241065979004,23.280000686645508,23.420000076293945,23.059999465942383,23.09000015258789,405300.0
2018-12-13,19.76871681213379,23.610000610351562,23.709999084472656,23.5,23.610000610351562,385900.0
2018-12-14,19.551023483276367,23.350000381469727,23.549999237060547,23.329999923706055,23.399999618530273,380500.0
2018-12-17,19.433795928955078,23.209999084472656,23.489999771118164,23.15999984741211,23.40999984741211,453000.0
2018-12-18,19.88618278503418,23.43000030517578,23.540000915527344,23.190000534057617,23.190000534057617,428400.0
2018-12-19,19.73340606689453,23.25,23.829999923706055,23.1200008392334,23.6200008392334,1890300.0
2018-12-20,19.85223388671875,23.389999389648438,23.479999542236328,23.170000076293945,23.31999969482422,606700.0
2018-12-21,19.241132736206055,22.670000076293945,23.110000610351562,22.520000457763672,23.110000610351562,518000.0
2018-12-24,19.18172264099121,22.600000381469727,22.850000381469727,22.559999465942383,22.649999618530273,166900.0
2018-12-26,19.292057037353516,22.729999542236328,22.799999237060547,22.5,22.610000610351562,272700.0
2018-12-27,19.521221160888672,23.0,23.0,22.670000076293945,22.799999237060547,474900.0
2018-12-28,19.521221160888672,23.0,23.1299991607666,22.889999389648438,22.969999313354492,468700.0
2018-12-31,19.546682357788086,23.030000686645508,23.15999984741211,22.920000076293945,23.15999984741211,591000.0
2019-01-02,19.623071670532227,23.1200008392334,23.15999984741211,22.709999084472656,22.760000228881836,594500.0
2019-01-03,19.232643127441406,22.65999984741211,22.799999237060547,22.56999969482422,22.68000030517578,283100.0
2019-01-04,19.648529052734375,23.149999618530273,23.209999084472656,22.850000381469727,22.889999389648438,348700.0
2019-01-07,19.97954750061035,23.540000915527344,23.6200008392334,23.329999923706055,23.440000534057617,296000.0
2019-01-08,20.047443389892578,23.6200008392334,23.649999618530273,23.3700008392334,23.510000228881836,354300.0
2019-01-09,20.361480712890625,23.989999771118164,24.09000015258789,23.649999618530273,23.649999618530273,284200.0
2019-01-10,20.31904411315918,23.940000534057617,23.950000762939453,23.65999984741211,23.690000534057617,389000.0
2019-01-11,20.174755096435547,23.770000457763672,23.850000381469727,23.600000381469727,23.75,473400.0
2019-01-14,20.08139419555664,23.65999984741211,23.760000228881836,23.559999465942383,23.579999923706055,205100.0
2019-01-15,20.07290267944336,23.649999618530273,23.81999969482422,23.559999465942383,23.670000076293945,366200.0
2019-01-16,20.34450340270996,23.969999313354492,24.09000015258789,23.850000381469727,23.850000381469727,405600.0
2019-01-17,20.361480712890625,23.989999771118164,24.049999237060547,23.739999771118164,23.8700008392334,362600.0
2019-01-18,20.36996841430664,24.0,24.020000457763672,23.829999923706055,23.989999771118164,282300.0
2019-01-22,20.08139419555664,23.65999984741211,23.760000228881836,23.549999237060547,23.739999771118164,377400.0
2019-01-23,20.60761833190918,24.280000686645508,24.290000915527344,24.100000381469727,24.1200008392334,187500.0
2019-01-24,20.49728012084961,24.149999618530273,24.200000762939453,23.959999084472656,24.06999969482422,372300.0
2019-01-25,20.52273941040039,24.18000030517578,24.209999084472656,24.06999969482422,24.110000610351562,391400.0
2019-01-28,20.32752799987793,23.950000762939453,23.959999084472656,23.729999542236328,23.790000915527344,346500.0
2019-01-29,20.32752799987793,23.950000762939453,24.040000915527344,23.829999923706055,23.979999542236328,317000.0
2019-01-30,20.51425552368164,24.170000076293945,24.229999542236328,23.6299991607666,23.700000762939453,617900.0
2019-01-31,20.65854263305664,24.34000015258789,24.389999389648438,24.139999389648438,24.18000030517578,355500.0
2019-02-01,20.48879051208496,24.139999389648438,24.239999771118164,24.09000015258789,24.209999084472656,354600.0
2019-02-04,20.548202514648438,24.209999084472656,24.229999542236328,24.06999969482422,24.139999389648438,177700.0
2019-02-05,20.70946502685547,24.399999618530273,24.420000076293945,24.110000610351562,24.190000534057617,241700.0
2019-02-06,20.505765914916992,24.15999984741211,24.329999923706055,24.100000381469727,24.229999542236328,269300.0
2019-02-07,20.174755096435547,23.770000457763672,23.850000381469727,23.610000610351562,23.790000915527344,344800.0
2019-02-08,20.005006790161133,23.56999969482422,23.670000076293945,23.420000076293945,23.59000015258789,272700.0
2019-02-11,19.818281173706055,23.350000381469727,23.530000686645508,23.309999465942383,23.510000228881836,365400.0
2019-02-12,20.005006790161133,23.56999969482422,23.649999618530273,23.469999313354492,23.479999542236328,311600.0
2019-02-13,19.49575424194336,22.969999313354492,23.299999237060547,22.950000762939453,23.200000762939453,467400.0
2019-02-14,19.49575424194336,22.969999313354492,23.06999969482422,22.770000457763672,22.90999984741211,443100.0
2019-02-15,19.606094360351562,23.100000381469727,23.190000534057617,23.010000228881836,23.1200008392334,200800.0
2019-02-19,19.7164306640625,23.229999542236328,23.260000228881836,22.90999984741211,22.979999542236328,600700.0
2019-02-20,19.93710708618164,23.489999771118164,23.600000381469727,23.239999771118164,23.239999771118164,366600.0
2019-02-21,19.741893768310547,23.260000228881836,23.399999618530273,23.1200008392334,23.3799991607666,459700.0
2019-02-22,19.758867263793945,23.280000686645508,23.440000534057617,23.25,23.299999237060547,317500.0
2019-02-25,20.02198028564453,23.59000015258789,23.639999389648438,23.469999313354492,23.559999465942383,600100.0
2019-02-26,20.115345001220703,23.700000762939453,23.780000686645508,23.530000686645508,23.59000015258789,285400.0
2019-02-27,19.792816162109375,23.31999969482422,23.6200008392334,23.290000915527344,23.59000015258789,406400.0
2019-02-28,19.809795379638672,23.34000015258789,23.479999542236328,23.309999465942383,23.469999313354492,328800.0
2019-03-01,19.809795379638672,23.34000015258789,23.549999237060547,23.290000915527344,23.549999237060547,260900.0
2019-03-04,19.775840759277344,23.299999237060547,23.3700008392334,23.09000015258789,23.3700008392334,396800.0
2019-03-05,19.767356872558594,23.290000915527344,23.309999465942383,23.170000076293945,23.239999771118164,247500.0
2019-03-06,19.690969467163086,23.200000762939453,23.34000015258789,23.18000030517578,23.299999237060547,283400.0
2019-03-07,19.215665817260742,22.639999389648438,23.1200008392334,22.6200008392334,23.1200008392334,302200.0
2019-03-08,19.37693214416504,22.829999923706055,22.850000381469727,22.670000076293945,22.719999313354492,328700.0
2019-03-11,19.40239715576172,22.860000610351562,22.940000534057617,22.829999923706055,22.8799991607666,293100.0
2019-03-12,19.546682357788086,23.030000686645508,23.09000015258789,22.950000762939453,22.989999771118164,178100.0
2019-03-13,19.648529052734375,23.149999618530273,23.190000534057617,23.020000457763672,23.079999923706055,204600.0
2019-03-14,19.648529052734375,23.149999618530273,23.170000076293945,23.06999969482422,23.100000381469727,202500.0
2019-03-15,20.047443389892578,23.6200008392334,23.690000534057617,23.399999618530273,23.399999618530273,262500.0
2019-03-18,20.140806198120117,23.729999542236328,23.739999771118164,23.600000381469727,23.600000381469727,313600.0
2019-03-19,20.166269302368164,23.760000228881836,23.8799991607666,23.709999084472656,23.809999465942383,271900.0
2019-03-20,20.39543342590332,24.030000686645508,24.190000534057617,23.68000030517578,23.719999313354492,350900.0
2019-03-21,20.166269302368164,23.760000228881836,23.889999389648438,23.700000762939453,23.850000381469727,1222100.0
2019-03-22,19.597606658935547,23.09000015258789,23.459999084472656,23.059999465942383,23.350000381469727,500600.0
2019-03-25,19.614580154418945,23.110000610351562,23.200000762939453,23.020000457763672,23.030000686645508,286200.0
2019-03-26,19.631553649902344,23.1299991607666,23.200000762939453,23.059999465942383,23.1299991607666,256200.0
2019-03-27,19.597606658935547,23.09000015258789,23.200000762939453,22.989999771118164,23.200000762939453,181400.0
2019-03-28,19.512731552124023,22.989999771118164,23.030000686645508,22.8799991607666,22.989999771118164,180300.0
2019-03-29,19.419368743896484,22.8799991607666,22.950000762939453,22.81999969482422,22.90999984741211,249300.0
2019-04-01,19.73340606689453,23.25,23.31999969482422,23.18000030517578,23.260000228881836,313600.0
2019-04-02,19.8607177734375,23.399999618530273,23.549999237060547,23.34000015258789,23.5,174800.0
2019-04-03,20.25963020324707,23.8700008392334,23.979999542236328,23.790000915527344,23.799999237060547,279800.0
2019-04-04,20.149293899536133,23.739999771118164,23.799999237060547,23.690000534057617,23.760000228881836,277600.0
2019-04-05,19.894668579101562,23.440000534057617,23.559999465942383,23.3700008392334,23.540000915527344,603300.0
2019-04-08,20.05592918395996,23.6299991607666,23.6299991607666,23.489999771118164,23.489999771118164,221600.0
2019-04-09,20.038955688476562,23.610000610351562,23.709999084472656,23.579999923706055,23.6299991607666,229100.0
2019-04-10,20.310558319091797,23.93000030517578,23.969999313354492,23.739999771118164,23.739999771118164,297400.0
2019-04-11,20.08139419555664,23.65999984741211,23.75,23.610000610351562,23.709999084472656,416200.0
2019-04-12,20.1323184967041,23.719999313354492,23.8700008392334,23.649999618530273,23.860000610351562,286300.0
2019-04-15,20.166269302368164,23.760000228881836,23.780000686645508,23.600000381469727,23.709999084472656,221000.0
2019-04-16,20.174755096435547,23.770000457763672,23.829999923706055,23.690000534057617,23.739999771118164,118800.0
2019-04-17,20.22568130493164,23.829999923706055,23.950000762939453,23.809999465942383,23.920000076293945,219100.0
2019-04-18,20.02198028564453,23.59000015258789,23.649999618530273,23.489999771118164,23.59000015258789,222600.0
2019-04-22,19.98802947998047,23.549999237060547,23.579999923706055,23.420000076293945,23.510000228881836,216100.0
2019-04-23,20.01349449157715,23.579999923706055,23.600000381469727,23.43000030517578,23.469999313354492,157100.0
2019-04-24,19.750381469726562,23.270000457763672,23.420000076293945,23.170000076293945,23.309999465942383,403800.0
2019-04-25,19.7164306640625,23.229999542236328,23.270000457763672,23.06999969482422,23.09000015258789,422400.0
2019-04-26,19.80130386352539,23.329999923706055,23.40999984741211,23.190000534057617,23.239999771118164,196000.0
2019-04-29,19.809795379638672,23.34000015258789,23.389999389648438,23.209999084472656,23.25,190700.0
2019-04-30,19.73340606689453,23.25,23.280000686645508,23.059999465942383,23.110000610351562,213600.0
2019-05-01,19.538192749023438,23.020000457763672,23.479999542236328,23.0,23.290000915527344,326100.0
2019-05-02,19.40239715576172,22.860000610351562,23.020000457763672,22.780000686645508,23.0,281000.0
2019-05-03,19.648529052734375,23.149999618530273,23.18000030517578,22.950000762939453,23.0,382800.0
2019-05-06,19.309032440185547,22.75,22.760000228881836,22.540000915527344,22.600000381469727,666500.0
2019-05-07,18.680959701538086,22.010000228881836,22.3700008392334,21.829999923706055,22.3700008392334,718100.0
2019-05-08,18.49423599243164,21.790000915527344,21.969999313354492,21.75,21.93000030517578,281100.0
2019-05-09,18.375408172607422,21.649999618530273,21.770000457763672,21.420000076293945,21.75,614900.0
2019-05-10,18.596086502075195,21.90999984741211,21.920000076293945,21.65999984741211,21.700000762939453,500500.0
2019-05-13,18.163219451904297,21.399999618530273,21.610000610351562,21.329999923706055,21.3700008392334,829400.0
2019-05-14,18.095321655273438,21.31999969482422,21.469999313354492,21.290000915527344,21.40999984741211,472700.0
2019-05-15,18.205659866333008,21.450000762939453,21.489999771118164,21.15999984741211,21.25,415300.0
2019-05-16,18.15473175048828,21.389999389648438,21.610000610351562,21.3799991607666,21.530000686645508,395400.0
2019-05-17,18.103805541992188,21.329999923706055,21.440000534057617,21.299999237060547,21.309999465942383,219300.0
2019-05-20,18.171709060668945,21.40999984741211,21.440000534057617,21.229999542236328,21.260000228881836,614800.0
2019-05-21,18.307512283325195,21.56999969482422,21.639999389648438,21.360000610351562,21.43000030517578,372700.0
2019-05-22,18.485742568969727,21.780000686645508,21.90999984741211,21.729999542236328,21.739999771118164,135300.0
2019-05-23,18.129270553588867,21.360000610351562,21.479999542236328,21.309999465942383,21.440000534057617,245500.0
2019-05-24,18.39238166809082,21.670000076293945,21.729999542236328,21.59000015258789,21.600000381469727,230600.0
2019-05-28,18.417844772338867,21.700000762939453,21.93000030517578,21.700000762939453,21.8799991607666,453400.0
2019-05-29,18.39238166809082,21.670000076293945,21.700000762939453,21.469999313354492,21.540000915527344,799800.0
2019-05-30,18.706422805786133,22.040000915527344,22.059999465942383,21.940000534057617,21.979999542236328,360500.0
2019-05-31,18.952556610107422,22.329999923706055,22.350000381469727,21.969999313354492,21.969999313354492,362800.0
2019-06-03,18.893146514892578,22.260000228881836,22.389999389648438,22.239999771118164,22.350000381469727,380900.0
2019-06-04,18.952556610107422,22.329999923706055,22.3799991607666,22.219999313354492,22.309999465942383,371500.0
2019-06-05,18.80826759338379,22.15999984741211,22.450000762939453,22.1299991607666,22.389999389648438,328400.0
2019-06-06,19.215665817260742,22.639999389648438,22.719999313354492,22.600000381469727,22.600000381469727,233200.0
2019-06-07,19.504241943359375,22.979999542236328,23.190000534057617,22.899999618530273,22.90999984741211,618900.0
2019-06-10,19.461807250976562,22.93000030517578,23.010000228881836,22.860000610351562,22.959999084472656,226000.0
2019-06-11,19.657018661499023,23.15999984741211,23.260000228881836,23.09000015258789,23.149999618530273,299900.0
2019-06-12,19.521221160888672,23.0,23.139999389648438,22.940000534057617,23.020000457763672,133000.0
2019-06-13,19.66550636291504,23.170000076293945,23.25,23.09000015258789,23.09000015258789,260300.0
2019-06-14,19.385417938232422,22.84000015258789,22.979999542236328,22.81999969482422,22.950000762939453,166600.0
2019-06-17,19.325902938842773,22.729999542236328,22.860000610351562,22.719999313354492,22.780000686645508,168800.0
2019-06-18,19.79353141784668,23.280000686645508,23.299999237060547,23.1200008392334,23.1200008392334,774800.0
2019-06-19,19.785032272338867,23.270000457763672,23.440000534057617,23.1299991607666,23.200000762939453,268700.0
2019-06-20,20.142131805419922,23.690000534057617,23.809999465942383,23.600000381469727,23.670000076293945,201900.0
2019-06-21,19.88705825805664,23.389999389648438,23.6200008392334,23.239999771118164,23.559999465942383,220500.0
2019-06-24,20.133625030517578,23.68000030517578,23.739999771118164,23.559999465942383,23.559999465942383,227900.0
2019-06-25,19.878557205200195,23.3799991607666,23.6200008392334,23.280000686645508,23.559999465942383,607000.0
2019-06-26,19.997591018676758,23.520000457763672,23.65999984741211,23.440000534057617,23.479999542236328,245300.0
2019-06-27,20.235654830932617,23.799999237060547,23.829999923706055,23.709999084472656,23.709999084472656,233000.0
2019-06-28,20.193143844604492,23.75,23.809999465942383,23.68000030517578,23.770000457763672,205600.0
2019-07-01,20.08261489868164,23.6200008392334,23.989999771118164,23.520000457763672,23.989999771118164,331500.0
2019-07-02,20.150634765625,23.700000762939453,23.729999542236328,23.559999465942383,23.6200008392334,300900.0
2019-07-03,20.22715187072754,23.790000915527344,23.799999237060547,23.670000076293945,23.690000534057617,133000.0
2019-07-05,20.031597137451172,23.559999465942383,23.610000610351562,23.389999389648438,23.469999313354492,393500.0
2019-07-08,19.980587005615234,23.5,23.540000915527344,23.309999465942383,23.440000534057617,260300.0
2019-07-09,19.768024444580078,23.25,23.309999465942383,23.010000228881836,23.200000762939453,169800.0
2019-07-10,19.853050231933594,23.350000381469727,23.6299991607666,23.329999923706055,23.559999465942383,171200.0
2019-07-11,19.819040298461914,23.309999465942383,23.440000534057617,23.260000228881836,23.399999618530273,174400.0
2019-07-12,19.878557205200195,23.3799991607666,23.450000762939453,23.299999237060547,23.329999923706055,114700.0
2019-07-15,19.94657325744629,23.459999084472656,23.5,23.399999618530273,23.459999084472656,60500.0
2019-07-16,19.79353141784668,23.280000686645508,23.399999618530273,23.229999542236328,23.360000610351562,236000.0
2019-07-17,19.691503524780273,23.15999984741211,23.219999313354492,23.049999237060547,23.139999389648438,130600.0
2019-07-18,20.04010009765625,23.56999969482422,23.59000015258789,23.100000381469727,23.100000381469727,1154900.0
2019-07-19,20.014596939086914,23.540000915527344,23.670000076293945,23.510000228881836,23.6299991607666,174700.0
2019-07-22,20.04010009765625,23.56999969482422,23.670000076293945,23.540000915527344,23.670000076293945,95000.0
2019-07-23,19.827543258666992,23.31999969482422,23.489999771118164,23.309999465942383,23.489999771118164,306500.0
2019-07-24,19.870054244995117,23.3700008392334,23.389999389648438,23.280000686645508,23.290000915527344,52900.0
2019-07-25,19.5639705657959,23.010000228881836,23.360000610351562,22.950000762939453,23.360000610351562,224400.0
2019-07-26,19.53845977783203,22.979999542236328,22.989999771118164,22.8700008392334,22.940000534057617,137600.0
2019-07-29,19.274885177612305,22.670000076293945,22.729999542236328,22.579999923706055,22.729999542236328,156500.0
2019-07-30,19.130346298217773,22.5,22.559999465942383,22.420000076293945,22.510000228881836,177700.0
2019-07-31,18.994308471679688,22.34000015258789,22.649999618530273,22.1200008392334,22.579999923706055,347200.0
2019-08-01,18.4416561126709,21.690000534057617,22.06999969482422,21.649999618530273,22.020000457763672,326600.0
2019-08-02,18.59469985961914,21.8700008392334,21.989999771118164,21.780000686645508,21.889999389648438,330900.0
2019-08-05,18.195085525512695,21.399999618530273,21.780000686645508,21.329999923706055,21.700000762939453,280400.0
2019-08-06,18.288612365722656,21.510000228881836,21.6200008392334,21.399999618530273,21.549999237060547,292300.0
2019-08-07,18.161073684692383,21.360000610351562,21.399999618530273,21.209999084472656,21.31999969482422,225200.0
2019-08-08,18.24610137939453,21.459999084472656,21.520000457763672,21.399999618530273,21.440000534057617,180200.0
2019-08-09,17.940013885498047,21.100000381469727,21.170000076293945,21.030000686645508,21.110000610351562,175500.0
2019-08-12,17.778467178344727,20.90999984741211,20.979999542236328,20.860000610351562,20.899999618530273,161500.0
2019-08-13,18.05904769897461,21.239999771118164,21.420000076293945,20.899999618530273,20.899999618530273,214100.0
2019-08-14,17.28533172607422,20.329999923706055,20.75,20.329999923706055,20.739999771118164,257400.0
2019-08-15,17.310840606689453,20.360000610351562,20.43000030517578,20.239999771118164,20.34000015258789,376000.0
2019-08-16,17.336341857910156,20.389999389648438,20.450000762939453,20.190000534057617,20.329999923706055,325900.0
2019-08-19,17.472381591796875,20.549999237060547,20.670000076293945,20.510000228881836,20.59000015258789,188300.0
2019-08-20,17.548904418945312,20.639999389648438,20.700000762939453,20.5,20.549999237060547,164300.0
2019-08-21,17.64242935180664,20.75,20.899999618530273,20.68000030517578,20.829999923706055,1206200.0
2019-08-22,17.557409286499023,20.649999618530273,20.799999237060547,20.549999237060547,20.729999542236328,125800.0
2019-08-23,17.302335739135742,20.350000381469727,20.6299991607666,20.329999923706055,20.440000534057617,189000.0
2019-08-26,17.480886459350586,20.559999465942383,20.719999313354492,20.530000686645508,20.610000610351562,237100.0
2019-08-27,17.378854751586914,20.440000534057617,20.59000015258789,20.43000030517578,20.5,177800.0
2019-08-28,17.013256072998047,20.010000228881836,20.020000457763672,19.899999618530273,19.989999771118164,155300.0
2019-08-29,17.157794952392578,20.18000030517578,20.18000030517578,20.010000228881836,20.010000228881836,90000.0
2019-08-30,17.5404052734375,20.6299991607666,20.709999084472656,20.520000457763672,20.610000610351562,169100.0
2019-09-03,17.497892379760742,20.579999923706055,20.6200008392334,20.3700008392334,20.420000076293945,258300.0
2019-09-04,17.591421127319336,20.690000534057617,20.75,20.600000381469727,20.6299991607666,130100.0
2019-09-05,17.5404052734375,20.6299991607666,20.790000915527344,20.600000381469727,20.600000381469727,185300.0
2019-09-06,17.591421127319336,20.690000534057617,20.81999969482422,20.68000030517578,20.75,81000.0
2019-09-09,18.127065658569336,21.31999969482422,21.360000610351562,21.18000030517578,21.219999313354492,352100.0
2019-09-10,18.263103485107422,21.479999542236328,21.520000457763672,21.360000610351562,21.40999984741211,236600.0
2019-09-11,18.144073486328125,21.34000015258789,21.389999389648438,21.25,21.350000381469727,340400.0
2019-09-12,18.229097366333008,21.440000534057617,21.510000228881836,21.190000534057617,21.209999084472656,135600.0
2019-09-13,18.450157165527344,21.700000762939453,21.739999771118164,21.59000015258789,21.6299991607666,239400.0
2019-09-16,18.365135192871094,21.600000381469727,21.709999084472656,21.489999771118164,21.6200008392334,106600.0
2019-09-17,18.288612365722656,21.510000228881836,21.540000915527344,21.299999237060547,21.329999923706055,103600.0
2019-09-18,18.195085525512695,21.399999618530273,21.559999465942383,21.239999771118164,21.559999465942383,184900.0
2019-09-19,18.110061645507812,21.299999237060547,21.479999542236328,21.270000457763672,21.479999542236328,138600.0
2019-09-20,17.68494415283203,20.799999237060547,21.100000381469727,20.739999771118164,21.100000381469727,141900.0
2019-09-23,17.514896392822266,20.600000381469727,20.610000610351562,20.469999313354492,20.549999237060547,64200.0
2019-09-24,17.718952178955078,20.84000015258789,20.969999313354492,20.790000915527344,20.84000015258789,167400.0
2019-09-25,17.455379486083984,20.530000686645508,20.65999984741211,20.450000762939453,20.549999237060547,93100.0
2019-09-26,17.4893856048584,20.56999969482422,20.6200008392334,20.540000915527344,20.6200008392334,190800.0
2019-09-27,17.574413299560547,20.670000076293945,20.860000610351562,20.610000610351562,20.75,128100.0
2019-09-30,17.548904418945312,20.639999389648438,20.75,20.540000915527344,20.540000915527344,211500.0
2019-10-01,17.378854751586914,20.440000534057617,20.530000686645508,20.389999389648438,20.43000030517578,201500.0
2019-10-02,17.106779098510742,20.1200008392334,20.239999771118164,20.0,20.209999084472656,245900.0
2019-10-03,17.268329620361328,20.309999465942383,20.34000015258789,20.1299991607666,20.239999771118164,160800.0
2019-10-04,17.557409286499023,20.649999618530273,20.68000030517578,20.440000534057617,20.5,119900.0
2019-10-07,17.310840606689453,20.360000610351562,20.479999542236328,20.329999923706055,20.440000534057617,386300.0
2019-10-08,17.378854751586914,20.440000534057617,20.600000381469727,20.399999618530273,20.43000030517578,319300.0
2019-10-09,17.50639533996582,20.59000015258789,20.670000076293945,20.549999237060547,20.670000076293945,106500.0
2019-10-10,17.5404052734375,20.6299991607666,20.68000030517578,20.530000686645508,20.579999923706055,339300.0
2019-10-11,17.923009872436523,21.079999923706055,21.190000534057617,21.0,21.079999923706055,218300.0
2019-10-14,17.744461059570312,20.8700008392334,20.969999313354492,20.860000610351562,20.940000534057617,77000.0
2019-10-15,17.906007766723633,21.059999465942383,21.100000381469727,20.940000534057617,20.950000762939453,110700.0
2019-10-16,18.135570526123047,21.329999923706055,21.350000381469727,21.170000076293945,21.170000076293945,300500.0
2019-10-17,18.348127365112305,21.579999923706055,21.65999984741211,21.450000762939453,21.5,218900.0
2019-10-18,18.305618286132812,21.530000686645508,21.549999237060547,21.420000076293945,21.510000228881836,116700.0
2019-10-21,18.535181045532227,21.799999237060547,21.799999237060547,21.649999618530273,21.649999618530273,146300.0
2019-10-22,18.654212951660156,21.940000534057617,22.030000686645508,21.8700008392334,21.8700008392334,275400.0
2019-10-23,18.654212951660156,21.940000534057617,21.969999313354492,21.84000015258789,21.860000610351562,96100.0
2019-10-24,18.501171112060547,21.760000228881836,21.889999389648438,21.690000534057617,21.889999389648438,496100.0
2019-10-25,18.28011131286621,21.5,21.540000915527344,21.450000762939453,21.5,158200.0
2019-10-28,18.645713806152344,21.93000030517578,21.950000762939453,21.780000686645508,21.780000686645508,116900.0
2019-10-29,18.73073387145996,22.030000686645508,22.079999923706055,21.989999771118164,22.0,167500.0
2019-10-30,18.917789459228516,22.25,22.270000457763672,21.989999771118164,22.030000686645508,207200.0
2019-10-31,18.62020492553711,21.899999618530273,21.989999771118164,21.790000915527344,21.979999542236328,158900.0
2019-11-01,18.951799392700195,22.290000915527344,22.290000915527344,22.010000228881836,22.010000228881836,307600.0
2019-11-04,19.07933235168457,22.440000534057617,22.579999923706055,22.43000030517578,22.510000228881836,70800.0
2019-11-05,19.07933235168457,22.440000534057617,22.610000610351562,22.40999984741211,22.579999923706055,141300.0
2019-11-06,19.011316299438477,22.360000610351562,22.450000762939453,22.280000686645508,22.420000076293945,311000.0
2019-11-07,19.045320510864258,22.399999618530273,22.459999084472656,22.329999923706055,22.40999984741211,713500.0
2019-11-08,18.86677360534668,22.190000534057617,22.299999237060547,22.100000381469727,22.25,108200.0
2019-11-11,18.815759658813477,22.1299991607666,22.149999618530273,22.010000228881836,22.010000228881836,125700.0
2019-11-12,18.67121696472168,21.959999084472656,22.209999084472656,21.959999084472656,22.209999084472656,95600.0
2019-11-13,18.501171112060547,21.760000228881836,21.860000610351562,21.760000228881836,21.809999465942383,509000.0
2019-11-14,18.535181045532227,21.799999237060547,21.84000015258789,21.719999313354492,21.719999313354492,124000.0
2019-11-15,18.70522689819336,22.0,22.030000686645508,21.920000076293945,21.920000076293945,80400.0
2019-11-18,18.645713806152344,21.93000030517578,22.010000228881836,21.84000015258789,21.889999389648438,85900.0
2019-11-19,18.45865821838379,21.709999084472656,21.860000610351562,21.670000076293945,21.829999923706055,212600.0
2019-11-20,18.229097366333008,21.440000534057617,21.540000915527344,21.3799991607666,21.43000030517578,178300.0
2019-11-21,18.11856460571289,21.309999465942383,21.43000030517578,21.260000228881836,21.290000915527344,138000.0
2019-11-22,18.161073684692383,21.360000610351562,21.5,21.350000381469727,21.469999313354492,86900.0
2019-11-25,18.288612365722656,21.510000228881836,21.549999237060547,21.40999984741211,21.40999984741211,82400.0
2019-11-26,18.288612365722656,21.510000228881836,21.510000228881836,21.299999237060547,21.43000030517578,128000.0
2019-11-27,18.09305763244629,21.280000686645508,21.329999923706055,21.190000534057617,21.290000915527344,83100.0
2019-11-29,17.84648895263672,20.989999771118164,21.06999969482422,20.979999542236328,21.020000457763672,149400.0
2019-12-02,17.837984085083008,20.979999542236328,21.059999465942383,20.850000381469727,20.950000762939453,85500.0
2019-12-03,17.64242935180664,20.75,20.780000686645508,20.670000076293945,20.729999542236328,122800.0
2019-12-04,17.548904418945312,20.639999389648438,20.770000457763672,20.6200008392334,20.709999084472656,67100.0
2019-12-05,17.693449020385742,20.809999465942383,20.84000015258789,20.700000762939453,20.81999969482422,89600.0
2019-12-06,17.472381591796875,20.549999237060547,20.56999969482422,20.450000762939453,20.489999771118164,79100.0
2019-12-09,17.302335739135742,20.350000381469727,20.440000534057617,20.34000015258789,20.3700008392334,101800.0
2019-12-10,17.327844619750977,20.3799991607666,20.43000030517578,20.270000457763672,20.34000015258789,139400.0
2019-12-11,17.514896392822266,20.600000381469727,20.639999389648438,20.280000686645508,20.280000686645508,262700.0
2019-12-12,17.84648895263672,20.989999771118164,21.020000457763672,20.729999542236328,20.760000228881836,574100.0
2019-12-13,17.888999938964844,21.040000915527344,21.190000534057617,21.0,21.09000015258789,271000.0
2019-12-16,18.018701553344727,20.700000762939453,20.770000457763672,20.649999618530273,20.739999771118164,274300.0
2019-12-17,18.14927101135254,20.850000381469727,20.93000030517578,20.75,20.75,195800.0
2019-12-18,18.044815063476562,20.729999542236328,20.760000228881836,20.68000030517578,20.709999084472656,189500.0
2019-12-19,18.14927101135254,20.850000381469727,20.889999389648438,20.780000686645508,20.780000686645508,198000.0
2019-12-20,18.070926666259766,20.760000228881836,20.81999969482422,20.649999618530273,20.770000457763672,182900.0
2019-12-23,18.062223434448242,20.75,20.790000915527344,20.670000076293945,20.790000915527344,126600.0
2019-12-24,18.02740478515625,20.709999084472656,20.850000381469727,20.68000030517578,20.760000228881836,66900.0
2019-12-26,18.24502182006836,20.959999084472656,20.959999084472656,20.780000686645508,20.780000686645508,35600.0
2019-12-27,18.358182907104492,21.09000015258789,21.1200008392334,20.989999771118164,21.0,285500.0
2019-12-30,18.288549423217773,21.010000228881836,21.1299991607666,21.010000228881836,21.1200008392334,438900.0
2019-12-31,18.349477767944336,21.079999923706055,21.149999618530273,21.030000686645508,21.110000610351562,233800.0
2020-01-02,18.880464553833008,21.690000534057617,21.709999084472656,21.479999542236328,21.479999542236328,682400.0
2020-01-03,18.471345901489258,21.219999313354492,21.31999969482422,21.190000534057617,21.239999771118164,259400.0
2020-01-06,18.51486587524414,21.270000457763672,21.31999969482422,21.149999618530273,21.219999313354492,98900.0
2020-01-07,18.332069396972656,21.059999465942383,21.270000457763672,21.010000228881836,21.270000457763672,123600.0
2020-01-08,18.18408966064453,20.889999389648438,20.940000534057617,20.68000030517578,20.760000228881836,163500.0
2020-01-09,18.340776443481445,21.06999969482422,21.079999923706055,21.010000228881836,21.049999237060547,74600.0
2020-01-10,18.654144287109375,21.43000030517578,21.489999771118164,21.299999237060547,21.350000381469727,220500.0
2020-01-13,19.002330780029297,21.829999923706055,21.860000610351562,21.530000686645508,21.540000915527344,219200.0
2020-01-14,18.84564781188965,21.649999618530273,21.709999084472656,21.600000381469727,21.649999618530273,185200.0
2020-01-15,18.688961029052734,21.469999313354492,21.56999969482422,21.43000030517578,21.549999237060547,202200.0
2020-01-16,18.688961029052734,21.469999313354492,21.540000915527344,21.420000076293945,21.540000915527344,368100.0
2020-01-17,18.767303466796875,21.559999465942383,21.600000381469727,21.469999313354492,21.520000457763672,476900.0
2020-01-21,18.53227996826172,21.290000915527344,21.450000762939453,21.270000457763672,21.420000076293945,333300.0
2020-01-22,18.445232391357422,21.190000534057617,21.229999542236328,21.1299991607666,21.190000534057617,117000.0
2020-01-23,18.436525344848633,21.18000030517578,21.239999771118164,21.010000228881836,21.1299991607666,216800.0
2020-01-24,18.30595588684082,21.030000686645508,21.149999618530273,20.969999313354492,21.139999389648438,183700.0
2020-01-27,17.62699317932129,20.25,20.479999542236328,20.18000030517578,20.389999389648438,352700.0
2020-01-28,17.801082611083984,20.450000762939453,20.489999771118164,20.299999237060547,20.34000015258789,295000.0
2020-01-29,17.670515060424805,20.299999237060547,20.360000610351562,20.239999771118164,20.290000915527344,100500.0
2020-01-30,17.62699317932129,20.25,20.260000228881836,20.06999969482422,20.18000030517578,267700.0
2020-01-31,17.435487747192383,20.030000686645508,20.049999237060547,19.8700008392334,19.969999313354492,345700.0
2020-02-03,17.40066909790039,19.989999771118164,20.049999237060547,19.8700008392334,19.8700008392334,284400.0
2020-02-04,17.766267776489258,20.40999984741211,20.5,20.25,20.43000030517578,297500.0
2020-02-05,17.9577693939209,20.6299991607666,20.809999465942383,20.6200008392334,20.760000228881836,214000.0
2020-02-06,17.835905075073242,20.489999771118164,20.610000610351562,20.43000030517578,20.610000610351562,156000.0
2020-02-07,17.618282318115234,20.239999771118164,20.3799991607666,20.190000534057617,20.280000686645508,160100.0
2020-02-10,17.513826370239258,20.1200008392334,20.18000030517578,20.059999465942383,20.09000015258789,109800.0
2020-02-11,17.69662857055664,20.329999923706055,20.450000762939453,20.290000915527344,20.299999237060547,147000.0
2020-02-12,17.870723724365234,20.530000686645508,20.540000915527344,20.440000534057617,20.469999313354492,190400.0
2020-02-13,17.609580993652344,20.229999542236328,20.290000915527344,20.1299991607666,20.15999984741211,388000.0
2020-02-14,17.522533416748047,20.1299991607666,20.290000915527344,20.09000015258789,20.25,97700.0
2020-02-18,17.391963958740234,19.979999542236328,20.040000915527344,19.899999618530273,20.0,129000.0
2020-02-19,17.40066909790039,19.989999771118164,20.020000457763672,19.899999618530273,19.979999542236328,297500.0
2020-02-20,17.165639877319336,19.719999313354492,19.93000030517578,19.670000076293945,19.850000381469727,169300.0
2020-02-21,17.078598022460938,19.6200008392334,19.84000015258789,19.610000610351562,19.760000228881836,347600.0
2020-02-24,16.303878784179688,18.729999542236328,18.889999389648438,18.719999313354492,18.809999465942383,463000.0
2020-02-25,15.886052131652832,18.25,18.6299991607666,18.219999313354492,18.59000015258789,591800.0
2020-02-26,15.799004554748535,18.149999618530273,18.3700008392334,18.139999389648438,18.260000228881836,238300.0
2020-02-27,15.320250511169434,17.600000381469727,17.979999542236328,17.479999542236328,17.940000534057617,412900.0
2020-02-28,14.858898162841797,17.06999969482422,17.100000381469727,16.719999313354492,16.889999389648438,798100.0
2020-03-02,15.468228340148926,17.770000457763672,17.81999969482422,17.290000915527344,17.469999313354492,573700.0
2020-03-03,15.894759178161621,18.260000228881836,18.610000610351562,18.040000915527344,18.139999389648438,749200.0
2020-03-04,15.833823204040527,18.190000534057617,18.229999542236328,18.010000228881836,18.219999313354492,556700.0
2020-03-05,15.320250511169434,17.600000381469727,17.8799991607666,17.510000228881836,17.81999969482422,1607500.0
2020-03-06,15.15485954284668,17.40999984741211,17.520000457763672,17.260000228881836,17.479999542236328,365900.0
2020-03-09,13.936203956604004,16.010000228881836,16.43000030517578,15.970000267028809,16.31999969482422,387900.0
2020-03-10,14.145115852355957,16.25,16.34000015258789,15.8100004196167,16.309999465942383,539600.0
2020-03-11,12.85682201385498,14.770000457763672,15.350000381469727,14.6899995803833,15.34000015258789,1071600.0
2020-03-12,11.089771270751953,12.739999771118164,13.699999809265137,12.5,13.40999984741211,682200.0
2020-03-13,11.79485034942627,13.550000190734863,13.75,12.970000267028809,13.670000076293945,437800.0
2020-03-16,10.819925308227539,12.430000305175781,12.930000305175781,12.109999656677246,12.109999656677246,269800.0
2020-03-17,11.820964813232422,13.579999923706055,13.739999771118164,13.0600004196167,13.199999809265137,395800.0
2020-03-18,11.159408569335938,12.819999694824219,13.170000076293945,12.449999809265137,12.8100004196167,322600.0
2020-03-19,11.307388305664062,12.989999771118164,13.270000457763672,12.829999923706055,12.90999984741211,245900.0
2020-03-20,11.229044914245605,12.899999618530273,13.449999809265137,12.84000015258789,13.300000190734863,841500.0
2020-03-23,10.915677070617676,12.539999961853027,12.75,12.359999656677246,12.699999809265137,269900.0
2020-03-24,11.28997802734375,12.970000267028809,13.0,12.710000038146973,12.800000190734863,342400.0
2020-03-25,11.516300201416016,13.229999542236328,13.470000267028809,12.609999656677246,12.899999618530273,338700.0
2020-03-26,12.151741981506348,13.960000038146973,13.989999771118164,13.170000076293945,13.220000267028809,428200.0
2020-03-27,11.934124946594238,13.710000038146973,13.970000267028809,13.420000076293945,13.619999885559082,183700.0
2020-03-30,11.916714668273926,13.6899995803833,13.6899995803833,13.270000457763672,13.420000076293945,104800.0
2020-03-31,11.960238456726074,13.739999771118164,13.850000381469727,13.600000381469727,13.739999771118164,235200.0
2020-04-01,11.525004386901855,13.239999771118164,13.420000076293945,13.180000305175781,13.390000343322754,121800.0
2020-04-02,11.620756149291992,13.350000381469727,13.520000457763672,13.140000343322754,13.270000457763672,230100.0
2020-04-03,11.49889087677002,13.210000038146973,13.5,13.149999618530273,13.300000190734863,198100.0
2020-04-06,12.36935806274414,14.210000038146973,14.279999732971191,13.880000114440918,14.020000457763672,304000.0
2020-04-07,12.56956672668457,14.4399995803833,15.0,14.4399995803833,14.9399995803833,245100.0
2020-04-08,12.604386329650879,14.479999542236328,14.5600004196167,14.260000228881836,14.430000305175781,177700.0
2020-04-09,12.499929428100586,14.359999656677246,14.779999732971191,14.3100004196167,14.6899995803833,196100.0
2020-04-13,12.39547348022461,14.239999771118164,14.270000457763672,14.050000190734863,14.239999771118164,87600.0
2020-04-14,13.152780532836914,15.109999656677246,15.260000228881836,15.020000457763672,15.149999618530273,241700.0
2020-04-15,12.74366283416748,14.640000343322754,14.75,14.539999961853027,14.75,83400.0
2020-04-16,12.47381591796875,14.329999923706055,14.59000015258789,14.270000457763672,14.579999923706055,1135200.0
2020-04-17,13.022212028503418,14.960000038146973,14.979999542236328,14.789999961853027,14.859999656677246,134700.0
2020-04-20,12.865527153015137,14.779999732971191,15.09000015258789,14.710000038146973,14.710000038146973,114600.0
2020-04-21,12.430294036865234,14.279999732971191,14.470000267028809,14.220000267028809,14.420000076293945,91200.0
2020-04-22,12.665319442749023,14.550000190734863,14.59000015258789,14.510000228881836,14.539999961853027,81800.0
2020-04-23,12.65661334991455,14.539999961853027,14.890000343322754,14.529999732971191,14.710000038146973,128300.0
2020-04-24,12.752364158630371,14.649999618530273,14.720000267028809,14.489999771118164,14.720000267028809,81300.0
2020-04-27,12.76107120513916,14.65999984741211,14.670000076293945,14.510000228881836,14.569999694824219,105300.0
2020-04-28,12.630498886108398,14.510000228881836,14.729999542236328,14.430000305175781,14.699999809265137,235900.0
2020-04-29,13.117961883544922,15.069999694824219,15.140000343322754,14.880000114440918,14.920000076293945,305900.0
2020-04-30,12.943868637084961,14.869999885559082,15.119999885559082,14.829999923706055,15.020000457763672,196800.0
2020-05-01,12.613091468811035,14.489999771118164,14.760000228881836,14.470000267028809,14.739999771118164,176500.0
2020-05-04,12.78718376159668,14.6899995803833,14.720000267028809,14.510000228881836,14.630000114440918,240600.0
2020-05-05,12.65661334991455,14.539999961853027,14.680000305175781,14.489999771118164,14.619999885559082,339600.0
2020-05-06,12.299722671508789,14.130000114440918,14.399999618530273,14.109999656677246,14.399999618530273,123500.0
2020-05-07,12.517338752746582,14.380000114440918,14.489999771118164,14.270000457763672,14.399999618530273,173100.0
2020-05-08,12.734957695007324,14.630000114440918,14.699999809265137,14.539999961853027,14.59000015258789,135000.0
2020-05-11,12.560863494873047,14.430000305175781,14.529999732971191,14.380000114440918,14.479999542236328,53800.0
2020-05-12,12.708843231201172,14.600000381469727,14.84000015258789,14.569999694824219,14.720000267028809,137000.0
2020-05-13,12.56956672668457,14.4399995803833,14.720000267028809,14.34000015258789,14.649999618530273,167400.0
2020-05-14,12.621795654296875,14.5,14.550000190734863,14.069999694824219,14.199999809265137,166600.0
2020-05-15,12.378064155578613,14.220000267028809,14.350000381469727,14.180000305175781,14.3100004196167,89400.0
2020-05-18,13.030915260314941,14.970000267028809,14.989999771118164,14.65999984741211,14.65999984741211,294000.0
2020-05-19,12.926460266113281,14.850000381469727,15.079999923706055,14.829999923706055,14.949999809265137,89000.0
2020-05-20,13.170190811157227,15.130000114440918,15.289999961853027,15.100000381469727,15.149999618530273,135000.0
2020-05-21,13.135371208190918,15.09000015258789,15.270000457763672,15.0,15.239999771118164,155700.0
2020-05-22,13.039620399475098,14.979999542236328,15.029999732971191,14.90999984741211,15.0,118400.0
2020-05-26,13.87527084350586,15.9399995803833,16.18000030517578,15.8100004196167,15.8100004196167,315300.0
2020-05-27,14.153820037841797,16.260000228881836,16.299999237060547,16.059999465942383,16.270000457763672,106300.0
2020-05-28,14.040658950805664,16.1299991607666,16.34000015258789,16.06999969482422,16.239999771118164,273700.0
2020-05-29,14.275684356689453,16.399999618530273,16.479999542236328,16.149999618530273,16.190000534057617,145100.0
2020-06-01,14.554235458374023,16.719999313354492,16.75,16.40999984741211,16.479999542236328,247300.0
2020-06-02,14.719624519348145,16.90999984741211,16.950000762939453,16.68000030517578,16.690000534057617,261700.0
2020-06-03,15.102629661560059,17.350000381469727,17.3700008392334,17.049999237060547,17.1299991607666,324600.0
2020-06-04,15.093926429748535,17.34000015258789,17.510000228881836,17.229999542236328,17.260000228881836,429000.0
2020-06-05,15.555274963378906,17.8700008392334,18.030000686645508,17.790000915527344,17.920000076293945,213500.0
2020-06-08,15.807709693908691,18.15999984741211,18.170000076293945,17.81999969482422,17.959999084472656,154100.0
2020-06-09,15.581387519836426,17.899999618530273,17.93000030517578,17.770000457763672,17.770000457763672,94000.0
2020-06-10,15.781596183776855,18.1299991607666,18.190000534057617,17.780000686645508,17.8700008392334,166200.0
2020-06-11,14.806672096252441,17.010000228881836,17.649999618530273,16.979999542236328,17.5,214400.0
2020-06-12,15.05910873413086,17.299999237060547,17.600000381469727,17.040000915527344,17.5,97400.0
2020-06-15,14.940393447875977,16.989999771118164,17.110000610351562,16.65999984741211,16.670000076293945,140200.0
2020-06-16,15.037123680114746,17.100000381469727,17.309999465942383,17.020000457763672,17.299999237060547,123000.0
2020-06-17,14.896427154541016,16.940000534057617,17.139999389648438,16.81999969482422,17.06999969482422,57500.0
2020-06-18,14.940393447875977,16.989999771118164,17.100000381469727,16.950000762939453,17.0,66900.0
2020-06-19,14.887632369995117,16.93000030517578,17.1200008392334,16.850000381469727,17.100000381469727,99400.0
2020-06-22,15.186616897583008,17.270000457763672,17.360000610351562,17.1200008392334,17.1200008392334,102600.0
2020-06-23,15.300934791564941,17.399999618530273,17.6200008392334,17.3799991607666,17.520000457763672,60800.0
2020-06-24,14.896427154541016,16.940000534057617,17.190000534057617,16.84000015258789,17.190000534057617,79900.0
2020-06-25,14.984363555908203,17.040000915527344,17.110000610351562,16.719999313354492,16.809999465942383,53300.0
2020-06-26,14.64140796661377,16.649999618530273,16.850000381469727,16.56999969482422,16.829999923706055,100900.0
2020-06-29,14.738141059875488,16.760000228881836,16.799999237060547,16.670000076293945,16.729999542236328,42700.0
2020-06-30,14.60623550415039,16.610000610351562,16.75,16.530000686645508,16.65999984741211,192500.0
2020-07-01,14.729347229003906,16.75,16.780000686645508,16.559999465942383,16.559999465942383,102700.0
2020-07-02,14.940393447875977,16.989999771118164,17.190000534057617,16.950000762939453,17.09000015258789,154000.0
2020-07-06,15.15143871307373,17.229999542236328,17.31999969482422,17.15999984741211,17.260000228881836,145100.0
2020-07-07,14.843663215637207,16.8799991607666,17.110000610351562,16.860000610351562,17.030000686645508,75300.0
2020-07-08,14.949188232421875,17.0,17.079999923706055,16.829999923706055,16.860000610351562,335500.0
2020-07-09,14.896427154541016,16.940000534057617,17.079999923706055,16.809999465942383,17.06999969482422,112800.0
2020-07-10,14.914012908935547,16.959999084472656,17.010000228881836,16.860000610351562,16.959999084472656,139600.0
2020-07-13,14.755729675292969,16.780000686645508,17.139999389648438,16.75,17.1200008392334,123700.0
2020-07-14,14.940393447875977,16.989999771118164,17.040000915527344,16.81999969482422,16.829999923706055,77200.0
2020-07-15,14.984363555908203,17.040000915527344,17.149999618530273,16.969999313354492,17.1299991607666,90800.0
2020-07-16,14.975568771362305,17.030000686645508,17.170000076293945,16.989999771118164,17.010000228881836,41600.0
2020-07-17,15.133853912353516,17.209999084472656,17.239999771118164,17.06999969482422,17.110000610351562,680900.0
2020-07-20,15.564743995666504,17.700000762939453,17.75,17.389999389648438,17.40999984741211,278400.0
2020-07-21,15.758200645446777,17.920000076293945,18.059999465942383,17.889999389648438,17.989999771118164,131700.0
2020-07-22,15.79337215423584,17.959999084472656,18.06999969482422,17.860000610351562,17.979999542236328,47500.0
2020-07-23,15.679059028625488,17.829999923706055,18.040000915527344,17.760000228881836,17.8700008392334,89700.0
2020-07-24,15.78458309173584,17.950000762939453,17.950000762939453,17.709999084472656,17.739999771118164,58400.0
2020-07-27,16.065980911254883,18.270000457763672,18.309999465942383,18.09000015258789,18.09000015258789,198600.0
2020-07-28,15.828553199768066,18.0,18.149999618530273,17.940000534057617,18.139999389648438,93100.0
2020-07-29,16.004425048828125,18.200000762939453,18.309999465942383,18.049999237060547,18.049999237060547,115200.0
2020-07-30,15.591124534606934,17.729999542236328,17.860000610351562,17.450000762939453,17.860000610351562,394800.0
2020-07-31,15.468011856079102,17.59000015258789,17.799999237060547,17.420000076293945,17.68000030517578,369100.0
2020-08-03,15.705439567565918,17.860000610351562,17.920000076293945,17.729999542236328,17.799999237060547,211800.0
2020-08-04,15.94286823272705,18.1299991607666,18.1299991607666,17.8700008392334,17.899999618530273,189100.0
2020-08-05,16.127534866333008,18.34000015258789,18.469999313354492,18.309999465942383,18.34000015258789,294400.0
2020-08-06,15.986835479736328,18.18000030517578,18.25,18.010000228881836,18.190000534057617,205300.0
2020-08-07,15.766996383666992,17.93000030517578,18.09000015258789,17.829999923706055,17.969999313354492,101100.0
2020-08-10,15.916488647460938,18.100000381469727,18.139999389648438,18.0,18.06999969482422,62600.0
2020-08-11,15.916488647460938,18.100000381469727,18.3700008392334,18.049999237060547,18.299999237060547,199900.0
2020-08-12,16.15391731262207,18.3700008392334,18.440000534057617,18.280000686645508,18.3700008392334,254800.0
2020-08-13,16.215471267700195,18.440000534057617,18.649999618530273,18.389999389648438,18.559999465942383,163400.0
2020-08-14,16.312198638916016,18.549999237060547,18.59000015258789,18.40999984741211,18.40999984741211,172600.0
2020-08-17,16.382549285888672,18.6299991607666,18.700000762939453,18.549999237060547,18.549999237060547,95400.0
2020-08-18,16.426515579223633,18.68000030517578,18.809999465942383,18.579999923706055,18.760000228881836,138800.0
2020-08-19,16.03959846496582,18.239999771118164,18.639999389648438,18.200000762939453,18.579999923706055,136500.0
2020-08-20,16.1715030670166,18.389999389648438,18.420000076293945,18.100000381469727,18.15999984741211,96900.0
2020-08-21,15.846138000488281,18.020000457763672,18.059999465942383,17.950000762939453,18.059999465942383,214600.0
2020-08-24,16.048391342163086,18.25,18.360000610351562,18.229999542236328,18.360000610351562,50600.0
2020-08-25,16.022010803222656,18.219999313354492,18.329999923706055,18.079999923706055,18.280000686645508,55900.0
2020-08-26,16.13632583618164,18.350000381469727,18.360000610351562,18.049999237060547,18.1200008392334,141000.0
2020-08-27,16.022010803222656,18.219999313354492,18.43000030517578,18.149999618530273,18.43000030517578,156700.0
2020-08-28,16.241853713989258,18.469999313354492,18.5,18.34000015258789,18.420000076293945,97800.0
2020-08-31,15.95166015625,18.139999389648438,18.260000228881836,18.059999465942383,18.219999313354492,930000.0
2020-09-01,15.723026275634766,17.8799991607666,18.1299991607666,17.84000015258789,18.1299991607666,140400.0
2020-09-02,15.661474227905273,17.809999465942383,17.850000381469727,17.65999984741211,17.799999237060547,109100.0
2020-09-03,15.292140007019043,17.389999389648438,17.75,17.299999237060547,17.75,280500.0
2020-09-04,15.30972671508789,17.40999984741211,17.530000686645508,17.15999984741211,17.3700008392334,173500.0
2020-09-08,14.878837585449219,16.920000076293945,17.110000610351562,16.850000381469727,17.030000686645508,180600.0
2020-09-09,15.406455993652344,17.520000457763672,17.59000015258789,17.350000381469727,17.399999618530273,125200.0
2020-09-10,15.15143871307373,17.229999542236328,17.670000076293945,17.190000534057617,17.600000381469727,198800.0
2020-09-11,15.292140007019043,17.389999389648438,17.540000915527344,17.309999465942383,17.489999771118164,54600.0
2020-09-14,15.344902038574219,17.450000762939453,17.579999923706055,17.440000534057617,17.520000457763672,72000.0
2020-09-15,15.133853912353516,17.209999084472656,17.31999969482422,17.190000534057617,17.31999969482422,69500.0
2020-09-16,14.966774940490723,17.020000457763672,17.280000686645508,17.010000228881836,17.149999618530273,69800.0
2020-09-17,15.256963729858398,17.350000381469727,17.3700008392334,17.010000228881836,17.010000228881836,584500.0
2020-09-18,15.037123680114746,17.100000381469727,17.200000762939453,17.059999465942383,17.139999389648438,43600.0
2020-09-21,14.571061134338379,16.56999969482422,16.670000076293945,16.399999618530273,16.670000076293945,303300.0
2020-09-22,14.527092933654785,16.520000457763672,16.610000610351562,16.3700008392334,16.610000610351562,52300.0
2020-09-23,14.166553497314453,16.110000610351562,16.40999984741211,16.06999969482422,16.399999618530273,113100.0
2020-09-24,13.973092079162598,15.890000343322754,16.040000915527344,15.739999771118164,15.819999694824219,589000.0
2020-09-25,14.061029434204102,15.989999771118164,16.06999969482422,15.819999694824219,15.850000381469727,341800.0
2020-09-28,14.474328994750977,16.459999084472656,16.479999542236328,16.34000015258789,16.420000076293945,59500.0
2020-09-29,14.667790412902832,16.68000030517578,16.729999542236328,16.59000015258789,16.610000610351562,78200.0
2020-09-30,14.474328994750977,16.459999084472656,16.600000381469727,16.43000030517578,16.489999771118164,127800.0
2020-10-01,14.685378074645996,16.700000762939453,16.729999542236328,16.459999084472656,16.6299991607666,64100.0
2020-10-02,14.395188331604004,16.3700008392334,16.56999969482422,16.309999465942383,16.309999465942383,792300.0
2020-10-05,14.940393447875977,16.989999771118164,17.010000228881836,16.850000381469727,16.850000381469727,197400.0
2020-10-06,14.905219078063965,16.950000762939453,17.110000610351562,16.940000534057617,17.06999969482422,169700.0
2020-10-07,14.966774940490723,17.020000457763672,17.09000015258789,16.860000610351562,16.90999984741211,42900.0
2020-10-08,14.808490753173828,16.84000015258789,16.850000381469727,16.729999542236328,16.850000381469727,384800.0
2020-10-09,14.729347229003906,16.75,16.799999237060547,16.6200008392334,16.700000762939453,126100.0
2020-10-12,14.579854011535645,16.579999923706055,16.610000610351562,16.479999542236328,16.520000457763672,186900.0
2020-10-13,14.351219177246094,16.31999969482422,16.329999923706055,16.15999984741211,16.280000686645508,634900.0
2020-10-14,14.272077560424805,16.229999542236328,16.469999313354492,16.229999542236328,16.31999969482422,74600.0
2020-10-15,13.682904243469238,15.5600004196167,15.630000114440918,15.479999542236328,15.579999923706055,129500.0
2020-10-16,13.823601722717285,15.720000267028809,15.8100004196167,15.619999885559082,15.680000305175781,151700.0
2020-10-19,13.647729873657227,15.520000457763672,15.6899995803833,15.510000228881836,15.6899995803833,74300.0
2020-10-20,13.867569923400879,15.770000457763672,15.819999694824219,15.600000381469727,15.600000381469727,145400.0
2020-10-21,13.674108505249023,15.550000190734863,15.649999618530273,15.5,15.539999961853027,260800.0
2020-10-22,13.656522750854492,15.529999732971191,15.630000114440918,15.510000228881836,15.600000381469727,79000.0
2020-10-23,13.735664367675781,15.619999885559082,15.619999885559082,15.420000076293945,15.529999732971191,236500.0
2020-10-26,13.419095039367676,15.260000228881836,15.350000381469727,15.180000305175781,15.289999961853027,169400.0
2020-10-27,13.322362899780273,15.149999618530273,15.25,15.0600004196167,15.25,74100.0
2020-10-28,12.451793670654297,14.15999984741211,14.470000267028809,14.140000343322754,14.470000267028809,140900.0
2020-10-29,12.47817325592041,14.1899995803833,14.229999542236328,14.010000228881836,14.09000015258789,153500.0
2020-10-30,12.240745544433594,13.920000076293945,13.960000038146973,13.720000267028809,13.899999618530273,239600.0
2020-11-02,12.557318687438965,14.279999732971191,14.3100004196167,14.170000076293945,14.279999732971191,194100.0
2020-11-03,13.507030487060547,15.359999656677246,15.40999984741211,14.979999542236328,15.029999732971191,555600.0
2020-11-04,13.559793472290039,15.420000076293945,15.520000457763672,14.979999542236328,15.020000457763672,512800.0
2020-11-05,14.008267402648926,15.930000305175781,16.0,15.779999732971191,15.9399995803833,74600.0
2020-11-06,14.254488945007324,16.209999084472656,16.270000457763672,15.920000076293945,15.920000076293945,83800.0
2020-11-09,14.790901184082031,16.81999969482422,17.18000030517578,16.770000457763672,17.139999389648438,138000.0
2020-11-10,14.931600570678711,16.979999542236328,17.209999084472656,16.950000762939453,17.079999923706055,125500.0
2020-11-11,15.063502311706543,17.1299991607666,17.15999984741211,16.969999313354492,17.06999969482422,114200.0
2020-11-12,14.782109260559082,16.809999465942383,17.059999465942383,16.780000686645508,16.979999542236328,595400.0
2020-11-13,14.817282676696777,16.850000381469727,16.860000610351562,16.760000228881836,16.829999923706055,162800.0
2020-11-16,15.177821159362793,17.260000228881836,17.309999465942383,17.15999984741211,17.25,245800.0
2020-11-17,15.195409774780273,17.280000686645508,17.309999465942383,17.1200008392334,17.18000030517578,83100.0
2020-11-18,15.300934791564941,17.399999618530273,17.540000915527344,17.34000015258789,17.3799991607666,84600.0
2020-11-19,15.186616897583008,17.270000457763672,17.309999465942383,17.170000076293945,17.229999542236328,52400.0
2020-11-20,15.42404556274414,17.540000915527344,17.579999923706055,17.40999984741211,17.40999984741211,218300.0
2020-11-23,15.36248779296875,17.469999313354492,17.690000534057617,17.469999313354492,17.690000534057617,78500.0
2020-11-24,15.731820106506348,17.889999389648438,17.90999984741211,17.6299991607666,17.639999389648438,94300.0
2020-11-25,15.828553199768066,18.0,18.0,17.90999984741211,17.959999084472656,266100.0
2020-11-27,15.696647644042969,17.850000381469727,17.920000076293945,17.780000686645508,17.8799991607666,114700.0
2020-11-30,15.388869285583496,17.5,17.860000610351562,17.469999313354492,17.799999237060547,137800.0
2020-12-01,15.934074401855469,18.1200008392334,18.139999389648438,17.860000610351562,17.899999618530273,188800.0
2020-12-02,16.241853713989258,18.469999313354492,18.5,18.100000381469727,18.100000381469727,125000.0
2020-12-03,16.23305892944336,18.459999084472656,18.6299991607666,18.420000076293945,18.489999771118164,140600.0
2020-12-04,16.778263092041016,19.079999923706055,19.139999389648438,18.809999465942383,18.809999465942383,715700.0
2020-12-07,16.85740852355957,19.170000076293945,19.18000030517578,19.049999237060547,19.06999969482422,443300.0
2020-12-08,17.077247619628906,19.420000076293945,19.459999084472656,19.15999984741211,19.200000762939453,318600.0
2020-12-09,17.156389236450195,19.510000228881836,19.969999313354492,19.3799991607666,19.93000030517578,626300.0
2020-12-10,17.30588150024414,19.68000030517578,19.719999313354492,19.450000762939453,19.450000762939453,187900.0
2020-12-11,16.866201400756836,19.18000030517578,19.25,19.0,19.049999237060547,546500.0
2020-12-14,16.768085479736328,18.969999313354492,19.040000915527344,18.8700008392334,19.010000228881836,400800.0
2020-12-15,16.900676727294922,19.1200008392334,19.190000534057617,18.989999771118164,19.040000915527344,851100.0
2020-12-16,17.26308250427246,19.530000686645508,19.600000381469727,19.40999984741211,19.5,166100.0
2020-12-17,17.25424575805664,19.520000457763672,19.530000686645508,19.280000686645508,19.40999984741211,211000.0
2020-12-18,16.891834259033203,19.110000610351562,19.190000534057617,19.0,19.1200008392334,344400.0
2020-12-21,16.361478805541992,18.510000228881836,18.610000610351562,18.350000381469727,18.450000762939453,305200.0
2020-12-22,16.476390838623047,18.639999389648438,18.690000534057617,18.520000457763672,18.6200008392334,188300.0
2020-12-23,16.723886489868164,18.920000076293945,18.969999313354492,18.8700008392334,18.8700008392334,234400.0
2020-12-24,16.768085479736328,18.969999313354492,19.010000228881836,18.889999389648438,18.989999771118164,154800.0
2020-12-28,17.25424575805664,19.520000457763672,19.59000015258789,19.43000030517578,19.440000534057617,142000.0
2020-12-29,17.333799362182617,19.610000610351562,19.700000762939453,19.3799991607666,19.559999465942383,203600.0
2020-12-30,16.953710556030273,19.18000030517578,19.34000015258789,19.139999389648438,19.209999084472656,233100.0
2020-12-31,16.812280654907227,19.020000457763672,19.15999984741211,18.90999984741211,19.139999389648438,170400.0
2021-01-04,17.095136642456055,19.34000015258789,19.709999084472656,19.329999923706055,19.649999618530273,176300.0
2021-01-05,17.48406410217285,19.780000686645508,19.799999237060547,19.579999923706055,19.6299991607666,143000.0
2021-01-06,17.793439865112305,20.1299991607666,20.270000457763672,19.75,19.75,212700.0
2021-01-07,17.96138572692871,20.31999969482422,20.3700008392334,20.219999313354492,20.260000228881836,147400.0
2021-01-08,18.09397315979004,20.469999313354492,20.610000610351562,20.290000915527344,20.540000915527344,247500.0
2021-01-11,17.775760650634766,20.110000610351562,20.190000534057617,19.959999084472656,20.020000457763672,237800.0
2021-01-12,17.6254940032959,19.940000534057617,19.940000534057617,19.639999389648438,19.790000915527344,1472500.0
2021-01-13,17.271923065185547,19.540000915527344,19.729999542236328,19.510000228881836,19.639999389648438,252000.0
2021-01-14,17.395673751831055,19.68000030517578,19.760000228881836,19.600000381469727,19.600000381469727,161300.0
2021-01-15,16.97138786315918,19.200000762939453,19.469999313354492,19.100000381469727,19.399999618530273,865600.0
2021-01-19,17.024425506591797,19.260000228881836,19.610000610351562,19.229999542236328,19.56999969482422,309800.0
2021-01-20,17.103975296020508,19.350000381469727,19.43000030517578,19.18000030517578,19.309999465942383,121600.0
2021-01-21,16.900676727294922,19.1200008392334,19.290000915527344,18.950000762939453,19.239999771118164,437900.0
2021-01-22,16.92719268798828,19.149999618530273,19.239999771118164,19.010000228881836,19.040000915527344,225300.0
2021-01-25,16.79460334777832,19.0,19.049999237060547,18.780000686645508,18.920000076293945,353400.0
2021-01-26,17.024425506591797,19.260000228881836,19.31999969482422,19.059999465942383,19.059999465942383,227400.0
2021-01-27,16.414514541625977,18.56999969482422,18.809999465942383,18.459999084472656,18.739999771118164,254900.0
2021-01-28,16.944869995117188,19.170000076293945,19.299999237060547,18.950000762939453,19.020000457763672,237400.0
2021-01-29,16.591299057006836,18.770000457763672,19.100000381469727,18.760000228881836,19.100000381469727,491300.0
2021-02-01,16.92719268798828,19.149999618530273,19.260000228881836,19.079999923706055,19.170000076293945,332800.0
2021-02-02,16.918352127075195,19.139999389648438,19.209999084472656,19.049999237060547,19.200000762939453,363100.0
2021-02-03,16.732728958129883,18.93000030517578,19.049999237060547,18.8799991607666,18.979999542236328,311200.0
2021-02-04,16.600135803222656,18.780000686645508,18.899999618530273,18.649999618530273,18.8700008392334,313300.0
2021-02-05,16.9360294342041,19.15999984741211,19.25,18.979999542236328,19.06999969482422,403800.0
2021-02-08,16.92719268798828,19.149999618530273,19.299999237060547,19.079999923706055,19.200000762939453,207000.0
2021-02-09,17.024425506591797,19.260000228881836,19.309999465942383,19.1200008392334,19.200000762939453,192700.0
2021-02-10,16.79460334777832,19.0,19.280000686645508,18.969999313354492,19.270000457763672,113600.0
2021-02-11,17.01558494567871,19.25,19.399999618530273,19.219999313354492,19.299999237060547,105900.0
2021-02-12,16.92719268798828,19.149999618530273,19.200000762939453,18.940000534057617,19.0,105500.0
2021-02-16,17.528263092041016,19.829999923706055,19.940000534057617,19.760000228881836,19.770000457763672,194300.0
2021-02-17,17.431028366088867,19.719999313354492,19.739999771118164,19.520000457763672,19.610000610351562,170900.0
2021-02-18,17.377994537353516,19.65999984741211,19.84000015258789,19.520000457763672,19.719999313354492,152300.0
2021-02-19,17.439868927001953,19.729999542236328,19.829999923706055,19.65999984741211,19.719999313354492,90000.0
2021-02-22,17.165851593017578,19.420000076293945,19.56999969482422,19.420000076293945,19.489999771118164,90700.0
2021-02-23,16.900676727294922,19.1200008392334,19.219999313354492,18.790000915527344,18.93000030517578,132500.0
2021-02-24,17.103975296020508,19.350000381469727,19.350000381469727,19.059999465942383,19.1299991607666,622500.0
2021-02-25,16.723886489868164,18.920000076293945,19.489999771118164,18.8799991607666,19.3799991607666,226300.0
2021-02-26,16.502906799316406,18.670000076293945,18.899999618530273,18.649999618530273,18.8799991607666,198500.0
2021-03-01,16.874156951904297,19.09000015258789,19.1200008392334,18.899999618530273,18.93000030517578,112100.0
2021-03-02,16.909513473510742,19.1299991607666,19.270000457763672,19.06999969482422,19.200000762939453,111000.0
2021-03-03,16.71504783630371,18.90999984741211,19.079999923706055,18.850000381469727,19.0,171600.0
2021-03-04,16.449872970581055,18.610000610351562,19.030000686645508,18.510000228881836,18.84000015258789,215400.0
2021-03-05,16.370319366455078,18.520000457763672,18.610000610351562,18.3700008392334,18.579999923706055,173700.0
2021-03-08,16.40567398071289,18.559999465942383,18.68000030517578,18.450000762939453,18.540000915527344,211500.0
2021-03-09,16.812280654907227,19.020000457763672,19.079999923706055,18.8799991607666,18.940000534057617,153200.0
2021-03-10,16.88299560546875,19.100000381469727,19.219999313354492,18.979999542236328,19.200000762939453,144700.0
2021-03-11,16.85647964477539,19.06999969482422,19.100000381469727,18.93000030517578,19.049999237060547,93600.0
2021-03-12,16.98906707763672,19.219999313354492,19.229999542236328,19.030000686645508,19.06999969482422,88600.0
2021-03-15,16.953710556030273,19.18000030517578,19.190000534057617,19.049999237060547,19.110000610351562,40000.0
2021-03-16,16.582462310791016,18.760000228881836,19.049999237060547,18.700000762939453,19.049999237060547,79600.0
2021-03-17,16.458711624145508,18.6200008392334,18.75,18.110000610351562,18.200000762939453,141500.0
2021-03-18,16.211210250854492,18.34000015258789,18.579999923706055,18.329999923706055,18.440000534057617,65100.0
2021-03-19,16.24656867980957,18.3799991607666,18.40999984741211,18.25,18.309999465942383,65000.0
2021-03-22,16.26424789428711,18.399999618530273,18.479999542236328,18.329999923706055,18.399999618530273,64000.0
2021-03-23,15.866480827331543,17.950000762939453,18.239999771118164,17.940000534057617,18.100000381469727,951300.0
2021-03-24,15.6366605758667,17.690000534057617,17.850000381469727,17.65999984741211,17.760000228881836,192200.0
2021-03-25,15.583623886108398,17.6299991607666,17.649999618530273,17.399999618530273,17.5,1026700.0
2021-03-26,16.105140686035156,18.219999313354492,18.25,17.739999771118164,17.780000686645508,242900.0
2021-03-29,16.034425735473633,18.139999389648438,18.18000030517578,18.030000686645508,18.09000015258789,92600.0
2021-03-30,15.88415813446045,17.969999313354492,18.100000381469727,17.899999618530273,17.989999771118164,66500.0
2021-03-31,15.999068260192871,18.100000381469727,18.149999618530273,17.969999313354492,18.0,131900.0
2021-04-01,16.414514541625977,18.56999969482422,18.59000015258789,18.329999923706055,18.34000015258789,162200.0
2021-04-05,16.555940628051758,18.729999542236328,18.809999465942383,18.530000686645508,18.639999389648438,308800.0
2021-04-06,16.909513473510742,19.1299991607666,19.15999984741211,18.920000076293945,18.920000076293945,183400.0
2021-04-07,16.900676727294922,19.1200008392334,19.1299991607666,18.969999313354492,19.040000915527344,94500.0
2021-04-08,16.86531639099121,19.079999923706055,19.190000534057617,19.010000228881836,19.06999969482422,73600.0
2021-04-09,16.96255111694336,19.190000534057617,19.190000534057617,18.950000762939453,19.020000457763672,105500.0
2021-04-12,17.042102813720703,19.280000686645508,19.290000915527344,19.139999389648438,19.18000030517578,105500.0
2021-04-13,16.92719268798828,19.149999618530273,19.18000030517578,19.06999969482422,19.110000610351562,94200.0
2021-04-14,17.21888542175293,19.479999542236328,19.59000015258789,19.350000381469727,19.350000381469727,121500.0
2021-04-15,17.404512405395508,19.690000534057617,19.700000762939453,19.420000076293945,19.459999084472656,109000.0
2021-04-16,17.404512405395508,19.690000534057617,19.690000534057617,19.559999465942383,19.559999465942383,89400.0
2021-04-19,17.2365665435791,19.5,19.75,19.459999084472656,19.690000534057617,460800.0
2021-04-20,17.148176193237305,19.399999618530273,19.489999771118164,19.360000610351562,19.440000534057617,135900.0
2021-04-21,17.165851593017578,19.420000076293945,19.420000076293945,19.1200008392334,19.200000762939453,83900.0
2021-04-22,17.042102813720703,19.280000686645508,19.440000534057617,19.200000762939453,19.420000076293945,101600.0
2021-04-23,17.201210021972656,19.459999084472656,19.479999542236328,19.170000076293945,19.229999542236328,60200.0
2021-04-26,17.360315322875977,19.639999389648438,19.649999618530273,19.399999618530273,19.420000076293945,1004100.0
2021-04-27,17.289602279663086,19.559999465942383,19.600000381469727,19.450000762939453,19.559999465942383,41200.0
2021-04-28,17.60781478881836,19.920000076293945,19.969999313354492,19.579999923706055,19.690000534057617,140700.0
2021-04-29,17.970224380493164,20.329999923706055,20.34000015258789,20.110000610351562,20.110000610351562,113700.0
2021-04-30,17.53710174560547,19.84000015258789,20.149999618530273,19.719999313354492,20.059999465942383,107900.0
2021-05-03,17.78460121154785,20.1200008392334,20.149999618530273,19.739999771118164,20.0,173700.0
2021-05-04,17.316120147705078,19.59000015258789,19.770000457763672,19.3799991607666,19.719999313354492,135000.0
2021-05-05,17.66084861755371,19.979999542236328,19.979999542236328,19.780000686645508,19.850000381469727,75500.0
2021-05-06,17.81111717224121,20.149999618530273,20.149999618530273,19.889999389648438,20.09000015258789,137800.0
2021-05-07,18.350313186645508,20.760000228881836,20.780000686645508,20.299999237060547,20.3799991607666,144800.0
2021-05-10,18.297279357910156,20.700000762939453,21.049999237060547,20.700000762939453,21.020000457763672,74400.0
2021-05-11,18.53593635559082,20.969999313354492,21.030000686645508,20.559999465942383,20.6299991607666,96800.0
2021-05-12,17.996742248535156,20.360000610351562,20.65999984741211,20.270000457763672,20.549999237060547,127400.0
2021-05-13,18.17352867126465,20.559999465942383,20.639999389648438,20.34000015258789,20.350000381469727,143300.0
2021-05-14,18.465225219726562,20.889999389648438,20.889999389648438,20.520000457763672,20.6200008392334,49000.0
2021-05-17,18.615489959716797,21.059999465942383,21.09000015258789,20.8700008392334,20.920000076293945,42100.0
2021-05-18,18.8276309967041,21.299999237060547,21.329999923706055,21.1299991607666,21.229999542236328,290300.0
2021-05-19,18.65968894958496,21.110000610351562,21.200000762939453,20.940000534057617,21.030000686645508,57500.0
2021-05-20,19.022096633911133,21.520000457763672,21.540000915527344,21.170000076293945,21.25,68200.0
2021-05-21,18.83647346496582,21.309999465942383,21.5,21.219999313354492,21.479999542236328,136900.0
2021-05-24,19.013259887695312,21.510000228881836,21.559999465942383,21.40999984741211,21.489999771118164,126600.0
2021-05-25,19.27843475341797,21.809999465942383,21.81999969482422,21.549999237060547,21.600000381469727,65100.0
2021-05-26,19.27843475341797,21.809999465942383,21.8700008392334,21.68000030517578,21.75,81200.0
2021-05-27,19.552453994750977,22.1200008392334,22.15999984741211,21.940000534057617,22.0,80400.0
2021-05-28,19.923702239990234,22.540000915527344,22.56999969482422,22.1299991607666,22.309999465942383,97400.0
2021-06-01,20.082809448242188,22.719999313354492,22.809999465942383,22.6200008392334,22.690000534057617,205100.0
2021-06-02,20.206560134887695,22.860000610351562,22.889999389648438,22.719999313354492,22.780000686645508,198500.0
2021-06-03,19.99441909790039,22.6200008392334,22.760000228881836,22.540000915527344,22.760000228881836,145900.0
2021-06-04,20.206560134887695,22.860000610351562,23.0,22.549999237060547,22.8799991607666,217300.0
2021-06-07,20.16236114501953,22.809999465942383,22.979999542236328,22.700000762939453,22.90999984741211,117900.0
2021-06-08,20.038612365722656,22.670000076293945,22.709999084472656,22.559999465942383,22.709999084472656,79500.0
2021-06-09,19.82646942138672,22.43000030517578,22.670000076293945,22.3700008392334,22.639999389648438,160200.0
2021-06-10,20.084394454956055,22.65999984741211,22.65999984741211,22.450000762939453,22.450000762939453,91200.0
2021-06-11,19.56145668029785,22.06999969482422,22.450000762939453,21.969999313354492,22.350000381469727,1089300.0
2021-06-14,19.658952713012695,22.18000030517578,22.3700008392334,22.110000610351562,22.229999542236328,286300.0
2021-06-15,19.570322036743164,22.079999923706055,22.15999984741211,21.93000030517578,22.110000610351562,185200.0
2021-06-16,19.268964767456055,21.739999771118164,22.270000457763672,21.65999984741211,22.100000381469727,156300.0
2021-06-17,18.941022872924805,21.3700008392334,21.709999084472656,21.229999542236328,21.510000228881836,76600.0
2021-06-18,18.932157516479492,21.360000610351562,21.43000030517578,21.229999542236328,21.31999969482422,129600.0
2021-06-21,19.260099411010742,21.729999542236328,21.75,21.399999618530273,21.399999618530273,118300.0
2021-06-22,19.35759925842285,21.84000015258789,21.899999618530273,21.610000610351562,21.709999084472656,73700.0
2021-06-23,19.286691665649414,21.760000228881836,22.040000915527344,21.670000076293945,21.84000015258789,105000.0
2021-06-24,19.74758529663086,22.280000686645508,22.280000686645508,22.06999969482422,22.139999389648438,61600.0
2021-06-25,19.853946685791016,22.399999618530273,22.40999984741211,22.260000228881836,22.3700008392334,110900.0
2021-06-28,19.81849479675293,22.360000610351562,22.5,22.299999237060547,22.399999618530273,1710000.0
2021-06-29,19.552593231201172,22.059999465942383,22.079999923706055,21.920000076293945,21.969999313354492,164400.0
2021-06-30,19.02965545654297,21.469999313354492,21.639999389648438,21.360000610351562,21.600000381469727,170600.0
2021-07-01,19.38418960571289,21.8700008392334,21.8700008392334,21.670000076293945,21.700000762939453,174400.0
2021-07-02,19.437368392944336,21.93000030517578,21.93000030517578,21.719999313354492,21.860000610351562,94400.0
2021-07-06,19.10055923461914,21.549999237060547,21.920000076293945,21.5,21.920000076293945,208200.0
2021-07-07,19.490549087524414,21.989999771118164,22.059999465942383,21.790000915527344,21.93000030517578,74000.0
2021-07-08,19.162607192993164,21.6200008392334,21.68000030517578,21.479999542236328,21.520000457763672,38600.0
2021-07-09,19.348735809326172,21.829999923706055,21.84000015258789,21.649999618530273,21.780000686645508,530700.0
2021-07-12,19.33100700378418,21.809999465942383,21.809999465942383,21.6200008392334,21.690000534057617,428300.0
2021-07-13,19.144878387451172,21.600000381469727,21.719999313354492,21.56999969482422,21.600000381469727,74500.0
2021-07-14,19.260099411010742,21.729999542236328,21.790000915527344,21.6299991607666,21.719999313354492,146000.0
2021-07-15,19.12714958190918,21.579999923706055,21.670000076293945,21.510000228881836,21.510000228881836,76300.0
2021-07-16,19.091697692871094,21.540000915527344,21.6299991607666,21.459999084472656,21.59000015258789,294700.0
2021-07-19,18.533302307128906,20.90999984741211,21.049999237060547,20.81999969482422,21.049999237060547,178300.0
2021-07-20,18.613075256347656,21.0,21.020000457763672,20.719999313354492,20.799999237060547,141500.0
2021-07-21,19.082834243774414,21.530000686645508,21.530000686645508,21.290000915527344,21.290000915527344,64200.0
2021-07-22,18.97647476196289,21.40999984741211,21.56999969482422,21.260000228881836,21.56999969482422,79500.0
2021-07-23,19.00306510925293,21.440000534057617,21.440000534057617,21.260000228881836,21.420000076293945,106500.0
2021-07-26,19.02965545654297,21.469999313354492,21.469999313354492,21.290000915527344,21.329999923706055,174200.0
2021-07-27,18.83466148376465,21.25,21.309999465942383,21.09000015258789,21.25,136900.0
2021-07-28,19.0739688873291,21.520000457763672,21.579999923706055,21.239999771118164,21.350000381469727,78800.0
2021-07-29,19.393051147460938,21.8799991607666,21.940000534057617,21.770000457763672,21.790000915527344,70900.0
2021-07-30,19.322145462036133,21.799999237060547,21.850000381469727,21.68000030517578,21.68000030517578,86200.0
2021-08-02,19.375328063964844,21.860000610351562,21.989999771118164,21.799999237060547,21.899999618530273,111800.0
2021-08-03,19.410778045654297,21.899999618530273,21.959999084472656,21.739999771118164,21.959999084472656,36800.0
2021-08-04,19.481685638427734,21.979999542236328,22.15999984741211,21.8700008392334,22.079999923706055,77900.0
2021-08-05,19.54372787475586,22.049999237060547,22.110000610351562,22.0,22.010000228881836,81700.0
2021-08-06,19.286691665649414,21.760000228881836,21.899999618530273,21.739999771118164,21.899999618530273,37000.0
2021-08-09,19.339872360229492,21.81999969482422,21.899999618530273,21.770000457763672,21.829999923706055,91800.0
2021-08-10,19.313282012939453,21.790000915527344,21.829999923706055,21.700000762939453,21.760000228881836,56400.0
2021-08-11,19.410778045654297,21.899999618530273,21.90999984741211,21.760000228881836,21.809999465942383,42600.0
2021-08-12,19.534870147705078,22.040000915527344,22.059999465942383,21.850000381469727,21.8700008392334,53500.0
2021-08-13,19.720996856689453,22.25,22.270000457763672,21.959999084472656,22.020000457763672,91600.0
2021-08-16,19.676677703857422,22.200000762939453,22.209999084472656,22.020000457763672,22.079999923706055,76800.0
2021-08-17,19.534870147705078,22.040000915527344,22.09000015258789,21.920000076293945,22.020000457763672,19800.0
2021-08-18,19.286691665649414,21.760000228881836,22.040000915527344,21.75,21.889999389648438,268400.0
2021-08-19,19.047380447387695,21.489999771118164,21.59000015258789,21.3700008392334,21.43000030517578,90700.0
2021-08-20,19.144878387451172,21.600000381469727,21.600000381469727,21.3700008392334,21.40999984741211,78100.0
2021-08-23,19.455095291137695,21.950000762939453,22.040000915527344,21.809999465942383,21.84000015258789,88000.0
2021-08-24,19.534870147705078,22.040000915527344,22.059999465942383,21.899999618530273,21.899999618530273,55200.0
2021-08-25,19.74758529663086,22.280000686645508,22.299999237060547,22.1299991607666,22.139999389648438,94300.0
2021-08-26,19.650089263916016,22.170000076293945,22.329999923706055,22.1299991607666,22.280000686645508,58200.0
2021-08-27,19.80963134765625,22.350000381469727,22.40999984741211,22.110000610351562,22.110000610351562,37300.0
2021-08-30,20.084394454956055,22.65999984741211,22.65999984741211,22.5,22.5,65300.0
2021-08-31,20.474382400512695,23.100000381469727,23.139999389648438,22.969999313354492,23.0,95700.0
2021-09-01,20.678239822387695,23.329999923706055,23.40999984741211,23.219999313354492,23.229999542236328,152000.0
2021-09-02,20.713695526123047,23.3700008392334,23.459999084472656,23.260000228881836,23.290000915527344,75700.0
2021-09-03,20.766874313354492,23.43000030517578,23.479999542236328,23.31999969482422,23.34000015258789,111800.0
2021-09-07,20.85550880432129,23.530000686645508,23.549999237060547,23.399999618530273,23.399999618530273,47500.0
2021-09-08,20.4566593170166,23.079999923706055,23.239999771118164,23.079999923706055,23.200000762939453,218300.0
2021-09-09,20.314842224121094,22.920000076293945,23.06999969482422,22.889999389648438,22.989999771118164,108100.0
2021-09-10,20.3857479095459,23.0,23.149999618530273,22.969999313354492,23.149999618530273,124600.0
2021-09-13,20.62506103515625,23.270000457763672,23.280000686645508,23.09000015258789,23.139999389648438,113400.0
2021-09-14,20.784603118896484,23.450000762939453,23.520000457763672,23.350000381469727,23.420000076293945,154800.0
2021-09-15,20.66937828063965,23.31999969482422,23.31999969482422,23.139999389648438,23.219999313354492,168700.0
2021-09-16,20.474382400512695,23.100000381469727,23.100000381469727,22.850000381469727,22.989999771118164,238400.0
2021-09-17,20.057804107666016,22.6299991607666,22.940000534057617,22.520000457763672,22.889999389648438,128800.0
2021-09-20,19.38418960571289,21.8700008392334,21.979999542236328,21.6200008392334,21.979999542236328,179500.0
2021-09-21,19.36646270751953,21.850000381469727,21.969999313354492,21.81999969482422,21.920000076293945,226200.0
2021-09-22,19.845083236694336,22.389999389648438,22.5,22.209999084472656,22.239999771118164,187800.0
2021-09-23,19.81849479675293,22.360000610351562,22.489999771118164,22.31999969482422,22.43000030517578,90500.0
2021-09-24,19.658952713012695,22.18000030517578,22.239999771118164,22.1200008392334,22.1200008392334,72500.0
2021-09-27,19.632362365722656,22.149999618530273,22.18000030517578,22.040000915527344,22.09000015258789,191500.0
2021-09-28,19.15374183654785,21.610000610351562,21.8700008392334,21.540000915527344,21.8700008392334,188000.0
2021-09-29,19.091697692871094,21.540000915527344,21.760000228881836,21.510000228881836,21.75,165400.0
2021-09-30,19.42850685119629,21.920000076293945,22.059999465942383,21.790000915527344,21.979999542236328,123200.0
2021-10-01,19.942581176757812,22.5,22.5,22.219999313354492,22.31999969482422,176100.0
2021-10-04,19.951446533203125,22.510000228881836,22.760000228881836,22.3799991607666,22.760000228881836,250500.0
2021-10-05,20.031213760375977,22.600000381469727,22.6200008392334,22.459999084472656,22.479999542236328,98100.0
2021-10-06,20.217344284057617,22.809999465942383,22.84000015258789,22.579999923706055,22.579999923706055,79100.0
2021-10-07,20.119848251342773,22.700000762939453,22.81999969482422,22.649999618530273,22.770000457763672,55700.0
2021-10-08,20.39461326599121,23.010000228881836,23.049999237060547,22.8799991607666,22.93000030517578,182900.0
2021-10-11,20.74028205871582,23.399999618530273,23.540000915527344,23.34000015258789,23.360000610351562,145400.0
2021-10-12,20.935279846191406,23.6200008392334,23.760000228881836,23.5,23.5,113200.0
2021-10-13,20.890960693359375,23.56999969482422,23.65999984741211,23.40999984741211,23.530000686645508,137500.0
2021-10-14,21.130273818969727,23.84000015258789,23.860000610351562,23.6299991607666,23.68000030517578,375500.0
2021-10-15,21.156864166259766,23.8700008392334,23.899999618530273,23.6200008392334,23.639999389648438,1273000.0
2021-10-18,21.02391242980957,23.719999313354492,23.84000015258789,23.709999084472656,23.799999237060547,268100.0
2021-10-19,21.094816207885742,23.799999237060547,23.829999923706055,23.719999313354492,23.75,127900.0
2021-10-20,21.032773971557617,23.729999542236328,23.75,23.540000915527344,23.59000015258789,98900.0
2021-10-21,20.846643447875977,23.520000457763672,23.549999237060547,23.420000076293945,23.450000762939453,583600.0
2021-10-22,20.74028205871582,23.399999618530273,23.530000686645508,23.260000228881836,23.489999771118164,460400.0
2021-10-25,20.766874313354492,23.43000030517578,23.459999084472656,23.309999465942383,23.389999389648438,336700.0
2021-10-26,20.704830169677734,23.360000610351562,23.510000228881836,23.309999465942383,23.510000228881836,373000.0
2021-10-27,20.509836196899414,23.139999389648438,23.25,23.09000015258789,23.149999618530273,306400.0
2021-10-28,20.695968627929688,23.350000381469727,23.350000381469727,23.200000762939453,23.219999313354492,165400.0
2021-10-29,20.61619758605957,23.260000228881836,23.309999465942383,23.1299991607666,23.25,306700.0
2021-11-01,20.704830169677734,23.360000610351562,23.40999984741211,23.190000534057617,23.229999542236328,180300.0
2021-11-02,20.642789840698242,23.290000915527344,23.34000015258789,23.1299991607666,23.309999465942383,252500.0
2021-11-03,20.60733413696289,23.25,23.479999542236328,23.020000457763672,23.290000915527344,174200.0
2021-11-04,20.82891845703125,23.5,23.610000610351562,23.3799991607666,23.579999923706055,598600.0
2021-11-05,20.899824142456055,23.579999923706055,23.6200008392334,23.479999542236328,23.559999465942383,135200.0
2021-11-08,20.846643447875977,23.520000457763672,23.56999969482422,23.459999084472656,23.5,116800.0
2021-11-09,20.651647567749023,23.299999237060547,23.3799991607666,23.18000030517578,23.3700008392334,204400.0
2021-11-10,20.137575149536133,22.719999313354492,22.90999984741211,22.690000534057617,22.8700008392334,860100.0
2021-11-11,20.146434783935547,22.729999542236328,22.790000915527344,22.670000076293945,22.719999313354492,314300.0
2021-11-12,20.02235221862793,22.59000015258789,22.65999984741211,22.530000686645508,22.579999923706055,206700.0
2021-11-15,19.614635467529297,22.1299991607666,22.530000686645508,22.1200008392334,22.5,504500.0
2021-11-16,19.472820281982422,21.969999313354492,22.1299991607666,21.959999084472656,22.100000381469727,320500.0
2021-11-17,19.304418563842773,21.780000686645508,21.829999923706055,21.670000076293945,21.829999923706055,221800.0
2021-11-18,18.78148078918457,21.190000534057617,21.329999923706055,21.1299991607666,21.309999465942383,631500.0
2021-11-19,18.391490936279297,20.75,20.860000610351562,20.690000534057617,20.790000915527344,778800.0
2021-11-22,18.249675750732422,20.59000015258789,20.81999969482422,20.56999969482422,20.700000762939453,209700.0
2021-11-23,18.488990783691406,20.860000610351562,20.8700008392334,20.719999313354492,20.719999313354492,193400.0
2021-11-24,18.32058334350586,20.670000076293945,20.709999084472656,20.530000686645508,20.56999969482422,293500.0
2021-11-26,17.5317440032959,19.780000686645508,20.0,19.700000762939453,19.969999313354492,306000.0
2021-11-29,17.664695739746094,19.93000030517578,20.100000381469727,19.889999389648438,20.020000457763672,514200.0
2021-11-30,18.116727828979492,20.440000534057617,20.59000015258789,20.280000686645508,20.450000762939453,1502800.0
2021-12-01,18.258543014526367,20.600000381469727,21.020000457763672,20.600000381469727,20.670000076293945,1848400.0
2021-12-02,18.62194061279297,21.010000228881836,21.09000015258789,20.760000228881836,20.8700008392334,440200.0
2021-12-03,18.400354385375977,20.760000228881836,21.0,20.639999389648438,21.0,258700.0
2021-12-06,18.480125427246094,20.850000381469727,20.8700008392334,20.709999084472656,20.770000457763672,277900.0
2021-12-07,18.763751983642578,21.170000076293945,21.18000030517578,20.959999084472656,20.959999084472656,991100.0
2021-12-08,18.728300094604492,21.1299991607666,21.18000030517578,21.030000686645508,21.149999618530273,133000.0
2021-12-09,18.435810089111328,20.799999237060547,20.8700008392334,20.75,20.809999465942383,144500.0
2021-12-10,18.497852325439453,20.8700008392334,20.899999618530273,20.760000228881836,20.81999969482422,529500.0
2021-12-13,18.281978607177734,20.40999984741211,20.549999237060547,20.3799991607666,20.530000686645508,194500.0
2021-12-14,18.281978607177734,20.40999984741211,20.520000457763672,20.31999969482422,20.360000610351562,110600.0
2021-12-15,18.031173706054688,20.1299991607666,20.1299991607666,19.809999465942383,20.040000915527344,169900.0
2021-12-16,18.246150970458984,20.3700008392334,20.459999084472656,20.270000457763672,20.450000762939453,169900.0
2021-12-17,17.941600799560547,20.030000686645508,20.260000228881836,19.989999771118164,20.260000228881836,107500.0
2021-12-20,18.147619247436523,20.260000228881836,20.260000228881836,20.030000686645508,20.030000686645508,192200.0
2021-12-21,18.228235244750977,20.350000381469727,20.3700008392334,20.15999984741211,20.15999984741211,219200.0
2021-12-22,18.371551513671875,20.510000228881836,20.510000228881836,20.200000762939453,20.280000686645508,125600.0
2021-12-23,18.416339874267578,20.559999465942383,20.6200008392334,20.420000076293945,20.489999771118164,89400.0
2021-12-27,18.541744232177734,20.700000762939453,20.729999542236328,20.59000015258789,20.59000015258789,66600.0
2021-12-28,18.711933135986328,20.889999389648438,20.93000030517578,20.829999923706055,20.829999923706055,57200.0
2021-12-29,18.864206314086914,21.059999465942383,21.1200008392334,20.93000030517578,20.950000762939453,56300.0
2021-12-30,18.846294403076172,21.040000915527344,21.09000015258789,20.969999313354492,21.0,86700.0
2021-12-31,18.864206314086914,21.059999465942383,21.18000030517578,20.989999771118164,21.049999237060547,74200.0
2022-01-03,19.150840759277344,21.3799991607666,21.389999389648438,21.290000915527344,21.3700008392334,103700.0
2022-01-04,19.258331298828125,21.5,21.56999969482422,21.43000030517578,21.469999313354492,97400.0
2022-01-05,19.150840759277344,21.3799991607666,21.649999618530273,21.329999923706055,21.549999237060547,93500.0
2022-01-06,19.159799575805664,21.389999389648438,21.56999969482422,21.3799991607666,21.40999984741211,163800.0
2022-01-07,19.661413192749023,21.950000762939453,21.989999771118164,21.639999389648438,21.700000762939453,90500.0
2022-01-10,19.527053833007812,21.799999237060547,21.81999969482422,21.59000015258789,21.75,139400.0
2022-01-11,20.136152267456055,22.479999542236328,22.489999771118164,21.989999771118164,21.989999771118164,435900.0
2022-01-12,20.700468063354492,23.110000610351562,23.1200008392334,22.670000076293945,22.670000076293945,130100.0
2022-01-13,20.431745529174805,22.809999465942383,23.049999237060547,22.809999465942383,23.020000457763672,365500.0
2022-01-14,20.333215713500977,22.700000762939453,22.729999542236328,22.530000686645508,22.6200008392334,197900.0
2022-01-18,19.679325103759766,21.969999313354492,22.1200008392334,21.809999465942383,22.059999465942383,530800.0
2022-01-19,19.661413192749023,21.950000762939453,22.079999923706055,21.950000762939453,22.020000457763672,180400.0
2022-01-20,19.365821838378906,21.6200008392334,21.969999313354492,21.59000015258789,21.81999969482422,197400.0
2022-01-21,19.070228576660156,21.290000915527344,21.5,21.280000686645508,21.420000076293945,148300.0
2022-01-24,18.20136260986328,20.31999969482422,20.479999542236328,19.84000015258789,20.3700008392334,978000.0
2022-01-25,18.228235244750977,20.350000381469727,20.479999542236328,20.040000915527344,20.270000457763672,754800.0
2022-01-26,18.335721969604492,20.469999313354492,20.850000381469727,20.3799991607666,20.790000915527344,191200.0
2022-01-27,18.264062881469727,20.389999389648438,20.700000762939453,20.350000381469727,20.65999984741211,603700.0
2022-01-28,18.129701614379883,20.239999771118164,20.239999771118164,19.920000076293945,20.209999084472656,192400.0
2022-01-31,18.389467239379883,20.530000686645508,20.549999237060547,20.200000762939453,20.25,785100.0
2022-02-01,18.64027214050293,20.809999465942383,20.81999969482422,20.59000015258789,20.739999771118164,136500.0
2022-02-02,19.007526397705078,21.219999313354492,21.280000686645508,21.06999969482422,21.229999542236328,105600.0
2022-02-03,18.998567581176758,21.209999084472656,21.360000610351562,21.190000534057617,21.239999771118164,204600.0
2022-02-04,18.64923095703125,20.81999969482422,20.959999084472656,20.719999313354492,20.959999084472656,117800.0
2022-02-07,18.65818977355957,20.829999923706055,20.920000076293945,20.75,20.81999969482422,148600.0
2022-02-08,19.115013122558594,21.34000015258789,21.350000381469727,20.8799991607666,21.040000915527344,85700.0
2022-02-09,19.365821838378906,21.6200008392334,21.6200008392334,21.420000076293945,21.440000534057617,63900.0
2022-02-10,18.926910400390625,21.1299991607666,21.479999542236328,21.09000015258789,21.149999618530273,101600.0
2022-02-11,18.192405700683594,20.309999465942383,21.06999969482422,20.209999084472656,20.899999618530273,134900.0
2022-02-14,18.040128707885742,20.139999389648438,20.420000076293945,19.979999542236328,20.329999923706055,240800.0
2022-02-15,19.02543830871582,21.239999771118164,21.239999771118164,20.989999771118164,21.0,678600.0
2022-02-16,19.141887664794922,21.3700008392334,21.399999618530273,21.049999237060547,21.049999237060547,161800.0
2022-02-17,18.434253692626953,20.579999923706055,20.8700008392334,20.520000457763672,20.850000381469727,501500.0
2022-02-18,18.129701614379883,20.239999771118164,20.469999313354492,20.149999618530273,20.3799991607666,261400.0
2022-02-22,17.493730545043945,19.530000686645508,19.81999969482422,19.309999465942383,19.68000030517578,945100.0
2022-02-23,17.001073837280273,18.979999542236328,19.559999465942383,18.920000076293945,19.559999465942383,598800.0
2022-02-24,15.675385475158691,17.5,17.579999923706055,16.219999313354492,16.5,1320900.0
2022-02-25,16.526336669921875,18.450000762939453,18.469999313354492,18.030000686645508,18.100000381469727,390400.0
2022-02-28,16.042638778686523,17.90999984741211,18.239999771118164,17.68000030517578,18.06999969482422,336700.0
2022-03-01,15.388751029968262,17.18000030517578,17.979999542236328,16.920000076293945,17.920000076293945,632800.0
2022-03-02,16.185956954956055,18.06999969482422,18.15999984741211,17.649999618530273,17.760000228881836,184500.0
2022-03-03,15.379792213439941,17.170000076293945,17.8799991607666,17.079999923706055,17.8799991607666,436600.0
2022-03-04,14.466142654418945,16.149999618530273,16.59000015258789,15.90999984741211,16.5,372800.0
2022-03-07,13.767468452453613,15.369999885559082,16.100000381469727,15.329999923706055,16.049999237060547,402800.0
2022-03-08,14.528841972351074,16.219999313354492,16.719999313354492,15.789999961853027,16.239999771118164,630500.0
2022-03-09,15.532068252563477,17.34000015258789,17.6200008392334,16.979999542236328,17.280000686645508,347900.0
2022-03-10,15.218560218811035,16.989999771118164,17.18000030517578,16.8799991607666,17.0,340800.0
2022-03-11,15.335006713867188,17.1200008392334,17.600000381469727,17.1200008392334,17.559999465942383,205400.0
2022-03-14,15.25439167022705,17.030000686645508,17.3799991607666,16.8799991607666,17.350000381469727,132100.0
2022-03-15,15.809745788574219,17.649999618530273,17.649999618530273,17.15999984741211,17.360000610351562,155800.0
2022-03-16,16.499465942382812,18.420000076293945,18.469999313354492,17.920000076293945,17.93000030517578,212100.0
2022-03-17,16.99211883544922,18.969999313354492,19.049999237060547,18.43000030517578,18.530000686645508,151800.0
2022-03-18,16.678611755371094,18.6200008392334,18.649999618530273,18.299999237060547,18.579999923706055,144500.0
2022-03-21,16.517379760742188,18.440000534057617,18.670000076293945,18.31999969482422,18.600000381469727,122400.0
2022-03-22,16.866716384887695,18.829999923706055,18.889999389648438,18.600000381469727,18.649999618530273,270000.0
2022-03-23,16.481550216674805,18.399999618530273,18.600000381469727,18.399999618530273,18.5,118000.0
2022-03-24,16.723398208618164,18.670000076293945,18.760000228881836,18.389999389648438,18.5,83300.0
2022-03-25,16.669654846191406,18.610000610351562,18.649999618530273,18.360000610351562,18.40999984741211,157400.0
2022-03-28,16.866716384887695,18.829999923706055,18.850000381469727,18.549999237060547,18.649999618530273,657700.0
2022-03-29,17.62809181213379,19.68000030517578,19.68000030517578,19.40999984741211,19.489999771118164,808200.0
2022-03-30,17.67287826538086,19.729999542236328,19.81999969482422,19.469999313354492,19.510000228881836,688000.0
2022-03-31,17.0279483795166,19.010000228881836,19.510000228881836,19.0,19.389999389648438,440300.0
2022-04-01,17.36832618713379,19.389999389648438,19.420000076293945,19.209999084472656,19.290000915527344,197500.0
2022-04-04,17.260839462280273,19.270000457763672,19.3700008392334,19.239999771118164,19.290000915527344,370100.0
2022-04-05,16.75027084350586,18.700000762939453,19.1299991607666,18.65999984741211,19.1299991607666,317600.0
2022-04-06,16.526336669921875,18.450000762939453,18.700000762939453,18.350000381469727,18.65999984741211,462800.0
2022-04-07,16.54425048828125,18.469999313354492,18.65999984741211,18.260000228881836,18.540000915527344,174200.0
2022-04-08,16.409889221191406,18.31999969482422,18.440000534057617,18.260000228881836,18.3700008392334,232500.0
2022-04-11,16.571123123168945,18.5,18.65999984741211,18.3799991607666,18.3799991607666,165400.0
2022-04-12,16.36510467529297,18.270000457763672,18.579999923706055,18.229999542236328,18.540000915527344,126100.0
2022-04-13,16.68756675720215,18.6299991607666,18.639999389648438,18.290000915527344,18.309999465942383,116200.0
2022-04-14,16.490507125854492,18.40999984741211,18.420000076293945,18.15999984741211,18.350000381469727,75100.0
2022-04-18,16.40093231201172,18.309999465942383,18.420000076293945,18.200000762939453,18.329999923706055,122500.0
2022-04-19,16.35614585876465,18.260000228881836,18.280000686645508,18.010000228881836,18.06999969482422,146900.0
2022-04-20,16.221786499023438,18.110000610351562,18.350000381469727,18.049999237060547,18.280000686645508,131700.0
2022-04-21,15.881404876708984,17.729999542236328,18.3700008392334,17.700000762939453,18.25,161800.0
2022-04-22,15.532068252563477,17.34000015258789,17.75,17.309999465942383,17.649999618530273,144700.0
2022-04-25,15.2902193069458,17.06999969482422,17.1200008392334,16.780000686645508,16.989999771118164,411000.0
2022-04-26,14.48405647277832,16.170000076293945,16.8799991607666,16.149999618530273,16.84000015258789,392400.0
2022-04-27,14.340740203857422,16.010000228881836,16.170000076293945,15.899999618530273,16.059999465942383,214900.0
2022-04-28,14.573631286621094,16.270000457763672,16.280000686645508,15.970000267028809,16.190000534057617,693800.0
2022-04-29,14.134718894958496,15.779999732971191,16.190000534057617,15.770000457763672,16.100000381469727,135300.0
2022-05-02,14.09889030456543,15.739999771118164,15.739999771118164,15.510000228881836,15.6899995803833,154800.0
2022-05-03,14.107848167419434,15.75,15.819999694824219,15.65999984741211,15.770000457763672,70900.0
2022-05-04,14.48405647277832,16.170000076293945,16.209999084472656,15.600000381469727,15.680000305175781,146500.0
2022-05-05,13.552492141723633,15.130000114440918,15.680000305175781,14.989999771118164,15.630000114440918,405000.0
2022-05-06,13.534575462341309,15.109999656677246,15.300000190734863,14.859999656677246,15.010000228881836,157200.0
2022-05-09,13.373345375061035,14.930000305175781,15.170000076293945,14.859999656677246,15.039999961853027,195900.0
2022-05-10,13.319600105285645,14.869999885559082,15.130000114440918,14.75,15.0600004196167,141100.0
2022-05-11,13.068792343139648,14.59000015258789,15.100000381469727,14.5600004196167,14.930000305175781,148300.0
2022-05-12,12.782157897949219,14.270000457763672,14.539999961853027,14.149999618530273,14.399999618530273,259500.0
2022-05-13,13.471874237060547,15.039999961853027,15.079999923706055,14.720000267028809,14.75,138600.0
2022-05-16,13.606234550476074,15.1899995803833,15.270000457763672,15.0,15.039999961853027,189400.0
2022-05-17,14.080975532531738,15.720000267028809,15.739999771118164,15.529999732971191,15.619999885559082,165800.0
2022-05-18,13.677894592285156,15.270000457763672,15.779999732971191,15.260000228881836,15.710000038146973,146600.0
2022-05-19,13.955572128295898,15.579999923706055,15.680000305175781,15.329999923706055,15.329999923706055,121500.0
2022-05-20,13.955572128295898,15.579999923706055,15.75,15.279999732971191,15.720000267028809,437200.0
2022-05-23,14.591546058654785,16.290000915527344,16.360000610351562,16.0,16.0,421500.0
2022-05-24,14.681118965148926,16.389999389648438,16.440000534057617,16.229999542236328,16.350000381469727,127500.0
2022-05-25,14.475099563598633,16.15999984741211,16.200000762939453,15.930000305175781,16.079999923706055,166700.0
2022-05-26,14.6990327835083,16.40999984741211,16.450000762939453,16.170000076293945,16.25,100300.0
2022-05-27,14.725907325744629,16.440000534057617,16.469999313354492,16.299999237060547,16.350000381469727,120800.0
2022-05-31,14.788607597351074,16.510000228881836,16.75,16.5,16.600000381469727,128400.0
2022-06-01,14.519885063171387,16.209999084472656,16.639999389648438,16.110000610351562,16.600000381469727,122300.0
2022-06-02,14.99462604522705,16.739999771118164,16.75,16.3700008392334,16.399999618530273,106600.0
2022-06-03,14.546758651733398,16.239999771118164,16.520000457763672,16.190000534057617,16.360000610351562,76300.0
2022-06-06,14.645289421081543,16.350000381469727,16.6200008392334,16.270000457763672,16.469999313354492,591000.0
2022-06-07,14.743819236755371,16.459999084472656,16.510000228881836,16.239999771118164,16.270000457763672,94700.0
2022-06-08,14.403440475463867,16.079999923706055,16.239999771118164,16.010000228881836,16.190000534057617,153500.0
2022-06-09,13.952513694763184,15.4399995803833,15.84000015258789,15.390000343322754,15.8100004196167,253300.0
2022-06-10,13.609123229980469,15.0600004196167,15.15999984741211,14.949999809265137,15.109999656677246,258100.0
2022-06-13,13.021743774414062,14.40999984741211,14.5600004196167,14.34000015258789,14.4399995803833,279900.0
2022-06-14,13.085000991821289,14.479999542236328,14.569999694824219,14.34000015258789,14.489999771118164,144600.0
2022-06-15,13.247659683227539,14.65999984741211,14.75,14.319999694824219,14.380000114440918,71700.0
2022-06-16,12.723536491394043,14.079999923706055,14.199999809265137,13.899999618530273,14.109999656677246,305400.0
2022-06-17,13.121148109436035,14.520000457763672,14.630000114440918,14.390000343322754,14.449999809265137,217600.0
2022-06-21,13.455501556396484,14.890000343322754,15.109999656677246,14.859999656677246,14.899999618530273,126100.0
2022-06-22,13.094038009643555,14.489999771118164,14.609999656677246,14.4399995803833,14.449999809265137,126000.0
2022-06-23,12.813902854919434,14.180000305175781,14.380000114440918,14.039999961853027,14.34000015258789,114500.0
2022-06-24,13.166330337524414,14.569999694824219,14.640000343322754,14.359999656677246,14.359999656677246,106800.0
2022-06-27,13.338025093078613,14.760000228881836,14.880000114440918,14.6899995803833,14.8100004196167,140200.0
2022-06-28,13.283806800842285,14.699999809265137,15.0600004196167,14.59000015258789,14.930000305175781,166500.0
2022-06-29,13.319952011108398,14.739999771118164,14.869999885559082,14.65999984741211,14.710000038146973,55100.0
2022-06-30,13.220550537109375,14.630000114440918,14.6899995803833,14.34000015258789,14.479999542236328,66200.0
2022-07-01,13.157293319702148,14.5600004196167,14.579999923706055,14.300000190734863,14.430000305175781,146800.0
2022-07-05,12.380146026611328,13.699999809265137,13.760000228881836,13.4399995803833,13.630000114440918,211300.0
2022-07-06,12.280743598937988,13.59000015258789,13.630000114440918,13.430000305175781,13.5,47500.0
2022-07-07,12.542803764343262,13.880000114440918,14.020000457763672,13.779999732971191,13.859999656677246,118400.0
2022-07-08,12.750646591186523,14.109999656677246,14.170000076293945,13.960000038146973,14.050000190734863,49000.0
2022-07-11,12.389181137084961,13.710000038146973,13.800000190734863,13.630000114440918,13.65999984741211,68400.0
2022-07-12,11.919278144836426,13.1899995803833,13.430000305175781,13.180000305175781,13.420000076293945,86200.0
2022-07-13,11.964462280273438,13.239999771118164,13.270000457763672,13.020000457763672,13.029999732971191,35200.0
2022-07-14,11.765657424926758,13.020000457763672,13.029999732971191,12.720000267028809,12.920000076293945,111900.0
2022-07-15,11.892168045043945,13.15999984741211,13.1899995803833,13.010000228881836,13.109999656677246,80400.0
2022-07-18,12.145193099975586,13.4399995803833,13.649999618530273,13.399999618530273,13.430000305175781,64900.0
2022-07-19,12.587986946105957,13.930000305175781,13.9399995803833,13.649999618530273,13.720000267028809,119000.0
2022-07-20,12.533767700195312,13.869999885559082,13.930000305175781,13.720000267028809,13.850000381469727,288700.0
2022-07-21,12.524730682373047,13.859999656677246,13.90999984741211,13.720000267028809,13.760000228881836,31700.0
2022-07-22,12.624134063720703,13.970000267028809,14.1899995803833,13.949999809265137,14.069999694824219,56900.0
2022-07-25,12.687390327453613,14.039999961853027,14.239999771118164,14.0,14.140000343322754,269200.0
2022-07-26,12.262669563293457,13.569999694824219,13.720000267028809,13.5,13.670000076293945,408100.0
2022-07-27,12.434365272521973,13.760000228881836,13.770000457763672,13.399999618530273,13.510000228881836,278300.0
2022-07-28,12.578950881958008,13.920000076293945,13.9399995803833,13.5600004196167,13.729999542236328,128900.0
2022-07-29,13.021743774414062,14.40999984741211,14.489999771118164,14.020000457763672,14.0600004196167,217300.0
2022-08-01,13.139220237731934,14.539999961853027,14.619999885559082,14.350000381469727,14.390000343322754,135700.0
2022-08-02,12.741610527038574,14.100000381469727,14.479999542236328,14.079999923706055,14.430000305175781,504800.0
2022-08-03,12.91330623626709,14.289999961853027,14.289999961853027,14.119999885559082,14.170000076293945,133600.0
2022-08-04,12.804866790771484,14.170000076293945,14.289999961853027,14.020000457763672,14.289999961853027,253200.0
2022-08-05,12.615097045898438,13.960000038146973,13.989999771118164,13.8100004196167,13.869999885559082,73100.0
2022-08-08,12.859085083007812,14.229999542236328,14.289999961853027,14.180000305175781,14.199999809265137,132400.0
2022-08-09,12.777756690979004,14.140000343322754,14.289999961853027,14.119999885559082,14.229999542236328,35200.0
2022-08-10,13.157293319702148,14.5600004196167,14.600000381469727,14.34000015258789,14.380000114440918,256700.0
2022-08-11,13.22958755493164,14.640000343322754,14.760000228881836,14.619999885559082,14.670000076293945,117300.0
2022-08-12,13.473573684692383,14.90999984741211,14.90999984741211,14.710000038146973,14.739999771118164,131800.0
2022-08-15,13.22958755493164,14.640000343322754,14.710000038146973,14.579999923706055,14.670000076293945,673200.0
2022-08-16,13.220550537109375,14.630000114440918,14.710000038146973,14.520000457763672,14.539999961853027,270900.0
2022-08-17,12.759682655334473,14.119999885559082,14.220000267028809,14.020000457763672,14.100000381469727,75200.0
2022-08-18,12.660280227661133,14.010000228881836,14.119999885559082,13.949999809265137,14.100000381469727,50100.0
2022-08-19,12.371108055114746,13.6899995803833,13.890000343322754,13.630000114440918,13.859999656677246,80300.0
2022-08-22,11.901206016540527,13.170000076293945,13.319999694824219,13.119999885559082,13.300000190734863,234400.0
2022-08-23,12.036754608154297,13.319999694824219,13.460000038146973,13.239999771118164,13.239999771118164,128200.0
2022-08-24,11.801803588867188,13.0600004196167,13.109999656677246,12.949999809265137,13.039999961853027,90100.0
2022-08-25,11.991571426391602,13.270000457763672,13.270000457763672,13.100000381469727,13.119999885559082,186700.0
2022-08-26,11.621070861816406,12.859999656677246,13.210000038146973,12.850000381469727,13.210000038146973,189200.0
2022-08-29,11.630106925964355,12.869999885559082,12.930000305175781,12.779999732971191,12.800000190734863,129700.0
2022-08-30,11.368045806884766,12.579999923706055,12.779999732971191,12.539999961853027,12.770000457763672,212500.0
2022-08-31,11.340935707092285,12.550000190734863,12.710000038146973,12.529999732971191,12.579999923706055,122900.0
2022-09-01,10.997544288635254,12.170000076293945,12.239999771118164,11.970000267028809,12.239999771118164,378500.0
2022-09-02,10.94332504272461,12.109999656677246,12.550000190734863,12.029999732971191,12.319999694824219,827600.0
2022-09-06,10.663190841674805,11.800000190734863,12.079999923706055,11.779999732971191,12.050000190734863,144100.0
2022-09-07,11.105984687805176,12.289999961853027,12.289999961853027,11.90999984741211,11.90999984741211,218800.0
2022-09-08,11.033692359924316,12.210000038146973,12.239999771118164,12.0,12.119999885559082,141800.0
2022-09-09,11.575887680053711,12.8100004196167,12.819999694824219,12.619999885559082,12.65999984741211,327300.0
2022-09-12,11.801803588867188,13.0600004196167,13.119999885559082,12.960000038146973,13.010000228881836,434900.0
2022-09-13,11.1873140335083,12.380000114440918,12.670000076293945,12.359999656677246,12.600000381469727,306700.0
2022-09-14,11.340935707092285,12.550000190734863,12.630000114440918,12.449999809265137,12.489999771118164,275900.0
2022-09-15,11.413228034973145,12.630000114440918,12.75,12.539999961853027,12.539999961853027,110300.0
2022-09-16,11.1873140335083,12.380000114440918,12.40999984741211,12.199999809265137,12.300000190734863,250300.0
2022-09-19,11.38611888885498,12.600000381469727,12.619999885559082,12.420000076293945,12.420000076293945,330700.0
2022-09-20,11.024654388427734,12.199999809265137,12.329999923706055,12.069999694824219,12.329999923706055,307500.0
2022-09-21,10.78066635131836,11.930000305175781,12.229999542236328,11.90999984741211,12.149999618530273,137200.0
2022-09-22,11.024654388427734,12.199999809265137,12.25,12.069999694824219,12.130000114440918,161000.0
2022-09-23,10.428238868713379,11.539999961853027,11.779999732971191,11.4399995803833,11.779999732971191,156000.0
2022-09-26,10.021592140197754,11.09000015258789,11.350000381469727,11.050000190734863,11.15999984741211,229500.0
2022-09-27,10.075811386108398,11.149999618530273,11.430000305175781,11.020000457763672,11.319999694824219,354300.0
2022-09-28,10.29269027709961,11.390000343322754,11.430000305175781,11.020000457763672,11.0600004196167,164400.0
2022-09-29,9.886042594909668,10.9399995803833,10.960000038146973,10.729999542236328,10.930000305175781,664700.0
2022-09-30,9.732420921325684,10.770000457763672,11.029999732971191,10.75,10.829999923706055,643000.0
2022-10-03,10.012556076049805,11.079999923706055,11.109999656677246,10.710000038146973,10.789999961853027,692200.0
2022-10-04,10.627044677734375,11.760000228881836,11.770000457763672,11.479999542236328,11.5,532500.0
2022-10-05,10.364982604980469,11.470000267028809,11.579999923706055,11.260000228881836,11.40999984741211,511900.0
2022-10-06,9.98544692993164,11.050000190734863,11.34000015258789,11.039999961853027,11.270000457763672,273200.0
2022-10-07,9.858932495117188,10.90999984741211,11.0600004196167,10.84000015258789,11.029999732971191,300700.0
2022-10-10,9.723383903503418,10.760000228881836,10.84000015258789,10.670000076293945,10.829999923706055,299700.0
2022-10-11,9.696274757385254,10.729999542236328,10.979999542236328,10.680000305175781,10.859999656677246,279600.0
2022-10-12,9.687238693237305,10.720000267028809,10.850000381469727,10.720000267028809,10.75,235300.0
2022-10-13,10.066774368286133,11.140000343322754,11.1899995803833,10.449999809265137,10.489999771118164,318900.0
2022-10-14,9.877007484436035,10.930000305175781,11.170000076293945,10.899999618530273,11.140000343322754,186200.0
2022-10-17,10.175214767456055,11.260000228881836,11.279999732971191,11.119999885559082,11.140000343322754,325300.0
2022-10-18,10.283653259277344,11.380000114440918,11.489999771118164,11.260000228881836,11.479999542236328,240700.0
2022-10-19,9.976408958435059,11.039999961853027,11.170000076293945,10.960000038146973,11.140000343322754,177400.0
2022-10-20,10.166177749633789,11.25,11.460000038146973,11.210000038146973,11.220000267028809,244200.0
2022-10-21,10.374019622802734,11.479999542236328,11.5,11.180000305175781,11.210000038146973,205100.0
2022-10-24,10.374019622802734,11.479999542236328,11.579999923706055,11.420000076293945,11.520000457763672,171900.0
2022-10-25,10.599934577941895,11.729999542236328,11.789999961853027,11.5,11.5,346500.0
2022-10-26,10.979471206665039,12.149999618530273,12.220000267028809,11.949999809265137,11.949999809265137,949400.0
2022-10-27,11.033692359924316,12.210000038146973,12.380000114440918,12.170000076293945,12.199999809265137,213500.0
2022-10-28,11.277679443359375,12.479999542236328,12.479999542236328,12.3100004196167,12.34000015258789,336300.0
2022-10-31,11.22346019744873,12.420000076293945,12.489999771118164,12.380000114440918,12.460000038146973,240400.0
2022-11-01,11.413228034973145,12.630000114440918,12.8100004196167,12.510000228881836,12.6899995803833,405800.0
2022-11-02,11.340935707092285,12.550000190734863,12.920000076293945,12.520000457763672,12.729999542236328,749900.0
2022-11-03,11.32286262512207,12.529999732971191,12.59000015258789,12.34000015258789,12.350000381469727,377500.0
2022-11-04,12.00060749053955,13.279999732971191,13.289999961853027,13.0,13.029999732971191,589600.0
2022-11-07,12.10904598236084,13.399999618530273,13.449999809265137,13.199999809265137,13.289999961853027,360700.0
2022-11-08,12.262669563293457,13.569999694824219,13.65999984741211,13.359999656677246,13.399999618530273,613800.0
2022-11-09,12.090973854064941,13.380000114440918,13.649999618530273,13.380000114440918,13.539999961853027,477700.0
2022-11-10,12.841012001037598,14.210000038146973,14.25,13.920000076293945,14.029999732971191,520400.0
2022-11-11,13.247659683227539,14.65999984741211,14.6899995803833,14.260000228881836,14.380000114440918,786900.0
2022-11-14,13.130184173583984,14.529999732971191,14.770000457763672,14.5,14.680000305175781,1891800.0
2022-11-15,13.139220237731934,14.539999961853027,15.0,14.170000076293945,14.9399995803833,2123400.0
2022-11-16,13.319952011108398,14.739999771118164,14.819999694824219,14.65999984741211,14.75,799300.0
2022-11-17,13.139220237731934,14.539999961853027,14.579999923706055,14.359999656677246,14.40999984741211,580700.0
2022-11-18,13.066927909851074,14.460000038146973,14.550000190734863,14.329999923706055,14.550000190734863,268500.0
2022-11-21,12.859085083007812,14.229999542236328,14.300000190734863,14.140000343322754,14.270000457763672,573600.0
2022-11-22,13.184403419494629,14.59000015258789,14.59000015258789,14.430000305175781,14.479999542236328,415600.0
2022-11-23,13.220550537109375,14.630000114440918,14.640000343322754,14.4399995803833,14.510000228881836,182600.0
2022-11-25,13.53683090209961,14.979999542236328,15.039999961853027,14.880000114440918,14.890000343322754,711900.0
2022-11-28,13.26573371887207,14.680000305175781,14.960000038146973,14.630000114440918,14.899999618530273,691100.0
2022-11-29,13.356099128723145,14.779999732971191,14.869999885559082,14.680000305175781,14.760000228881836,595300.0
2022-11-30,13.627198219299316,15.079999923706055,15.109999656677246,14.699999809265137,15.0,623500.0
2022-12-01,13.798892974853516,15.270000457763672,15.319999694824219,15.119999885559082,15.199999809265137,338800.0
2022-12-02,13.63623332977295,15.09000015258789,15.140000343322754,14.920000076293945,14.979999542236328,386900.0
2022-12-05,13.49164867401123,14.930000305175781,15.239999771118164,14.890000343322754,15.149999618530273,441400.0
2022-12-06,13.446465492248535,14.880000114440918,15.010000228881836,14.800000190734863,14.949999809265137,357300.0
2022-12-07,13.509721755981445,14.949999809265137,15.029999732971191,14.869999885559082,15.020000457763672,274100.0
2022-12-08,13.52779483795166,14.970000267028809,15.029999732971191,14.84000015258789,14.890000343322754,211900.0
2022-12-09,13.473573684692383,14.90999984741211,15.020000457763672,14.850000381469727,14.90999984741211,413300.0
2022-12-12,13.78985595703125,15.260000228881836,15.270000457763672,15.079999923706055,15.149999618530273,253500.0
2022-12-13,14.073159217834473,15.300000190734863,15.460000038146973,15.15999984741211,15.380000114440918,300000.0
2022-12-14,14.054762840270996,15.279999732971191,15.420000076293945,15.170000076293945,15.319999694824219,93600.0
2022-12-15,13.760421752929688,14.960000038146973,15.100000381469727,14.880000114440918,15.100000381469727,738000.0
2022-12-16,13.714430809020996,14.90999984741211,14.989999771118164,14.8100004196167,14.90999984741211,357200.0
2022-12-19,13.613251686096191,14.800000190734863,14.989999771118164,14.800000190734863,14.949999809265137,207200.0
2022-12-20,13.92598819732666,15.140000343322754,15.199999809265137,14.979999542236328,14.979999542236328,183900.0
2022-12-21,14.19273567199707,15.430000305175781,15.460000038146973,15.3100004196167,15.359999656677246,232000.0
2022-12-22,14.229527473449707,15.470000267028809,15.510000228881836,15.279999732971191,15.449999809265137,137800.0
2022-12-23,14.201932907104492,15.4399995803833,15.449999809265137,15.300000190734863,15.399999618530273,293300.0
2022-12-27,13.971979141235352,15.1899995803833,15.25,15.079999923706055,15.15999984741211,189300.0
2022-12-28,13.843205451965332,15.050000190734863,15.300000190734863,15.050000190734863,15.210000038146973,192700.0
2022-12-29,14.321508407592773,15.569999694824219,15.600000381469727,15.369999885559082,15.390000343322754,218200.0
2022-12-30,14.220328330993652,15.460000038146973,15.569999694824219,15.420000076293945,15.550000190734863,312300.0
2023-01-03,14.441083908081055,15.699999809265137,15.899999618530273,15.579999923706055,15.800000190734863,831600.0
2023-01-04,14.919386863708496,16.219999313354492,16.25,15.960000038146973,16.059999465942383,883500.0
2023-01-05,14.661839485168457,15.9399995803833,16.010000228881836,15.880000114440918,16.010000228881836,427000.0
2023-01-06,15.103350639343262,16.420000076293945,16.43000030517578,15.850000381469727,15.960000038146973,156100.0
2023-01-09,15.149340629577637,16.469999313354492,16.6200008392334,16.43000030517578,16.459999084472656,531500.0
2023-01-10,15.563258171081543,16.920000076293945,16.920000076293945,16.6200008392334,16.6200008392334,330100.0
2023-01-11,15.434484481811523,16.780000686645508,16.790000915527344,16.6299991607666,16.790000915527344,393000.0
2023-01-12,15.609248161315918,16.969999313354492,17.010000228881836,16.670000076293945,16.93000030517578,434300.0
2023-01-13,15.572456359863281,16.93000030517578,16.940000534057617,16.729999542236328,16.739999771118164,333900.0
2023-01-17,15.259719848632812,16.59000015258789,16.75,16.56999969482422,16.75,274000.0
2023-01-18,15.05735969543457,16.3700008392334,16.84000015258789,16.3700008392334,16.780000686645508,401900.0
2023-01-19,15.158539772033691,16.479999542236328,16.510000228881836,16.309999465942383,16.350000381469727,156900.0
2023-01-20,15.34250259399414,16.68000030517578,16.68000030517578,16.3799991607666,16.440000534057617,207700.0
2023-01-23,15.572456359863281,16.93000030517578,16.940000534057617,16.719999313354492,16.729999542236328,172400.0
2023-01-24,15.434484481811523,16.780000686645508,16.829999923706055,16.68000030517578,16.760000228881836,157500.0
2023-01-25,15.34250259399414,16.68000030517578,16.68000030517578,16.420000076293945,16.489999771118164,160100.0
2023-01-26,15.47127628326416,16.81999969482422,16.829999923706055,16.610000610351562,16.68000030517578,190500.0
2023-01-27,15.397689819335938,16.739999771118164,16.799999237060547,16.59000015258789,16.739999771118164,367100.0
2023-01-30,14.992972373962402,16.299999237060547,16.510000228881836,16.280000686645508,16.459999084472656,358200.0
2023-01-31,15.397689819335938,16.739999771118164,16.770000457763672,16.530000686645508,16.579999923706055,358500.0
2023-02-01,15.425285339355469,16.770000457763672,16.850000381469727,16.399999618530273,16.549999237060547,632800.0
2023-02-02,15.434484481811523,16.780000686645508,16.979999542236328,16.670000076293945,16.899999618530273,895700.0
2023-02-03,15.094152450561523,16.40999984741211,16.690000534057617,16.389999389648438,16.56999969482422,491600.0
2023-02-06,14.625046730041504,15.899999618530273,16.1299991607666,15.859999656677246,16.100000381469727,864400.0
2023-02-07,14.753823280334473,16.040000915527344,16.100000381469727,15.6899995803833,15.739999771118164,289900.0
2023-02-08,14.80901050567627,16.100000381469727,16.209999084472656,16.040000915527344,16.15999984741211,317200.0
2023-02-09,14.781415939331055,16.06999969482422,16.350000381469727,16.020000457763672,16.299999237060547,242700.0
2023-02-10,14.468677520751953,15.729999542236328,15.770000457763672,15.640000343322754,15.720000267028809,239400.0
2023-02-13,14.505471229553223,15.770000457763672,15.779999732971191,15.569999694824219,15.600000381469727,306800.0
2023-02-14,14.661839485168457,15.9399995803833,15.960000038146973,15.670000076293945,15.729999542236328,1413700.0
2023-02-15,14.744624137878418,16.030000686645508,16.030000686645508,15.8100004196167,15.869999885559082,129100.0
2023-02-16,14.56985855102539,15.84000015258789,15.949999809265137,15.680000305175781,15.710000038146973,117200.0
2023-02-17,14.643444061279297,15.920000076293945,15.960000038146973,15.739999771118164,15.779999732971191,83700.0
2023-02-21,14.211130142211914,15.449999809265137,15.619999885559082,15.449999809265137,15.59000015258789,227600.0
2023-02-22,14.027168273925781,15.25,15.359999656677246,15.210000038146973,15.319999694824219,91900.0
2023-02-23,14.349103927612305,15.600000381469727,15.640000343322754,15.430000305175781,15.5,621300.0
2023-02-24,14.229527473449707,15.470000267028809,15.479999542236328,15.239999771118164,15.300000190734863,200600.0
2023-02-27,14.293913841247559,15.539999961853027,15.640000343322754,15.510000228881836,15.5600004196167,81300.0
2023-02-28,14.505471229553223,15.770000457763672,15.899999618530273,15.710000038146973,15.710000038146973,280400.0
2023-03-01,14.744624137878418,16.030000686645508,16.15999984741211,15.960000038146973,16.1200008392334,315200.0
2023-03-02,14.431885719299316,15.6899995803833,15.710000038146973,15.550000190734863,15.680000305175781,234600.0
2023-03-03,14.625046730041504,15.899999618530273,15.930000305175781,15.619999885559082,15.680000305175781,782900.0
2023-03-06,14.900992393493652,16.200000762939453,16.299999237060547,16.030000686645508,16.049999237060547,271500.0
2023-03-07,14.533066749572754,15.800000190734863,16.219999313354492,15.789999961853027,16.18000030517578,530200.0
2023-03-08,14.652641296386719,15.930000305175781,16.049999237060547,15.829999923706055,15.829999923706055,143000.0
2023-03-09,14.303112030029297,15.550000190734863,15.949999809265137,15.550000190734863,15.880000114440918,147900.0
2023-03-10,14.220328330993652,15.460000038146973,15.710000038146973,15.40999984741211,15.5600004196167,155200.0
2023-03-13,14.027168273925781,15.25,15.430000305175781,15.020000457763672,15.100000381469727,507800.0
2023-03-14,13.990375518798828,15.210000038146973,15.399999618530273,15.09000015258789,15.300000190734863,421100.0
2023-03-15,13.51207160949707,14.6899995803833,14.6899995803833,14.390000343322754,14.5,303800.0
2023-03-16,13.51207160949707,14.6899995803833,14.710000038146973,14.220000267028809,14.34000015258789,241400.0
2023-03-17,13.272920608520508,14.430000305175781,14.5600004196167,14.329999923706055,14.539999961853027,104000.0
2023-03-20,13.392496109008789,14.5600004196167,14.600000381469727,14.319999694824219,14.430000305175781,602000.0
2023-03-21,13.824808120727539,15.029999732971191,15.069999694824219,14.859999656677246,14.930000305175781,108500.0
2023-03-22,13.613251686096191,14.800000190734863,15.149999618530273,14.770000457763672,14.970000267028809,216500.0
2023-03-23,13.62244987487793,14.8100004196167,15.109999656677246,14.680000305175781,14.899999618530273,224600.0
2023-03-24,13.429288864135742,14.600000381469727,14.619999885559082,14.449999809265137,14.5600004196167,90600.0
2023-03-27,13.604053497314453,14.789999961853027,14.800000190734863,14.670000076293945,14.760000228881836,167500.0
2023-03-28,13.723628997802734,14.920000076293945,14.9399995803833,14.800000190734863,14.8100004196167,133600.0
2023-03-29,13.861601829528809,15.069999694824219,15.079999923706055,14.970000267028809,15.0,176500.0
2023-03-30,14.35830020904541,15.609999656677246,15.640000343322754,15.550000190734863,15.569999694824219,390800.0
2023-03-31,14.238725662231445,15.479999542236328,15.630000114440918,15.4399995803833,15.609999656677246,287400.0
2023-04-03,14.5238676071167,15.789999961853027,15.819999694824219,15.65999984741211,15.6899995803833,281900.0
2023-04-04,14.4962739944458,15.760000228881836,15.899999618530273,15.710000038146973,15.869999885559082,129700.0
2023-04-05,14.321508407592773,15.569999694824219,15.670000076293945,15.479999542236328,15.600000381469727,154600.0
2023-04-06,14.35830020904541,15.609999656677246,15.649999618530273,15.5,15.550000190734863,70800.0
2023-04-10,14.376697540283203,15.630000114440918,15.630000114440918,15.40999984741211,15.569999694824219,111200.0
2023-04-11,14.652641296386719,15.930000305175781,15.960000038146973,15.859999656677246,15.859999656677246,135600.0
2023-04-12,15.029765129089355,16.34000015258789,16.469999313354492,16.239999771118164,16.270000457763672,270600.0
2023-04-13,15.452878952026367,16.799999237060547,16.84000015258789,16.610000610351562,16.649999618530273,311900.0
2023-04-14,15.34250259399414,16.68000030517578,16.8799991607666,16.610000610351562,16.799999237060547,154500.0
2023-04-17,15.406889915466309,16.75,16.780000686645508,16.68000030517578,16.739999771118164,194300.0
2023-04-18,15.710429191589355,17.079999923706055,17.170000076293945,17.040000915527344,17.1299991607666,214100.0
2023-04-19,15.7012300491333,17.06999969482422,17.15999984741211,17.049999237060547,17.079999923706055,826400.0
2023-04-20,15.903589248657227,17.290000915527344,17.34000015258789,17.200000762939453,17.270000457763672,212000.0
2023-04-21,15.839200019836426,17.219999313354492,17.239999771118164,17.059999465942383,17.190000534057617,95500.0
2023-04-24,15.995570182800293,17.389999389648438,17.43000030517578,17.229999542236328,17.229999542236328,121900.0
2023-04-25,15.655241012573242,17.020000457763672,17.420000076293945,17.020000457763672,17.420000076293945,155500.0
2023-04-26,15.802410125732422,17.18000030517578,17.420000076293945,17.170000076293945,17.350000381469727,154600.0
2023-04-27,16.519861221313477,17.959999084472656,17.959999084472656,17.479999542236328,17.479999542236328,366000.0
2023-04-28,16.207128524780273,17.6200008392334,17.639999389648438,17.5,17.540000915527344,518100.0
2023-05-01,16.133544921875,17.540000915527344,17.6299991607666,17.489999771118164,17.6200008392334,324900.0
2023-05-02,16.133544921875,17.540000915527344,17.700000762939453,17.420000076293945,17.670000076293945,419400.0
2023-05-03,16.179533004760742,17.59000015258789,17.700000762939453,17.549999237060547,17.610000610351562,179000.0
2023-05-04,15.84839916229248,17.229999542236328,17.459999084472656,17.170000076293945,17.459999084472656,170700.0
2023-05-05,16.19793128967285,17.610000610351562,17.639999389648438,17.40999984741211,17.40999984741211,222900.0
2023-05-08,16.271516799926758,17.690000534057617,17.770000457763672,17.65999984741211,17.75,93000.0
2023-05-09,16.17033576965332,17.579999923706055,17.6200008392334,17.450000762939453,17.510000228881836,325700.0
2023-05-10,16.51066780090332,17.950000762939453,18.0,17.799999237060547,17.950000762939453,193400.0
2023-05-11,16.216327667236328,17.6299991607666,17.729999542236328,17.56999969482422,17.700000762939453,476900.0
2023-05-12,16.33590316772461,17.760000228881836,17.889999389648438,17.690000534057617,17.850000381469727,530100.0
2023-05-15,16.46467399597168,17.899999618530273,17.90999984741211,17.719999313354492,17.81999969482422,335400.0
2023-05-16,16.49226951599121,17.93000030517578,17.989999771118164,17.899999618530273,17.899999618530273,210200.0
2023-05-17,16.299108505249023,17.719999313354492,17.790000915527344,17.579999923706055,17.790000915527344,450700.0
2023-05-18,16.124345779418945,17.530000686645508,17.530000686645508,17.3799991607666,17.510000228881836,222800.0
2023-05-19,16.49226951599121,17.93000030517578,17.989999771118164,17.790000915527344,17.799999237060547,554300.0
2023-05-22,16.83260154724121,18.299999237060547,18.329999923706055,18.219999313354492,18.229999542236328,308900.0
2023-05-23,16.6854305267334,18.139999389648438,18.360000610351562,18.139999389648438,18.280000686645508,208100.0
2023-05-24,16.326704025268555,17.75,17.920000076293945,17.709999084472656,17.920000076293945,282800.0
2023-05-25,16.17033576965332,17.579999923706055,17.6299991607666,17.5,17.6200008392334,186500.0
2023-05-26,16.409486770629883,17.84000015258789,17.860000610351562,17.690000534057617,17.700000762939453,159500.0
2023-05-30,16.05076026916504,17.450000762939453,17.6299991607666,17.3700008392334,17.6200008392334,336300.0
2023-05-31,15.61844539642334,16.979999542236328,17.149999618530273,16.8700008392334,17.110000610351562,496300.0
2023-06-01,16.207128524780273,17.6200008392334,17.6299991607666,17.309999465942383,17.309999465942383,178900.0
2023-06-02,16.83260154724121,18.299999237060547,18.34000015258789,18.040000915527344,18.110000610351562,501500.0
2023-06-05,16.814205169677734,18.280000686645508,18.34000015258789,18.18000030517578,18.31999969482422,185500.0
2023-06-06,17.126941680908203,18.6200008392334,18.6200008392334,18.209999084472656,18.209999084472656,761500.0
2023-06-07,16.841798782348633,18.309999465942383,18.540000915527344,18.270000457763672,18.440000534057617,244000.0
2023-06-08,17.126941680908203,18.6200008392334,18.6200008392334,18.43000030517578,18.459999084472656,101000.0
2023-06-09,17.182130813598633,18.68000030517578,18.829999923706055,18.68000030517578,18.729999542236328,188300.0
2023-06-12,17.126941680908203,18.6200008392334,18.84000015258789,18.530000686645508,18.81999969482422,173100.0
2023-06-13,16.906185150146484,18.3799991607666,18.520000457763672,18.31999969482422,18.459999084472656,829700.0
2023-06-14,17.43048095703125,18.950000762939453,19.06999969482422,18.809999465942383,18.950000762939453,206000.0
2023-06-15,17.936378479003906,19.5,19.5,19.170000076293945,19.18000030517578,594200.0
2023-06-16,17.78000831604004,19.329999923706055,19.530000686645508,19.31999969482422,19.489999771118164,191100.0
2023-06-20,17.623640060424805,19.15999984741211,19.229999542236328,19.020000457763672,19.15999984741211,739300.0
2023-06-21,17.871992111206055,19.43000030517578,19.520000457763672,19.260000228881836,19.290000915527344,372000.0
2023-06-22,17.881189346313477,19.440000534057617,19.440000534057617,19.329999923706055,19.389999389648438,87200.0
2023-06-23,17.3660945892334,18.8799991607666,18.969999313354492,18.809999465942383,18.969999313354492,171600.0
2023-06-26,17.63283920288086,19.170000076293945,19.299999237060547,19.149999618530273,19.149999618530273,140700.0
2023-06-27,17.577651977539062,19.110000610351562,19.139999389648438,19.0,19.100000381469727,199300.0
2023-06-28,17.40288543701172,18.920000076293945,18.920000076293945,18.739999771118164,18.809999465942383,228100.0
2023-06-29,17.568452835083008,19.100000381469727,19.18000030517578,19.0,19.0,659100.0
2023-06-30,17.642038345336914,19.18000030517578,19.18000030517578,19.040000915527344,19.139999389648438,256700.0
2023-07-03,17.83519744873047,19.389999389648438,19.389999389648438,19.25,19.25,158400.0
2023-07-05,17.14533805847168,18.639999389648438,18.81999969482422,18.59000015258789,18.81999969482422,260600.0
2023-07-06,17.06255531311035,18.549999237060547,18.59000015258789,18.350000381469727,18.530000686645508,308400.0
2023-07-07,17.531661987304688,19.059999465942383,19.139999389648438,18.65999984741211,18.68000030517578,269900.0
2023-07-10,17.68802833557129,19.229999542236328,19.229999542236328,19.010000228881836,19.010000228881836,159100.0
2023-07-11,17.86279296875,19.420000076293945,19.420000076293945,19.209999084472656,19.280000686645508,450000.0
2023-07-12,18.57105255126953,20.190000534057617,20.190000534057617,19.8799991607666,19.8799991607666,214300.0
2023-07-13,18.736618041992188,20.3700008392334,20.450000762939453,20.219999313354492,20.350000381469727,201400.0
2023-07-14,18.71822166442871,20.350000381469727,20.520000457763672,20.34000015258789,20.459999084472656,130800.0
2023-07-17,19.141334533691406,20.809999465942383,20.809999465942383,20.610000610351562,20.639999389648438,134800.0
2023-07-18,19.325298309326172,21.010000228881836,21.030000686645508,20.829999923706055,20.829999923706055,243200.0
2023-07-19,19.288503646850586,20.969999313354492,21.09000015258789,20.899999618530273,21.0,175200.0
2023-07-20,19.058551788330078,20.719999313354492,20.950000762939453,20.670000076293945,20.899999618530273,166900.0
2023-07-21,18.975767135620117,20.6299991607666,20.75,20.56999969482422,20.75,153600.0
2023-07-24,19.132137298583984,20.799999237060547,20.8700008392334,20.770000457763672,20.770000457763672,182900.0
2023-07-25,19.224119186401367,20.899999618530273,20.969999313354492,20.809999465942383,20.809999465942383,351700.0
2023-07-26,19.270111083984375,20.950000762939453,21.049999237060547,20.719999313354492,20.760000228881836,272900.0
2023-07-27,18.994165420532227,20.649999618530273,20.959999084472656,20.6299991607666,20.959999084472656,248300.0
2023-07-28,19.325298309326172,21.010000228881836,21.049999237060547,20.84000015258789,20.860000610351562,157300.0
2023-07-31,19.398881912231445,21.09000015258789,21.170000076293945,21.020000457763672,21.020000457763672,182100.0
2023-08-01,19.058551788330078,20.719999313354492,20.809999465942383,20.6299991607666,20.809999465942383,286500.0
2023-08-02,18.644636154174805,20.270000457763672,20.399999618530273,20.18000030517578,20.399999618530273,307600.0
2023-08-03,18.589445114135742,20.209999084472656,20.31999969482422,20.0,20.020000457763672,199800.0
2023-08-04,18.773408889770508,20.40999984741211,20.739999771118164,20.40999984741211,20.549999237060547,387900.0
2023-08-07,18.85619354248047,20.5,20.559999465942383,20.40999984741211,20.559999465942383,118200.0
2023-08-08,18.48826789855957,20.100000381469727,20.110000610351562,19.8799991607666,19.950000762939453,239400.0
2023-08-09,18.368690490722656,19.969999313354492,20.06999969482422,19.899999618530273,20.06999969482422,80200.0
2023-08-10,18.635438919067383,20.260000228881836,20.540000915527344,20.190000534057617,20.360000610351562,150900.0
2023-08-11,18.580249786376953,20.200000762939453,20.329999923706055,20.170000076293945,20.219999313354492,103500.0
2023-08-14,18.359493255615234,19.959999084472656,19.979999542236328,19.790000915527344,19.93000030517578,152400.0
2023-08-15,18.02836036682129,19.600000381469727,19.739999771118164,19.549999237060547,19.700000762939453,696800.0
2023-08-16,17.74321937561035,19.290000915527344,19.59000015258789,19.270000457763672,19.489999771118164,193300.0
2023-08-17,17.559255599975586,19.09000015258789,19.329999923706055,19.040000915527344,19.290000915527344,141300.0
2023-08-18,17.724821090698242,19.270000457763672,19.290000915527344,18.950000762939453,18.950000762939453,238300.0
2023-08-21,17.715621948242188,19.260000228881836,19.280000686645508,19.09000015258789,19.15999984741211,143800.0
2023-08-22,17.5500545501709,19.079999923706055,19.290000915527344,19.079999923706055,19.290000915527344,95800.0
2023-08-23,17.715621948242188,19.260000228881836,19.329999923706055,19.040000915527344,19.040000915527344,158000.0
2023-08-24,17.43048095703125,18.950000762939453,19.18000030517578,18.940000534057617,19.100000381469727,140500.0
2023-08-25,17.5224609375,19.049999237060547,19.15999984741211,18.8700008392334,19.020000457763672,81900.0
2023-08-28,17.752416610717773,19.299999237060547,19.31999969482422,19.0,19.0,237200.0
2023-08-29,17.963973999023438,19.530000686645508,19.530000686645508,19.110000610351562,19.149999618530273,127700.0
2023-08-30,17.991565704345703,19.559999465942383,19.670000076293945,19.5,19.610000610351562,142200.0
2023-08-31,17.614444732666016,19.149999618530273,19.329999923706055,19.1299991607666,19.309999465942383,230100.0
2023-09-01,17.724821090698242,19.270000457763672,19.440000534057617,19.260000228881836,19.350000381469727,167000.0
2023-09-05,17.182130813598633,18.68000030517578,18.90999984741211,18.6200008392334,18.889999389648438,418500.0
2023-09-06,16.639442443847656,18.09000015258789,18.1200008392334,17.920000076293945,18.030000686645508,299900.0
2023-09-07,16.10594940185547,17.510000228881836,17.579999923706055,17.3700008392334,17.559999465942383,419200.0
2023-09-08,16.271516799926758,17.690000534057617,17.84000015258789,17.6299991607666,17.6299991607666,412900.0
2023-09-11,16.23472023010254,17.649999618530273,17.760000228881836,17.610000610351562,17.709999084472656,257800.0
2023-09-12,16.23472023010254,17.649999618530273,17.709999084472656,17.510000228881836,17.559999465942383,279900.0
2023-09-13,16.326704025268555,17.75,17.8700008392334,17.719999313354492,17.760000228881836,255200.0
2023-09-14,16.33590316772461,17.760000228881836,17.850000381469727,17.690000534057617,17.81999969482422,101300.0
2023-09-15,16.326704025268555,17.75,17.959999084472656,17.75,17.8799991607666,164400.0
2023-09-18,16.179533004760742,17.59000015258789,17.6299991607666,17.510000228881836,17.610000610351562,91200.0
2023-09-19,16.032363891601562,17.43000030517578,17.510000228881836,17.350000381469727,17.459999084472656,147500.0
2023-09-20,16.354299545288086,17.780000686645508,18.079999923706055,17.780000686645508,17.860000610351562,121900.0
2023-09-21,16.207128524780273,17.6200008392334,17.770000457763672,17.610000610351562,17.65999984741211,145000.0
2023-09-22,16.216327667236328,17.6299991607666,17.889999389648438,17.610000610351562,17.700000762939453,109500.0
2023-09-25,16.069154739379883,17.469999313354492,17.489999771118164,17.360000610351562,17.459999084472656,115300.0
2023-09-26,15.921984672546387,17.309999465942383,17.459999084472656,17.280000686645508,17.3799991607666,446800.0
2023-09-27,15.572456359863281,16.93000030517578,17.06999969482422,16.81999969482422,17.049999237060547,327700.0
2023-09-28,15.489673614501953,16.84000015258789,16.889999389648438,16.700000762939453,16.770000457763672,394000.0
2023-09-29,15.738021850585938,17.110000610351562,17.280000686645508,17.030000686645508,17.219999313354492,393300.0
2023-10-02,15.34250259399414,16.68000030517578,16.950000762939453,16.639999389648438,16.93000030517578,293600.0
2023-10-03,15.167737007141113,16.489999771118164,16.579999923706055,16.420000076293945,16.549999237060547,224500.0
2023-10-04,15.489673614501953,16.84000015258789,16.899999618530273,16.6299991607666,16.8799991607666,331700.0
2023-10-05,15.333304405212402,16.670000076293945,16.829999923706055,16.610000610351562,16.799999237060547,687900.0
2023-10-06,15.719625473022461,17.09000015258789,17.110000610351562,16.649999618530273,16.739999771118164,506600.0
2023-10-09,15.949579238891602,17.34000015258789,17.360000610351562,17.18000030517578,17.209999084472656,404400.0
2023-10-10,16.455476760864258,17.889999389648438,17.969999313354492,17.729999542236328,17.729999542236328,375700.0
2023-10-11,16.6854305267334,18.139999389648438,18.15999984741211,18.0,18.1299991607666,387100.0
2023-10-12,16.33590316772461,17.760000228881836,18.059999465942383,17.700000762939453,18.059999465942383,712200.0
2023-10-13,16.473875045776367,17.90999984741211,18.110000610351562,17.899999618530273,18.049999237060547,214000.0
2023-10-16,17.715621948242188,19.260000228881836,19.31999969482422,19.149999618530273,19.280000686645508,326600.0
2023-10-17,18.184728622436523,19.770000457763672,19.899999618530273,19.610000610351562,19.610000610351562,413800.0
2023-10-18,17.78000831604004,19.329999923706055,19.600000381469727,19.309999465942383,19.600000381469727,412800.0
2023-10-19,17.421283721923828,18.940000534057617,19.15999984741211,18.90999984741211,19.110000610351562,140600.0
2023-10-20,17.182130813598633,18.68000030517578,18.920000076293945,18.65999984741211,18.889999389648438,146000.0
2023-10-23,17.237319946289062,18.739999771118164,18.8799991607666,18.739999771118164,18.799999237060547,282500.0
2023-10-24,17.54085922241211,19.06999969482422,19.25,18.959999084472656,19.200000762939453,207300.0
2023-10-25,17.706424713134766,19.25,19.420000076293945,19.18000030517578,19.290000915527344,242900.0
2023-10-26,17.92717933654785,19.489999771118164,19.610000610351562,19.389999389648438,19.489999771118164,265700.0
2023-10-27,17.752416610717773,19.299999237060547,19.530000686645508,19.270000457763672,19.530000686645508,206400.0
2023-10-30,18.14793586730957,19.729999542236328,19.75,19.610000610351562,19.65999984741211,217700.0
2023-10-31,18.25831413269043,19.850000381469727,20.010000228881836,19.729999542236328,19.969999313354492,340600.0
2023-11-01,18.331899642944336,19.93000030517578,19.93000030517578,19.700000762939453,19.790000915527344,481500.0
2023-11-02,18.469871520996094,20.079999923706055,20.170000076293945,19.93000030517578,20.020000457763672,362400.0
2023-11-03,18.764211654663086,20.399999618530273,20.469999313354492,20.219999313354492,20.219999313354492,258100.0
2023-11-06,18.81020164489746,20.450000762939453,20.530000686645508,20.350000381469727,20.510000228881836,221200.0
2023-11-07,18.589445114135742,20.209999084472656,20.239999771118164,20.059999465942383,20.06999969482422,161400.0
2023-11-08,18.479068756103516,20.09000015258789,20.170000076293945,20.020000457763672,20.139999389648438,306600.0
2023-11-09,18.534255981445312,20.149999618530273,20.420000076293945,20.100000381469727,20.260000228881836,115100.0
2023-11-10,18.598644256591797,20.219999313354492,20.219999313354492,20.0,20.079999923706055,206300.0
2023-11-13,18.451473236083984,20.059999465942383,20.18000030517578,19.989999771118164,20.15999984741211,442100.0
2023-11-14,19.7760066986084,21.5,21.540000915527344,20.84000015258789,20.84000015258789,499100.0
2023-11-15,19.500062942504883,21.200000762939453,21.329999923706055,21.190000534057617,21.209999084472656,840500.0
2023-11-16,19.68402671813965,21.399999618530273,21.709999084472656,21.290000915527344,21.450000762939453,314100.0
2023-11-17,19.849590301513672,21.579999923706055,21.600000381469727,21.40999984741211,21.43000030517578,59600.0
2023-11-20,20.272708892822266,22.040000915527344,22.09000015258789,21.93000030517578,21.93000030517578,244400.0
2023-11-21,20.042753219604492,21.790000915527344,21.90999984741211,21.729999542236328,21.829999923706055,93500.0
2023-11-22,20.03355598449707,21.780000686645508,21.780000686645508,21.540000915527344,21.6200008392334,187900.0
2023-11-24,20.03355598449707,21.780000686645508,21.799999237060547,21.690000534057617,21.690000534057617,38300.0
2023-11-27,20.02435874938965,21.770000457763672,21.790000915527344,21.6299991607666,21.65999984741211,171500.0
2023-11-28,20.530254364013672,22.31999969482422,22.350000381469727,22.06999969482422,22.06999969482422,189200.0
2023-11-29,20.23591423034668,22.0,22.110000610351562,21.959999084472656,22.010000228881836,339200.0
2023-11-30,19.98756217956543,21.729999542236328,21.829999923706055,21.6200008392334,21.829999923706055,862800.0
2023-12-01,20.741809844970703,22.549999237060547,22.6299991607666,22.219999313354492,22.270000457763672,492700.0
2023-12-04,20.649831771850586,22.450000762939453,22.469999313354492,22.299999237060547,22.420000076293945,189200.0
2023-12-05,20.66822624206543,22.469999313354492,22.65999984741211,22.420000076293945,22.549999237060547,273300.0
2023-12-06,20.603837966918945,22.399999618530273,22.75,22.399999618530273,22.75,198100.0
2023-12-07,20.57624626159668,22.3700008392334,22.420000076293945,22.239999771118164,22.299999237060547,84900.0
2023-12-08,20.677425384521484,22.479999542236328,22.530000686645508,22.350000381469727,22.350000381469727,139800.0
2023-12-11,20.723417282104492,22.530000686645508,22.549999237060547,22.440000534057617,22.489999771118164,148400.0
2023-12-12,20.705020904541016,22.510000228881836,22.520000457763672,22.229999542236328,22.350000381469727,133900.0
2023-12-13,21.164926528930664,23.010000228881836,23.030000686645508,22.360000610351562,22.469999313354492,269700.0
2023-12-14,21.293701171875,23.149999618530273,23.190000534057617,22.989999771118164,23.030000686645508,166400.0
2023-12-15,20.88898277282715,22.709999084472656,23.25,22.709999084472656,23.15999984741211,334600.0
2023-12-18,21.31209945678711,23.170000076293945,23.190000534057617,22.899999618530273,22.93000030517578,985300.0
2023-12-19,21.505258560180664,23.3799991607666,23.510000228881836,23.309999465942383,23.399999618530273,286000.0
2023-12-20,21.06151008605957,22.260000228881836,22.670000076293945,22.25,22.670000076293945,341500.0
2023-12-21,21.638668060302734,22.8700008392334,22.8799991607666,22.65999984741211,22.719999313354492,112900.0
2023-12-22,21.506202697753906,22.729999542236328,22.829999923706055,22.65999984741211,22.799999237060547,111700.0
2023-12-26,21.62920570373535,22.860000610351562,22.899999618530273,22.68000030517578,22.68000030517578,75700.0
2023-12-27,21.960359573364258,23.209999084472656,23.229999542236328,23.110000610351562,23.170000076293945,201700.0
2023-12-28,21.657590866088867,22.889999389648438,23.09000015258789,22.8799991607666,23.06999969482422,134700.0
2023-12-29,21.430511474609375,22.649999618530273,22.780000686645508,22.600000381469727,22.780000686645508,195200.0
2024-01-02,20.749277114868164,21.93000030517578,22.1200008392334,21.93000030517578,22.06999969482422,285700.0
2024-01-03,20.872276306152344,22.059999465942383,22.079999923706055,21.59000015258789,21.639999389648438,222100.0
2024-01-04,20.692508697509766,21.8700008392334,22.0,21.719999313354492,21.719999313354492,145000.0
2024-01-05,20.569507598876953,21.739999771118164,22.049999237060547,21.709999084472656,21.729999542236328,147400.0
2024-01-08,20.985816955566406,22.18000030517578,22.190000534057617,21.8700008392334,21.8700008392334,204400.0
2024-01-09,20.84389305114746,22.030000686645508,22.100000381469727,21.959999084472656,22.030000686645508,108600.0
2024-01-10,20.7303524017334,21.90999984741211,22.0,21.829999923706055,21.920000076293945,323400.0
2024-01-11,20.446504592895508,21.610000610351562,21.790000915527344,21.450000762939453,21.690000534057617,216300.0
2024-01-12,20.446504592895508,21.610000610351562,21.809999465942383,21.559999465942383,21.729999542236328,110100.0
2024-01-16,19.736886978149414,20.860000610351562,20.979999542236328,20.75,20.940000534057617,446500.0
2024-01-17,19.44357681274414,20.549999237060547,20.56999969482422,20.360000610351562,20.479999542236328,155700.0
2024-01-18,19.680116653442383,20.799999237060547,20.81999969482422,20.549999237060547,20.59000015258789,79700.0
2024-01-19,20.039657592773438,21.18000030517578,21.18000030517578,20.8799991607666,20.959999084472656,125900.0
2024-01-22,20.01127052307129,21.149999618530273,21.229999542236328,21.09000015258789,21.09000015258789,271100.0
2024-01-23,19.78419303894043,20.90999984741211,20.920000076293945,20.760000228881836,20.809999465942383,67600.0
2024-01-24,19.99234962463379,21.1299991607666,21.399999618530273,21.1200008392334,21.350000381469727,356400.0
2024-01-25,20.030195236206055,21.170000076293945,21.219999313354492,21.040000915527344,21.219999313354492,125500.0
2024-01-26,20.1153507232666,21.260000228881836,21.329999923706055,21.219999313354492,21.219999313354492,57200.0
2024-01-29,20.06804084777832,21.209999084472656,21.229999542236328,21.010000228881836,21.06999969482422,57500.0
2024-01-30,20.351890563964844,21.510000228881836,21.520000457763672,21.34000015258789,21.3700008392334,50200.0
2024-01-31,20.72089195251465,21.899999618530273,22.149999618530273,21.799999237060547,21.90999984741211,448000.0
2024-02-01,21.279125213623047,22.489999771118164,22.5,22.229999542236328,22.239999771118164,236300.0
2024-02-02,21.477819442749023,22.700000762939453,22.700000762939453,22.450000762939453,22.579999923706055,238900.0
2024-02-05,21.02366065979004,22.219999313354492,22.489999771118164,22.110000610351562,22.489999771118164,160500.0
2024-02-06,21.02366065979004,22.219999313354492,22.309999465942383,22.15999984741211,22.25,96500.0
2024-02-07,21.203433990478516,22.40999984741211,22.43000030517578,22.209999084472656,22.270000457763672,177900.0
2024-02-08,21.02366065979004,22.219999313354492,22.280000686645508,22.100000381469727,22.15999984741211,113500.0
2024-02-09,21.080432891845703,22.280000686645508,22.309999465942383,22.110000610351562,22.1200008392334,74200.0
2024-02-12,21.35481834411621,22.56999969482422,22.65999984741211,22.170000076293945,22.170000076293945,89500.0
2024-02-13,20.62627601623535,21.799999237060547,21.969999313354492,21.700000762939453,21.940000534057617,121400.0
2024-02-14,21.212894439697266,22.420000076293945,22.459999084472656,21.920000076293945,21.940000534057617,62400.0
2024-02-15,21.298049926757812,22.510000228881836,22.530000686645508,22.34000015258789,22.3700008392334,85600.0
2024-02-16,21.41158676147461,22.6299991607666,22.75,22.520000457763672,22.6200008392334,93700.0
2024-02-20,22.168516159057617,23.43000030517578,23.43000030517578,23.190000534057617,23.190000534057617,131600.0
2024-02-21,22.13066864013672,23.389999389648438,23.43000030517578,23.149999618530273,23.420000076293945,106000.0
2024-02-22,22.376670837402344,23.649999618530273,23.700000762939453,23.440000534057617,23.5,155000.0
2024-02-23,22.62267303466797,23.90999984741211,23.979999542236328,23.790000915527344,23.90999984741211,224000.0
2024-02-26,22.584827423095703,23.8700008392334,23.920000076293945,23.829999923706055,23.8700008392334,159800.0
2024-02-27,22.57536506652832,23.860000610351562,23.889999389648438,23.729999542236328,23.860000610351562,185900.0
2024-02-28,22.092824935913086,23.350000381469727,23.459999084472656,23.290000915527344,23.420000076293945,437800.0
2024-02-29,22.054975509643555,23.309999465942383,23.510000228881836,23.299999237060547,23.420000076293945,165800.0
2024-03-01,22.24420928955078,23.510000228881836,23.540000915527344,23.170000076293945,23.350000381469727,114700.0
2024-03-04,21.90359115600586,23.149999618530273,23.229999542236328,23.1299991607666,23.200000762939453,194200.0
2024-03-05,21.638668060302734,22.8700008392334,23.170000076293945,22.799999237060547,23.059999465942383,380200.0
2024-03-06,21.95090103149414,23.200000762939453,23.299999237060547,23.100000381469727,23.200000762939453,218300.0
2024-03-07,21.771127700805664,23.010000228881836,23.040000915527344,22.770000457763672,22.850000381469727,104900.0
2024-03-08,21.695436477661133,22.93000030517578,23.209999084472656,22.920000076293945,22.969999313354492,108400.0
2024-03-11,22.026592254638672,23.280000686645508,23.31999969482422,23.09000015258789,23.09000015258789,85700.0
2024-03-12,22.556442260742188,23.84000015258789,23.850000381469727,23.280000686645508,23.3700008392334,91200.0
2024-03-13,22.50913429260254,23.790000915527344,23.850000381469727,23.709999084472656,23.780000686645508,262400.0
2024-03-14,22.348285675048828,23.6200008392334,23.799999237060547,23.469999313354492,23.770000457763672,333300.0
2024-03-15,21.837360382080078,23.079999923706055,23.469999313354492,22.81999969482422,23.399999618530273,563500.0
2024-03-18,21.64812660217285,22.8799991607666,23.100000381469727,22.790000915527344,23.06999969482422,134200.0
2024-03-19,21.61974334716797,22.850000381469727,22.93000030517578,22.31999969482422,22.450000762939453,125800.0
2024-03-20,21.875207901000977,23.1200008392334,23.15999984741211,22.540000915527344,22.579999923706055,211100.0
2024-03-21,22.1968994140625,23.459999084472656,23.56999969482422,23.450000762939453,23.479999542236328,72700.0
2024-03-22,21.865745544433594,23.110000610351562,23.389999389648438,23.059999465942383,23.329999923706055,107200.0
2024-03-25,21.657590866088867,22.889999389648438,23.09000015258789,22.860000610351562,22.959999084472656,219600.0
2024-03-26,21.979284286499023,23.229999542236328,23.40999984741211,23.200000762939453,23.200000762939453,139000.0
2024-03-27,21.96982192993164,23.219999313354492,23.270000457763672,23.09000015258789,23.190000534057617,233400.0
2024-03-28,22.319902420043945,23.59000015258789,23.649999618530273,23.459999084472656,23.510000228881836,838200.0
2024-04-01,22.25366973876953,23.520000457763672,23.809999465942383,23.459999084472656,23.739999771118164,91300.0
2024-04-02,22.36720848083496,23.639999389648438,23.65999984741211,23.530000686645508,23.6299991607666,200200.0
2024-04-03,22.490209579467773,23.770000457763672,23.829999923706055,23.540000915527344,23.549999237060547,235200.0
2024-04-04,22.613210678100586,23.899999618530273,24.25,23.860000610351562,24.139999389648438,244800.0
2024-04-05,22.887596130371094,24.190000534057617,24.219999313354492,23.920000076293945,23.940000534057617,137800.0
2024-04-08,23.332292556762695,24.65999984741211,24.670000076293945,24.43000030517578,24.450000762939453,179200.0
2024-04-09,23.067367553710938,24.3799991607666,24.860000610351562,24.25,24.81999969482422,91200.0
2024-04-10,22.878135681152344,24.18000030517578,24.31999969482422,24.059999465942383,24.1299991607666,178700.0
2024-04-11,22.80244255065918,24.100000381469727,24.200000762939453,23.860000610351562,24.200000762939453,312200.0
2024-04-12,21.979284286499023,23.229999542236328,23.6299991607666,23.190000534057617,23.610000610351562,219900.0
2024-04-15,21.884666442871094,23.1299991607666,23.59000015258789,23.049999237060547,23.59000015258789,243300.0
2024-04-16,21.175048828125,22.3799991607666,22.639999389648438,22.260000228881836,22.639999389648438,265200.0
2024-04-17,21.68597412109375,22.920000076293945,23.059999465942383,22.799999237060547,23.0,125000.0
2024-04-18,21.931976318359375,23.18000030517578,23.360000610351562,23.010000228881836,23.059999465942383,99200.0
2024-04-19,22.054975509643555,23.309999465942383,23.399999618530273,23.200000762939453,23.360000610351562,120500.0
2024-04-22,22.546977996826172,23.829999923706055,23.889999389648438,23.549999237060547,23.56999969482422,95800.0
2024-04-23,22.75513458251953,24.049999237060547,24.15999984741211,23.940000534057617,23.989999771118164,274500.0
2024-04-24,22.395593643188477,23.670000076293945,23.770000457763672,23.579999923706055,23.760000228881836,127700.0
2024-04-25,22.442901611328125,23.719999313354492,23.760000228881836,23.34000015258789,23.43000030517578,97100.0
2024-04-26,22.584827423095703,23.8700008392334,23.90999984741211,23.739999771118164,23.75,70100.0
2024-04-29,22.859210968017578,24.15999984741211,24.190000534057617,23.790000915527344,23.829999923706055,122800.0
2024-04-30,22.29151725769043,23.559999465942383,23.920000076293945,23.559999465942383,23.790000915527344,75400.0
2024-05-01,22.310440063476562,23.579999923706055,23.959999084472656,23.479999542236328,23.530000686645508,185000.0
2024-05-02,22.565902709960938,23.850000381469727,23.899999618530273,23.56999969482422,23.809999465942383,987000.0
2024-05-03,22.96329116821289,24.270000457763672,24.420000076293945,24.110000610351562,24.200000762939453,141200.0
2024-05-06,23.493139266967773,24.829999923706055,24.829999923706055,24.5,24.5,42100.0
2024-05-07,23.30390739440918,24.6299991607666,24.850000381469727,24.559999465942383,24.84000015258789,52700.0
2024-05-08,23.426908493041992,24.760000228881836,24.780000686645508,24.5,24.549999237060547,50300.0
2024-05-09,23.852678298950195,25.209999084472656,25.219999313354492,25.010000228881836,25.010000228881836,82500.0
2024-05-10,23.37959861755371,24.709999084472656,24.899999618530273,24.690000534057617,24.8700008392334,124100.0
2024-05-13,23.75806427001953,25.110000610351562,25.15999984741211,24.920000076293945,24.920000076293945,848900.0
2024-05-14,24.1459903717041,25.520000457763672,25.540000915527344,25.18000030517578,25.18000030517578,114400.0
2024-05-15,24.335220336914062,25.719999313354492,25.770000457763672,25.399999618530273,25.530000686645508,100700.0
2024-05-16,24.278451919555664,25.65999984741211,25.780000686645508,25.639999389648438,25.729999542236328,104600.0
2024-05-17,24.477144241333008,25.8700008392334,25.90999984741211,25.65999984741211,25.65999984741211,142900.0
2024-05-20,24.62853240966797,26.030000686645508,26.09000015258789,26.020000457763672,26.030000686645508,105000.0
2024-05-21,24.448759078979492,25.84000015258789,25.860000610351562,25.729999542236328,25.799999237060547,60600.0
2024-05-22,24.09868049621582,25.469999313354492,25.6200008392334,25.420000076293945,25.530000686645508,153900.0
2024-05-23,23.91891098022461,25.280000686645508,25.709999084472656,25.200000762939453,25.670000076293945,119600.0
2024-05-24,24.051374435424805,25.420000076293945,25.450000762939453,25.209999084472656,25.270000457763672,132200.0
2024-05-28,23.871601104736328,25.229999542236328,25.290000915527344,25.1299991607666,25.200000762939453,111600.0
2024-05-29,23.30390739440918,24.6299991607666,24.780000686645508,24.59000015258789,24.75,422700.0
2024-05-30,23.341753005981445,24.670000076293945,24.75,24.579999923706055,24.639999389648438,145700.0
2024-05-31,23.824295043945312,25.18000030517578,25.200000762939453,24.899999618530273,25.09000015258789,393900.0
2024-06-03,23.843217849731445,25.200000762939453,25.219999313354492,25.0,25.170000076293945,213500.0
2024-06-04,23.038982391357422,24.350000381469727,24.520000457763672,24.110000610351562,24.520000457763672,333100.0
2024-06-05,23.237674713134766,24.559999465942383,24.6200008392334,24.309999465942383,24.459999084472656,662300.0
2024-06-06,23.445833206176758,24.780000686645508,24.809999465942383,24.510000228881836,24.540000915527344,187600.0
2024-06-07,22.698366165161133,23.989999771118164,24.329999923706055,23.979999542236328,24.329999923706055,180600.0
2024-06-10,22.59428596496582,23.8799991607666,23.90999984741211,23.6299991607666,23.75,313000.0
2024-06-11,22.25027084350586,23.09000015258789,23.149999618530273,22.959999084472656,23.149999618530273,233100.0
2024-06-12,22.693540573120117,23.549999237060547,23.700000762939453,23.450000762939453,23.670000076293945,238800.0
2024-06-13,22.124998092651367,22.959999084472656,23.34000015258789,22.8799991607666,23.34000015258789,98300.0
2024-06-14,21.961181640625,22.790000915527344,22.81999969482422,22.579999923706055,22.600000381469727,226600.0
2024-06-17,22.645360946655273,23.5,23.559999465942383,23.170000076293945,23.25,416000.0
2024-06-18,22.66463279724121,23.520000457763672,23.719999313354492,23.43000030517578,23.549999237060547,51800.0
2024-06-20,22.924814224243164,23.790000915527344,23.920000076293945,23.700000762939453,23.799999237060547,96200.0
2024-06-21,22.876630783081055,23.739999771118164,23.8799991607666,23.649999618530273,23.739999771118164,157600.0
2024-06-24,23.56081199645996,24.450000762939453,24.6200008392334,24.350000381469727,24.360000610351562,223000.0
2024-06-25,23.580081939697266,24.469999313354492,24.520000457763672,24.299999237060547,24.489999771118164,266500.0
2024-06-26,23.348812103271484,24.229999542236328,24.350000381469727,24.15999984741211,24.31999969482422,83400.0
2024-06-27,23.589719772338867,24.479999542236328,24.540000915527344,24.40999984741211,24.510000228881836,115200.0
2024-06-28,23.637901306152344,24.530000686645508,24.690000534057617,24.469999313354492,24.610000610351562,121900.0
2024-07-01,23.67644691467285,24.56999969482422,24.8700008392334,24.549999237060547,24.799999237060547,213800.0
2024-07-02,23.647539138793945,24.540000915527344,24.600000381469727,24.299999237060547,24.309999465942383,405100.0
2024-07-03,23.98480796813965,24.889999389648438,24.920000076293945,24.65999984741211,24.65999984741211,77400.0
2024-07-05,23.955900192260742,24.860000610351562,24.940000534057617,24.6200008392334,24.940000534057617,122000.0
2024-07-08,24.090808868408203,25.0,25.1200008392334,24.93000030517578,25.030000686645508,89300.0
2024-07-09,24.158262252807617,25.06999969482422,25.139999389648438,24.959999084472656,25.030000686645508,112100.0
2024-07-10,24.110082626342773,25.020000457763672,25.020000457763672,24.90999984741211,25.010000228881836,87100.0
2024-07-11,24.235353469848633,25.149999618530273,25.31999969482422,25.079999923706055,25.260000228881836,95100.0
2024-07-12,24.54371452331543,25.469999313354492,25.59000015258789,25.40999984741211,25.440000534057617,75900.0
2024-07-15,24.514806747436523,25.440000534057617,25.600000381469727,25.350000381469727,25.479999542236328,75000.0
2024-07-16,23.743900299072266,24.639999389648438,24.65999984741211,24.450000762939453,24.610000610351562,369400.0
2024-07-17,23.387357711791992,24.270000457763672,24.34000015258789,24.1200008392334,24.209999084472656,296000.0
2024-07-18,23.618629455566406,24.510000228881836,24.760000228881836,24.420000076293945,24.549999237060547,180700.0
2024-07-19,23.502992630004883,24.389999389648438,24.59000015258789,24.329999923706055,24.479999542236328,42600.0
2024-07-22,23.763174057006836,24.65999984741211,24.700000762939453,24.469999313354492,24.59000015258789,190800.0
2024-07-23,23.165721893310547,24.040000915527344,24.229999542236328,24.040000915527344,24.139999389648438,378900.0
2024-07-24,22.857358932495117,23.719999313354492,24.030000686645508,23.690000534057617,24.0,242900.0
2024-07-25,22.915178298950195,23.780000686645508,23.979999542236328,23.540000915527344,23.690000534057617,91000.0
2024-07-26,22.992267608642578,23.860000610351562,23.889999389648438,23.719999313354492,23.829999923706055,51800.0
2024-07-29,22.9344482421875,23.799999237060547,23.84000015258789,23.639999389648438,23.729999542236328,88200.0
2024-07-30,22.616451263427734,23.469999313354492,23.90999984741211,23.389999389648438,23.90999984741211,64500.0
2024-07-31,22.992267608642578,23.860000610351562,23.959999084472656,23.729999542236328,23.829999923706055,82400.0
2024-08-01,22.356271743774414,23.200000762939453,23.780000686645508,23.06999969482422,23.780000686645508,258700.0
2024-08-02,22.462268829345703,23.309999465942383,23.31999969482422,23.079999923706055,23.15999984741211,126300.0
2024-08-05,21.749181747436523,22.56999969482422,22.729999542236328,22.059999465942383,22.290000915527344,362700.0
2024-08-06,21.305912017822266,22.110000610351562,22.299999237060547,21.860000610351562,22.020000457763672,475500.0
2024-08-07,21.122821807861328,21.920000076293945,22.360000610351562,21.889999389648438,22.290000915527344,173500.0
2024-08-08,21.720273971557617,22.540000915527344,22.549999237060547,22.100000381469727,22.219999313354492,87100.0
2024-08-09,21.672090530395508,22.489999771118164,22.540000915527344,22.3799991607666,22.469999313354492,57600.0
2024-08-12,22.404451370239258,23.25,23.329999923706055,23.030000686645508,23.049999237060547,169900.0
2024-08-13,22.732088088989258,23.59000015258789,23.600000381469727,23.280000686645508,23.389999389648438,106300.0
2024-08-14,22.81881332397461,23.68000030517578,23.780000686645508,23.649999618530273,23.719999313354492,42900.0
2024-08-15,23.14645004272461,24.020000457763672,24.139999389648438,23.850000381469727,23.950000762939453,236200.0
2024-08-16,23.772809982299805,24.670000076293945,24.68000030517578,24.280000686645508,24.280000686645508,208200.0
2024-08-19,23.917354583740234,24.81999969482422,24.829999923706055,24.610000610351562,24.760000228881836,1346700.0
2024-08-20,23.483720779418945,24.3700008392334,24.600000381469727,24.309999465942383,24.530000686645508,102100.0
2024-08-21,23.83062744140625,24.729999542236328,24.770000457763672,24.420000076293945,24.440000534057617,99100.0
2024-08-22,23.483720779418945,24.3700008392334,24.700000762939453,24.350000381469727,24.690000534057617,136600.0
2024-08-23,23.936628341674805,24.84000015258789,24.899999618530273,24.530000686645508,24.530000686645508,92800.0
2024-08-26,23.66680908203125,24.559999465942383,24.639999389648438,24.510000228881836,24.600000381469727,78900.0
2024-08-27,23.792083740234375,24.690000534057617,24.700000762939453,24.3799991607666,24.40999984741211,66400.0
2024-08-28,23.406631469726562,24.290000915527344,24.479999542236328,24.190000534057617,24.31999969482422,157000.0
2024-08-29,23.580081939697266,24.469999313354492,24.649999618530273,24.450000762939453,24.549999237060547,161500.0
2024-08-30,23.67644691467285,24.56999969482422,24.649999618530273,24.420000076293945,24.610000610351562,143900.0
2024-09-03,23.628265380859375,24.520000457763672,24.969999313354492,24.469999313354492,24.899999618530273,314900.0
2024-09-04,23.71499252319336,24.610000610351562,24.729999542236328,24.420000076293945,24.479999542236328,400400.0
2024-09-05,23.377721786499023,24.260000228881836,24.6200008392334,24.219999313354492,24.6200008392334,141300.0
2024-09-06,22.7802677154541,23.639999389648438,24.260000228881836,23.6200008392334,24.260000228881836,110800.0
2024-09-09,23.011539459228516,23.8799991607666,23.93000030517578,23.729999542236328,23.790000915527344,108800.0
2024-09-10,22.712814331054688,23.56999969482422,23.600000381469727,23.389999389648438,23.600000381469727,178400.0
2024-09-11,22.510452270507812,23.360000610351562,23.3700008392334,22.90999984741211,23.280000686645508,130400.0
2024-09-12,22.741724014282227,23.600000381469727,23.600000381469727,23.280000686645508,23.299999237060547,215100.0
2024-09-13,23.069358825683594,23.940000534057617,24.010000228881836,23.75,23.75,58000.0
2024-09-16,23.040449142456055,23.90999984741211,23.920000076293945,23.719999313354492,23.899999618530273,79900.0
2024-09-17,23.204267501831055,24.079999923706055,24.270000457763672,24.010000228881836,24.09000015258789,76500.0
2024-09-18,23.14645004272461,24.020000457763672,24.450000762939453,23.969999313354492,24.170000076293945,260100.0
2024-09-19,23.56081199645996,24.450000762939453,24.489999771118164,24.15999984741211,24.229999542236328,93600.0
2024-09-20,23.00190544128418,23.8700008392334,24.040000915527344,23.719999313354492,24.030000686645508,340300.0
2024-09-23,23.00190544128418,23.8700008392334,23.969999313354492,23.780000686645508,23.8700008392334,135200.0
2024-09-24,23.734264373779297,24.6299991607666,24.68000030517578,24.450000762939453,24.489999771118164,276200.0
2024-09-25,23.570446014404297,24.459999084472656,24.729999542236328,24.440000534057617,24.690000534057617,119200.0
2024-09-26,23.965538024902344,24.8700008392334,24.940000534057617,24.729999542236328,24.809999465942383,127900.0
2024-09-27,23.955900192260742,24.860000610351562,25.030000686645508,24.770000457763672,24.950000762939453,96300.0
2024-09-30,23.358448028564453,24.239999771118164,24.440000534057617,24.110000610351562,24.440000534057617,328600.0
2024-10-01,23.069358825683594,23.940000534057617,24.25,23.84000015258789,24.25,196400.0
2024-10-02,22.96335792541504,23.829999923706055,23.920000076293945,23.739999771118164,23.8799991607666,116700.0
2024-10-03,22.4429988861084,23.290000915527344,23.530000686645508,23.260000228881836,23.469999313354492,400300.0
2024-10-04,22.491178512573242,23.34000015258789,23.360000610351562,23.200000762939453,23.239999771118164,60500.0
2024-10-07,22.327362060546875,23.170000076293945,23.34000015258789,23.1200008392334,23.31999969482422,169200.0
2024-10-08,22.4429988861084,23.290000915527344,23.440000534057617,23.190000534057617,23.3799991607666,366000.0
2024-10-09,22.799541473388672,23.65999984741211,23.760000228881836,23.6200008392334,23.649999618530273,53500.0
2024-10-10,22.741724014282227,23.600000381469727,23.600000381469727,23.440000534057617,23.59000015258789,86900.0
2024-10-11,23.00190544128418,23.8700008392334,23.90999984741211,23.809999465942383,23.81999969482422,73000.0
2024-10-14,22.866994857788086,23.729999542236328,23.90999984741211,23.690000534057617,23.760000228881836,66600.0
2024-10-15,22.693540573120117,23.549999237060547,23.729999542236328,23.510000228881836,23.700000762939453,121100.0
2024-10-16,22.83808708190918,23.700000762939453,23.84000015258789,23.68000030517578,23.68000030517578,67800.0
2024-10-17,22.124998092651367,22.959999084472656,23.209999084472656,22.899999618530273,23.200000762939453,228300.0
2024-10-18,22.404451370239258,23.25,23.34000015258789,23.200000762939453,23.299999237060547,212700.0
2024-10-21,22.067180633544922,22.899999618530273,23.09000015258789,22.8700008392334,23.040000915527344,44100.0
2024-10-22,21.71063804626465,22.530000686645508,22.75,22.530000686645508,22.75,136800.0
2024-10-23,21.566091537475586,22.3799991607666,22.489999771118164,22.290000915527344,22.309999465942383,65500.0
2024-10-24,21.633546829223633,22.450000762939453,22.520000457763672,22.389999389648438,22.479999542236328,347600.0
2024-10-25,21.49863624572754,22.309999465942383,22.549999237060547,22.290000915527344,22.469999313354492,410400.0
2024-10-28,21.64318084716797,22.459999084472656,22.540000915527344,22.34000015258789,22.3700008392334,113300.0
2024-10-29,22.018999099731445,22.850000381469727,22.8799991607666,22.549999237060547,22.6299991607666,148700.0
2024-10-30,21.49863624572754,22.309999465942383,22.489999771118164,22.309999465942383,22.34000015258789,90100.0
2024-10-31,21.450456619262695,22.260000228881836,22.290000915527344,22.06999969482422,22.239999771118164,104000.0
2024-11-01,21.38300132751465,22.190000534057617,22.389999389648438,22.190000534057617,22.389999389648438,169500.0
2024-11-04,21.672090530395508,22.489999771118164,22.81999969482422,22.479999542236328,22.690000534057617,323600.0
2024-11-05,21.758817672729492,22.579999923706055,22.6200008392334,22.329999923706055,22.3799991607666,115400.0
2024-11-06,21.48900032043457,22.299999237060547,22.399999618530273,22.18000030517578,22.399999618530273,137000.0
2024-11-07,22.462268829345703,23.309999465942383,23.329999923706055,23.110000610351562,23.110000610351562,317700.0
2024-11-08,22.057544708251953,22.889999389648438,23.0,22.799999237060547,23.0,67700.0
2024-11-11,21.797365188598633,22.6200008392334,22.889999389648438,22.559999465942383,22.889999389648438,186600.0
2024-11-12,21.296276092529297,22.100000381469727,22.43000030517578,22.059999465942383,22.3700008392334,327300.0
2024-11-13,21.103548049926758,21.899999618530273,22.1200008392334,21.790000915527344,22.059999465942383,80600.0
2024-11-14,21.315547943115234,22.1200008392334,22.309999465942383,22.040000915527344,22.059999465942383,138800.0
2024-11-15,20.94936752319336,21.739999771118164,21.850000381469727,21.68000030517578,21.84000015258789,81600.0
2024-11-18,21.05536651611328,21.850000381469727,21.90999984741211,21.639999389648438,21.639999389648438,1078200.0
2024-11-19,20.429006576538086,21.200000762939453,21.350000381469727,20.850000381469727,20.90999984741211,449600.0
2024-11-20,20.48682403564453,21.260000228881836,21.260000228881836,21.030000686645508,21.139999389648438,99800.0
2024-11-21,20.708457946777344,21.489999771118164,21.610000610351562,21.34000015258789,21.56999969482422,163700.0
2024-11-22,20.727731704711914,21.510000228881836,21.540000915527344,21.329999923706055,21.40999984741211,511100.0
2024-11-25,20.997549057006836,21.790000915527344,21.979999542236328,21.719999313354492,21.920000076293945,180500.0
2024-11-26,20.987913131713867,21.780000686645508,21.899999618530273,21.709999084472656,21.899999618530273,140200.0
2024-11-27,21.084274291992188,21.8799991607666,21.959999084472656,21.790000915527344,21.959999084472656,88400.0
2024-11-29,21.286638259887695,22.09000015258789,22.100000381469727,21.889999389648438,21.940000534057617,27600.0
2024-12-02,21.633546829223633,22.450000762939453,22.530000686645508,22.209999084472656,22.360000610351562,127800.0
2024-12-03,21.51791000366211,22.329999923706055,22.3700008392334,22.18000030517578,22.31999969482422,91500.0
2024-12-04,21.78772735595703,22.610000610351562,22.649999618530273,22.530000686645508,22.600000381469727,75300.0
2024-12-05,22.298452377319336,23.139999389648438,23.239999771118164,23.0,23.0,112500.0
2024-12-06,22.24063491821289,23.079999923706055,23.31999969482422,23.030000686645508,23.31999969482422,91800.0
2024-12-09,22.26954460144043,23.110000610351562,23.299999237060547,23.100000381469727,23.299999237060547,434700.0
2024-12-10,22.23099708557129,23.06999969482422,23.100000381469727,23.0,23.030000686645508,85700.0
2024-12-11,21.980453491210938,22.809999465942383,22.920000076293945,22.75,22.920000076293945,66300.0
2024-12-12,21.729907989501953,22.549999237060547,22.770000457763672,22.530000686645508,22.670000076293945,80100.0
2024-12-13,21.884090423583984,22.709999084472656,22.75,22.6299991607666,22.75,299500.0
2024-12-16,21.913000106811523,22.739999771118164,22.799999237060547,22.56999969482422,22.639999389648438,117900.0
2024-12-17,21.229999542236328,21.229999542236328,21.43000030517578,21.200000762939453,21.43000030517578,236500.0
2024-12-18,20.760000228881836,20.760000228881836,21.399999618530273,20.709999084472656,21.350000381469727,198600.0
2024-12-19,21.059999465942383,21.059999465942383,21.260000228881836,21.059999465942383,21.200000762939453,122000.0
2024-12-20,21.06999969482422,21.06999969482422,21.190000534057617,20.809999465942383,20.860000610351562,95300.0
2024-12-23,21.15999984741211,21.15999984741211,21.170000076293945,20.969999313354492,21.0,43100.0
2024-12-24,21.309999465942383,21.309999465942383,21.309999465942383,21.229999542236328,21.229999542236328,38500.0
2024-12-26,21.34000015258789,21.34000015258789,21.40999984741211,21.209999084472656,21.31999969482422,59700.0
2024-12-27,21.100000381469727,21.100000381469727,21.149999618530273,20.93000030517578,21.049999237060547,61900.0
2024-12-30,21.0,21.0,21.079999923706055,20.90999984741211,21.079999923706055,46000.0
2024-12-31,20.8700008392334,20.8700008392334,20.989999771118164,20.760000228881836,20.989999771118164,86800.0
2025-01-02,20.90999984741211,20.90999984741211,21.06999969482422,20.84000015258789,20.989999771118164,128400.0
2025-01-03,21.239999771118164,21.239999771118164,21.25,21.079999923706055,21.200000762939453,75900.0
2025-01-06,21.639999389648438,21.639999389648438,21.790000915527344,21.59000015258789,21.6299991607666,86800.0
2025-01-07,21.520000457763672,21.520000457763672,21.799999237060547,21.469999313354492,21.799999237060547,68400.0
2025-01-08,21.149999618530273,21.149999618530273,21.200000762939453,20.989999771118164,21.15999984741211,58100.0
2025-01-10,21.280000686645508,21.280000686645508,21.350000381469727,21.18000030517578,21.31999969482422,59900.0
2025-01-13,21.280000686645508,21.280000686645508,21.309999465942383,21.09000015258789,21.09000015258789,540100.0
2025-01-14,21.59000015258789,21.59000015258789,21.59000015258789,21.420000076293945,21.450000762939453,153200.0
2025-01-15,21.959999084472656,21.959999084472656,22.059999465942383,21.8799991607666,21.950000762939453,123200.0
2025-01-16,21.829999923706055,21.829999923706055,21.940000534057617,21.760000228881836,21.790000915527344,322400.0
2025-01-17,22.079999923706055,22.079999923706055,22.31999969482422,22.0,22.040000915527344,414000.0
2025-01-21,22.850000381469727,22.850000381469727,22.850000381469727,22.540000915527344,22.639999389648438,313900.0
2025-01-22,23.1299991607666,23.1299991607666,23.239999771118164,23.06999969482422,23.100000381469727,122600.0
2025-01-23,23.270000457763672,23.270000457763672,23.350000381469727,23.09000015258789,23.110000610351562,159200.0
2025-01-24,23.600000381469727,23.600000381469727,23.639999389648438,23.5,23.59000015258789,190700.0
2025-01-27,23.559999465942383,23.559999465942383,23.559999465942383,23.280000686645508,23.309999465942383,68200.0
2025-01-28,23.579999923706055,23.579999923706055,23.639999389648438,23.420000076293945,23.559999465942383,191000.0
2025-01-29,23.450000762939453,23.450000762939453,23.540000915527344,23.389999389648438,23.479999542236328,201700.0
2025-01-30,24.030000686645508,24.030000686645508,24.1299991607666,23.889999389648438,23.899999618530273,138900.0
2025-01-31,23.6299991607666,23.6299991607666,23.959999084472656,23.6299991607666,23.829999923706055,224400.0
2025-02-03,23.010000228881836,23.010000228881836,23.200000762939453,22.860000610351562,22.899999618530273,112100.0
2025-02-04,23.59000015258789,23.59000015258789,23.610000610351562,23.389999389648438,23.389999389648438,185000.0
2025-02-05,23.639999389648438,23.639999389648438,23.65999984741211,23.329999923706055,23.479999542236328,382476.0
