Date,Adj Close,Close,High,Low,Open,Volume
2021-02-09,27.16699981689453,27.16699981689453,27.16699981689453,27.16699981689453,27.16699981689453,100.0
2021-02-10,26.790000915527344,26.790000915527344,26.790000915527344,26.790000915527344,26.790000915527344,100.0
2021-02-11,26.815000534057617,26.815000534057617,26.815000534057617,26.815000534057617,26.815000534057617,100.0
2021-02-12,26.968000411987305,26.968000411987305,26.969999313354492,26.968000411987305,26.969999313354492,100.0
2021-02-16,26.636999130249023,26.636999130249023,26.636999130249023,26.636999130249023,26.636999130249023,100.0
2021-02-17,26.256999969482422,26.256999969482422,26.256999969482422,26.256999969482422,26.256999969482422,0.0
2021-02-18,25.416000366210938,25.416000366210938,25.416000366210938,25.239999771118164,25.290000915527344,800.0
2021-02-19,26.393999099731445,26.393999099731445,26.393999099731445,26.393999099731445,26.393999099731445,100.0
2021-02-22,26.145000457763672,26.145000457763672,26.600000381469727,26.145000457763672,26.600000381469727,500.0
2021-02-23,25.68000030517578,25.68000030517578,25.68000030517578,25.68000030517578,25.68000030517578,100.0
2021-02-24,26.865999221801758,26.865999221801758,26.865999221801758,26.540000915527344,26.56999969482422,1900.0
2021-02-25,25.041000366210938,25.041000366210938,26.239999771118164,25.041000366210938,26.239999771118164,1700.0
2021-02-26,25.104000091552734,25.104000091552734,25.559999465942383,24.610000610351562,25.459999084472656,1600.0
2021-03-01,26.631000518798828,26.631000518798828,26.631000518798828,26.15999984741211,26.15999984741211,500.0
2021-03-02,25.749000549316406,25.749000549316406,26.100000381469727,25.749000549316406,26.049999237060547,500.0
2021-03-03,25.268999099731445,25.268999099731445,26.100000381469727,25.268999099731445,26.100000381469727,1600.0
2021-03-04,23.709999084472656,23.709999084472656,25.350000381469727,23.709999084472656,25.350000381469727,1200.0
2021-03-05,24.746999740600586,24.746999740600586,24.746999740600586,22.420000076293945,23.68000030517578,2800.0
2021-03-08,25.13599967956543,25.13599967956543,25.559999465942383,24.770000457763672,24.81999969482422,7000.0
2021-03-09,26.025999069213867,26.025999069213867,26.280000686645508,25.690000534057617,25.690000534057617,2500.0
2021-03-10,26.95599937438965,26.95599937438965,26.98200035095215,26.799999237060547,26.799999237060547,200.0
2021-03-11,28.086000442504883,28.086000442504883,28.086000442504883,28.086000442504883,28.086000442504883,100.0
2021-03-12,28.499000549316406,28.499000549316406,28.499000549316406,28.499000549316406,28.499000549316406,100.0
2021-03-15,28.5939998626709,28.5939998626709,28.5939998626709,28.5939998626709,28.5939998626709,100.0
2021-03-16,27.760000228881836,27.760000228881836,27.850000381469727,27.760000228881836,27.850000381469727,1400.0
2021-03-17,28.025999069213867,28.025999069213867,28.025999069213867,28.025999069213867,28.025999069213867,1400.0
2021-03-18,26.54400062561035,26.54400062561035,26.54400062561035,26.54400062561035,26.54400062561035,100.0
2021-03-19,26.985000610351562,26.985000610351562,26.985000610351562,26.899999618530273,26.899999618530273,200.0
2021-03-22,26.547000885009766,26.547000885009766,26.56999969482422,26.547000885009766,26.56999969482422,500.0
2021-03-23,24.714000701904297,24.714000701904297,25.610000610351562,24.714000701904297,25.610000610351562,800.0
2021-03-24,23.586000442504883,23.586000442504883,23.586000442504883,23.586000442504883,23.586000442504883,100.0
2021-03-25,24.656999588012695,24.656999588012695,24.656999588012695,24.656999588012695,24.656999588012695,100.0
2021-03-26,25.39699935913086,25.39699935913086,25.39699935913086,25.39699935913086,25.39699935913086,100.0
2021-03-29,24.128000259399414,24.128000259399414,24.479999542236328,24.128000259399414,24.479999542236328,200.0
2021-03-30,24.827999114990234,24.827999114990234,24.827999114990234,24.827999114990234,24.827999114990234,100.0
2021-03-31,25.575000762939453,25.575000762939453,25.575000762939453,25.575000762939453,25.575000762939453,100.0
2021-04-01,26.155000686645508,26.155000686645508,26.155000686645508,26.155000686645508,26.155000686645508,0.0
2021-04-05,26.49799919128418,26.49799919128418,29.190000534057617,26.49799919128418,29.190000534057617,1100.0
2021-04-06,26.374000549316406,26.374000549316406,26.374000549316406,26.374000549316406,26.374000549316406,0.0
2021-04-07,25.542999267578125,25.542999267578125,25.542999267578125,25.542999267578125,25.542999267578125,100.0
2021-04-08,25.97100067138672,25.97100067138672,25.97100067138672,25.670000076293945,25.670000076293945,200.0
2021-04-09,25.979999542236328,25.979999542236328,25.979999542236328,25.979999542236328,25.979999542236328,100.0
2021-04-12,25.724000930786133,25.724000930786133,25.724000930786133,25.724000930786133,25.724000930786133,100.0
2021-04-13,25.621999740600586,25.621999740600586,25.621999740600586,25.34000015258789,25.34000015258789,100.0
2021-04-14,26.014999389648438,26.014999389648438,26.014999389648438,26.014999389648438,26.014999389648438,100.0
2021-04-15,26.20199966430664,26.20199966430664,26.20199966430664,26.18000030517578,26.18000030517578,100.0
2021-04-16,26.409000396728516,26.409000396728516,26.409000396728516,26.409000396728516,26.409000396728516,100.0
2021-04-19,25.641000747680664,25.641000747680664,25.641000747680664,25.641000747680664,25.641000747680664,100.0
2021-04-20,24.68199920654297,24.68199920654297,24.68199920654297,24.68199920654297,24.68199920654297,0.0
2021-04-21,25.81599998474121,25.81599998474121,25.81599998474121,25.81599998474121,25.81599998474121,0.0
2021-04-22,25.781999588012695,25.781999588012695,26.469999313354492,25.781999588012695,26.469999313354492,600.0
2021-04-23,26.739999771118164,26.739999771118164,26.739999771118164,26.739999771118164,26.739999771118164,100.0
2021-04-26,27.309999465942383,27.309999465942383,27.309999465942383,27.309999465942383,27.309999465942383,1000.0
2021-04-27,27.260000228881836,27.260000228881836,27.260000228881836,27.260000228881836,27.260000228881836,500.0
2021-04-28,27.715999603271484,27.715999603271484,27.715999603271484,27.239999771118164,27.239999771118164,500.0
2021-04-29,27.12700080871582,27.12700080871582,27.12700080871582,27.12700080871582,27.12700080871582,1000.0
2021-04-30,26.493999481201172,26.493999481201172,26.493999481201172,26.309999465942383,26.389999389648438,300.0
2021-05-03,26.694000244140625,26.694000244140625,26.694000244140625,26.694000244140625,26.694000244140625,100.0
2021-05-04,26.256999969482422,26.256999969482422,26.256999969482422,25.84000015258789,26.1299991607666,1200.0
2021-05-05,25.83799934387207,25.83799934387207,25.950000762939453,25.6299991607666,25.950000762939453,400.0
2021-05-06,25.801000595092773,25.801000595092773,25.801000595092773,25.329999923706055,25.559999465942383,200.0
2021-05-07,26.56599998474121,26.56599998474121,26.6200008392334,26.510000228881836,26.6200008392334,5100.0
2021-05-10,25.2810001373291,25.2810001373291,26.139999389648438,25.2810001373291,26.139999389648438,7800.0
2021-05-11,25.058000564575195,25.058000564575195,25.058000564575195,25.058000564575195,25.058000564575195,100.0
2021-05-12,23.457000732421875,23.457000732421875,24.8700008392334,23.457000732421875,24.8700008392334,10700.0
2021-05-13,24.246999740600586,24.246999740600586,24.549999237060547,24.09000015258789,24.110000610351562,12400.0
2021-05-14,25.488000869750977,25.488000869750977,25.488000869750977,25.488000869750977,25.488000869750977,7800.0
2021-05-17,25.56100082397461,25.56100082397461,25.56100082397461,25.040000915527344,25.309999465942383,6000.0
2021-05-18,25.260000228881836,25.260000228881836,25.850000381469727,25.260000228881836,25.850000381469727,4500.0
2021-05-19,24.759000778198242,24.759000778198242,24.759000778198242,24.290000915527344,24.520000457763672,3500.0
2021-05-20,25.06800079345703,25.06800079345703,25.149999618530273,25.06800079345703,25.149999618530273,1000.0
2021-05-21,25.31999969482422,25.31999969482422,25.809999465942383,25.31999969482422,25.809999465942383,1200.0
2021-05-24,25.55500030517578,25.55500030517578,25.608999252319336,25.55500030517578,25.608999252319336,1500.0
2021-05-25,25.11400032043457,25.11400032043457,25.11400032043457,25.11400032043457,25.11400032043457,100.0
2021-05-26,26.013999938964844,26.013999938964844,26.079999923706055,26.013999938964844,26.079999923706055,200.0
2021-05-27,26.62700080871582,26.62700080871582,26.62700080871582,26.62700080871582,26.62700080871582,100.0
2021-05-28,26.503999710083008,26.503999710083008,26.503999710083008,26.503999710083008,26.503999710083008,100.0
2021-06-01,27.090999603271484,27.090999603271484,27.090999603271484,27.090999603271484,27.090999603271484,0.0
2021-06-02,27.165000915527344,27.165000915527344,27.165000915527344,27.165000915527344,27.165000915527344,0.0
2021-06-03,26.760000228881836,26.760000228881836,26.760000228881836,26.760000228881836,26.760000228881836,100.0
2021-06-04,26.94700050354004,26.94700050354004,26.94700050354004,26.94700050354004,26.94700050354004,0.0
2021-06-07,27.65399932861328,27.65399932861328,27.65399932861328,27.600000381469727,27.600000381469727,1500.0
2021-06-08,28.270000457763672,28.270000457763672,28.270000457763672,28.270000457763672,28.270000457763672,100.0
2021-06-09,27.858999252319336,27.858999252319336,28.260000228881836,27.858999252319336,28.219999313354492,8900.0
2021-06-10,27.499000549316406,27.499000549316406,27.889999389648438,27.499000549316406,27.860000610351562,800.0
2021-06-11,28.016000747680664,28.016000747680664,28.016000747680664,27.90999984741211,27.90999984741211,3300.0
2021-06-14,27.812000274658203,27.812000274658203,27.812000274658203,27.812000274658203,27.812000274658203,100.0
2021-06-15,27.683000564575195,27.683000564575195,27.683000564575195,27.683000564575195,27.683000564575195,0.0
2021-06-16,27.59000015258789,27.59000015258789,27.59000015258789,27.59000015258789,27.59000015258789,0.0
2021-06-17,26.93400001525879,26.93400001525879,27.690000534057617,26.93400001525879,27.690000534057617,300.0
2021-06-18,25.825000762939453,25.825000762939453,25.825000762939453,25.825000762939453,25.825000762939453,0.0
2021-06-21,26.89699935913086,26.89699935913086,26.89699935913086,26.89699935913086,26.89699935913086,100.0
2021-06-22,27.14299964904785,27.14299964904785,27.14299964904785,27.14299964904785,27.14299964904785,0.0
2021-06-23,27.315000534057617,27.315000534057617,27.315000534057617,27.315000534057617,27.315000534057617,0.0
2021-06-24,27.990999221801758,27.990999221801758,27.990999221801758,27.990999221801758,27.990999221801758,0.0
2021-06-25,28.104000091552734,28.104000091552734,28.104000091552734,28.104000091552734,28.104000091552734,0.0
2021-06-28,27.756000518798828,27.756000518798828,27.756000518798828,27.756000518798828,27.756000518798828,0.0
2021-06-29,27.46500015258789,27.46500015258789,27.46500015258789,27.46500015258789,27.46500015258789,0.0
2021-06-30,27.499000549316406,27.499000549316406,27.499000549316406,27.499000549316406,27.499000549316406,100.0
2021-07-01,27.8799991607666,27.8799991607666,27.889999389648438,27.829999923706055,27.829999923706055,1900.0
2021-07-02,27.378000259399414,27.378000259399414,27.378000259399414,27.378000259399414,27.378000259399414,100.0
2021-07-06,26.645999908447266,26.645999908447266,26.645999908447266,26.645999908447266,26.645999908447266,100.0
2021-07-07,26.139999389648438,26.139999389648438,26.139999389648438,26.139999389648438,26.139999389648438,100.0
2021-07-08,25.649999618530273,25.649999618530273,25.649999618530273,25.649999618530273,25.649999618530273,700.0
2021-07-09,26.740999221801758,26.740999221801758,26.740999221801758,26.6200008392334,26.6200008392334,500.0
2021-07-12,26.799999237060547,26.799999237060547,26.799999237060547,26.799999237060547,26.799999237060547,500.0
2021-07-13,25.770999908447266,25.770999908447266,25.770999908447266,25.770999908447266,25.770999908447266,1000.0
2021-07-14,24.969999313354492,24.969999313354492,25.940000534057617,24.8799991607666,25.940000534057617,6600.0
2021-07-15,24.663999557495117,24.663999557495117,24.760000228881836,24.6299991607666,24.6299991607666,1000.0
2021-07-16,24.076000213623047,24.076000213623047,24.076000213623047,24.076000213623047,24.076000213623047,100.0
2021-07-19,23.28499984741211,23.28499984741211,23.28499984741211,23.28499984741211,23.28499984741211,100.0
2021-07-20,24.84000015258789,24.84000015258789,24.959999084472656,24.829999923706055,24.959999084472656,3600.0
2021-07-21,25.66699981689453,25.66699981689453,25.66699981689453,25.66699981689453,25.66699981689453,200.0
2021-07-22,24.865999221801758,24.865999221801758,24.865999221801758,24.865999221801758,24.865999221801758,100.0
2021-07-23,25.110000610351562,25.110000610351562,25.110000610351562,25.110000610351562,25.110000610351562,100.0
2021-07-26,25.2549991607666,25.2549991607666,25.2549991607666,25.2549991607666,25.2549991607666,100.0
2021-07-27,24.68000030517578,24.68000030517578,24.68000030517578,24.68000030517578,24.68000030517578,0.0
2021-07-28,25.483999252319336,25.483999252319336,25.483999252319336,25.399999618530273,25.399999618530273,200.0
2021-07-29,25.84000015258789,25.84000015258789,25.84000015258789,25.84000015258789,25.84000015258789,200.0
2021-07-30,25.448999404907227,25.448999404907227,25.448999404907227,25.448999404907227,25.448999404907227,200.0
2021-08-02,25.211000442504883,25.211000442504883,25.211000442504883,25.211000442504883,25.211000442504883,100.0
2021-08-03,25.37700080871582,25.37700080871582,25.37700080871582,25.37700080871582,25.37700080871582,0.0
2021-08-04,24.785999298095703,24.785999298095703,24.785999298095703,24.785999298095703,24.785999298095703,0.0
2021-08-05,25.658000946044922,25.658000946044922,25.658000946044922,25.6299991607666,25.6299991607666,5300.0
2021-08-06,25.961000442504883,25.961000442504883,25.961000442504883,25.961000442504883,25.961000442504883,100.0
2021-08-09,25.670000076293945,25.670000076293945,25.670000076293945,25.670000076293945,25.670000076293945,100.0
2021-08-10,25.756000518798828,25.756000518798828,25.756000518798828,25.756000518798828,25.756000518798828,0.0
2021-08-11,26.003000259399414,26.003000259399414,26.003000259399414,26.003000259399414,26.003000259399414,100.0
2021-08-12,25.90399932861328,25.90399932861328,25.90399932861328,25.90399932861328,25.90399932861328,0.0
2021-08-13,25.38800048828125,25.38800048828125,25.38800048828125,25.38800048828125,25.38800048828125,100.0
2021-08-16,24.958999633789062,24.958999633789062,24.958999633789062,24.958999633789062,24.958999633789062,0.0
2021-08-17,24.351999282836914,24.351999282836914,24.351999282836914,24.351999282836914,24.351999282836914,0.0
2021-08-18,23.90999984741211,23.90999984741211,23.90999984741211,23.90999984741211,23.90999984741211,200.0
2021-08-19,23.319000244140625,23.319000244140625,23.319000244140625,23.319000244140625,23.319000244140625,100.0
2021-08-20,24.17099952697754,24.17099952697754,24.17099952697754,24.17099952697754,24.17099952697754,200.0
2021-08-23,25.118000030517578,25.118000030517578,25.118000030517578,25.118000030517578,25.118000030517578,0.0
2021-08-24,25.58099937438965,25.58099937438965,25.58099937438965,25.58099937438965,25.58099937438965,0.0
2021-08-25,25.816999435424805,25.816999435424805,25.816999435424805,25.816999435424805,25.816999435424805,100.0
2021-08-26,25.22599983215332,25.22599983215332,25.22599983215332,25.22599983215332,25.22599983215332,100.0
2021-08-27,26.601999282836914,26.601999282836914,26.719999313354492,25.600000381469727,25.600000381469727,14200.0
2021-08-30,26.384000778198242,26.384000778198242,26.530000686645508,26.384000778198242,26.530000686645508,200.0
2021-08-31,26.56999969482422,26.56999969482422,26.56999969482422,26.299999237060547,26.299999237060547,900.0
2021-09-01,26.87700080871582,26.87700080871582,26.87700080871582,26.75,26.75,900.0
2021-09-02,27.26799964904785,27.26799964904785,27.26799964904785,27.26799964904785,27.26799964904785,100.0
2021-09-03,26.988000869750977,26.988000869750977,26.988000869750977,26.988000869750977,26.988000869750977,100.0
2021-09-07,26.617000579833984,26.617000579833984,26.617000579833984,26.617000579833984,26.617000579833984,0.0
2021-09-08,25.9950008392334,25.9950008392334,25.9950008392334,25.9950008392334,25.9950008392334,0.0
2021-09-09,26.10700035095215,26.10700035095215,26.10700035095215,26.10700035095215,26.10700035095215,1200.0
2021-09-10,25.527999877929688,25.527999877929688,26.110000610351562,25.527999877929688,25.790000915527344,300.0
2021-09-13,25.81599998474121,25.81599998474121,25.81599998474121,25.81599998474121,25.81599998474121,100.0
2021-09-14,25.104000091552734,25.104000091552734,25.979999542236328,25.104000091552734,25.979999542236328,100.0
2021-09-15,25.6560001373291,25.6560001373291,25.6560001373291,25.6560001373291,25.6560001373291,100.0
2021-09-16,25.648000717163086,25.648000717163086,25.648000717163086,25.648000717163086,25.648000717163086,0.0
2021-09-17,25.735000610351562,25.735000610351562,25.735000610351562,25.5,25.559999465942383,200.0
2021-09-20,24.44700050354004,24.44700050354004,24.44700050354004,24.44700050354004,24.44700050354004,100.0
2021-09-21,24.59000015258789,24.59000015258789,24.59000015258789,24.59000015258789,24.59000015258789,100.0
2021-09-22,25.281999588012695,25.281999588012695,25.510000228881836,25.281999588012695,25.40999984741211,6000.0
2021-09-23,26.177000045776367,26.177000045776367,26.177000045776367,26.177000045776367,26.177000045776367,100.0
2021-09-24,26.018999099731445,26.018999099731445,26.018999099731445,26.018999099731445,26.018999099731445,0.0
2021-09-27,26.711999893188477,26.711999893188477,26.899999618530273,26.711999893188477,26.719999313354492,7900.0
2021-09-28,25.514999389648438,25.514999389648438,25.780000686645508,25.514999389648438,25.770000457763672,1300.0
2021-09-29,25.395000457763672,25.395000457763672,25.395000457763672,25.395000457763672,25.395000457763672,0.0
2021-09-30,25.020000457763672,25.020000457763672,25.43000030517578,25.020000457763672,25.43000030517578,100.0
2021-10-01,25.847999572753906,25.847999572753906,25.969999313354492,25.020000457763672,25.049999237060547,2500.0
2021-10-04,25.270000457763672,25.270000457763672,25.270000457763672,25.270000457763672,25.270000457763672,0.0
2021-10-05,25.576000213623047,25.576000213623047,25.576000213623047,25.576000213623047,25.576000213623047,0.0
2021-10-06,25.222000122070312,25.222000122070312,25.222000122070312,25.222000122070312,25.222000122070312,100.0
2021-10-07,25.972000122070312,25.972000122070312,26.31999969482422,25.972000122070312,26.09000015258789,5200.0
2021-10-08,25.972000122070312,25.972000122070312,25.972000122070312,25.972000122070312,25.972000122070312,0.0
2021-10-11,25.43600082397461,25.43600082397461,26.030000686645508,25.43600082397461,26.030000686645508,200.0
2021-10-12,25.673999786376953,25.673999786376953,25.673999786376953,25.673999786376953,25.673999786376953,100.0
2021-10-13,25.836000442504883,25.836000442504883,25.836000442504883,25.836000442504883,25.836000442504883,0.0
2021-10-14,26.575000762939453,26.575000762939453,26.575000762939453,26.575000762939453,26.575000762939453,0.0
2021-10-15,26.44700050354004,26.44700050354004,26.44700050354004,26.44700050354004,26.44700050354004,100.0
2021-10-18,26.45400047302246,26.45400047302246,26.45400047302246,26.45400047302246,26.45400047302246,100.0
2021-10-19,26.618999481201172,26.618999481201172,26.618999481201172,26.618999481201172,26.618999481201172,100.0
2021-10-20,26.913000106811523,26.913000106811523,26.969999313354492,26.913000106811523,26.969999313354492,1900.0
2021-10-21,27.115999221801758,27.115999221801758,27.200000762939453,27.0,27.200000762939453,5300.0
2021-10-22,26.975000381469727,26.975000381469727,26.975000381469727,26.975000381469727,26.975000381469727,0.0
2021-10-25,27.45400047302246,27.45400047302246,27.459999084472656,27.40999984741211,27.459999084472656,800.0
2021-10-26,27.091999053955078,27.091999053955078,27.479999542236328,27.091999053955078,27.479999542236328,200.0
2021-10-27,26.091999053955078,26.091999053955078,26.091999053955078,26.091999053955078,26.091999053955078,100.0
2021-10-28,27.18000030517578,27.18000030517578,27.18000030517578,26.8700008392334,26.8700008392334,600.0
2021-10-29,27.034000396728516,27.034000396728516,27.139999389648438,27.034000396728516,27.09000015258789,2100.0
2021-11-01,28.509000778198242,28.509000778198242,28.509000778198242,28.509000778198242,28.509000778198242,100.0
2021-11-02,28.61400032043457,28.61400032043457,30.0,28.260000228881836,30.0,1500.0
2021-11-03,29.60700035095215,29.60700035095215,29.60700035095215,28.69499969482422,28.69499969482422,500.0
2021-11-04,29.53499984741211,29.53499984741211,29.53499984741211,29.53499984741211,29.53499984741211,100.0
2021-11-05,30.364999771118164,30.364999771118164,30.3700008392334,30.110000610351562,30.110000610351562,500.0
2021-11-08,30.43000030517578,30.43000030517578,34.63999938964844,30.43000030517578,32.0099983215332,2000.0
2021-11-09,30.11199951171875,30.11199951171875,30.239999771118164,30.035999298095703,30.059999465942383,4100.0
2021-11-10,29.27199935913086,29.27199935913086,30.110000610351562,28.420000076293945,28.420000076293945,3700.0
2021-11-11,29.69499969482422,29.69499969482422,29.81999969482422,29.69499969482422,29.81999969482422,500.0
2021-11-12,29.726999282836914,29.726999282836914,29.726999282836914,29.709999084472656,29.709999084472656,200.0
2021-11-15,29.45400047302246,29.45400047302246,29.8700008392334,29.45400047302246,29.8700008392334,1000.0
2021-11-16,29.586999893188477,29.586999893188477,29.586999893188477,27.989999771118164,27.989999771118164,300.0
2021-11-17,28.992000579833984,28.992000579833984,28.992000579833984,28.992000579833984,28.992000579833984,100.0
2021-11-18,28.63800048828125,28.63800048828125,29.3799991607666,28.63800048828125,29.350000381469727,600.0
2021-11-19,28.15399932861328,28.15399932861328,28.450000762939453,28.15399932861328,28.219999313354492,5600.0
2021-11-22,27.954999923706055,27.954999923706055,28.809999465942383,27.954999923706055,28.34000015258789,1100.0
2021-11-23,27.841999053955078,27.841999053955078,27.841999053955078,27.700000762939453,27.700000762939453,400.0
2021-11-24,27.937999725341797,27.937999725341797,27.937999725341797,27.937999725341797,27.937999725341797,100.0
2021-11-26,25.93600082397461,25.93600082397461,25.93600082397461,25.790000915527344,25.799999237060547,2200.0
2021-11-29,25.87700080871582,25.87700080871582,26.246999740600586,25.87700080871582,26.200000762939453,1900.0
2021-11-30,24.871000289916992,24.871000289916992,25.3799991607666,24.510000228881836,25.3799991607666,600.0
2021-12-01,23.74799919128418,23.74799919128418,26.139999389648438,23.74799919128418,26.1200008392334,2900.0
2021-12-02,25.010000228881836,25.010000228881836,25.010000228881836,25.010000228881836,25.010000228881836,100.0
2021-12-03,23.947999954223633,23.947999954223633,24.1299991607666,23.947999954223633,24.1299991607666,500.0
2021-12-06,25.01300048828125,25.01300048828125,25.01300048828125,24.989999771118164,24.989999771118164,100.0
2021-12-07,26.139999389648438,26.139999389648438,26.59000015258789,26.139999389648438,26.360000610351562,400.0
2021-12-08,26.55500030517578,26.55500030517578,26.68000030517578,26.520000457763672,26.6200008392334,1000.0
2021-12-09,25.371000289916992,25.371000289916992,25.371000289916992,25.371000289916992,25.371000289916992,100.0
2021-12-10,25.12700080871582,25.12700080871582,25.12700080871582,25.12700080871582,25.12700080871582,100.0
2021-12-13,24.415000915527344,24.415000915527344,24.415000915527344,24.415000915527344,24.415000915527344,100.0
2021-12-14,23.927000045776367,23.927000045776367,24.739999771118164,23.927000045776367,24.739999771118164,1300.0
2021-12-15,24.825000762939453,24.825000762939453,24.825000762939453,23.950000762939453,24.114999771118164,2200.0
2021-12-16,23.790000915527344,23.790000915527344,23.790000915527344,23.790000915527344,23.790000915527344,100.0
2021-12-17,24.297000885009766,24.297000885009766,24.450000762939453,24.297000885009766,24.450000762939453,100.0
2021-12-20,23.525999069213867,23.525999069213867,23.525999069213867,22.920000076293945,22.950000762939453,300.0
2021-12-21,24.97800064086914,24.97800064086914,24.979999542236328,24.34000015258789,24.3799991607666,20700.0
2021-12-22,25.371999740600586,25.371999740600586,25.371999740600586,25.371999740600586,25.371999740600586,0.0
2021-12-23,25.878000259399414,25.878000259399414,26.020000457763672,25.878000259399414,26.020000457763672,600.0
2021-12-27,26.280000686645508,26.280000686645508,26.280000686645508,26.280000686645508,26.280000686645508,100.0
2021-12-28,25.95199966430664,25.95199966430664,25.95199966430664,25.95199966430664,25.95199966430664,100.0
2021-12-29,25.993000030517578,25.993000030517578,26.200000762939453,25.899999618530273,25.93000030517578,6500.0
2021-12-30,26.055999755859375,26.055999755859375,26.700000762939453,26.055999755859375,26.549999237060547,5400.0
2021-12-31,25.96299934387207,25.96299934387207,25.969999313354492,25.96299934387207,25.969999313354492,200.0
2022-01-03,26.51300048828125,26.51300048828125,26.51300048828125,26.51300048828125,26.51300048828125,100.0
2022-01-04,26.51099967956543,26.51099967956543,26.51099967956543,26.51099967956543,26.51099967956543,100.0
2022-01-05,24.792999267578125,24.792999267578125,24.889999389648438,24.792999267578125,24.889999389648438,100.0
2022-01-06,24.979000091552734,24.979000091552734,24.979000091552734,24.940000534057617,24.940000534057617,400.0
2022-01-07,24.448999404907227,24.448999404907227,24.448999404907227,24.448999404907227,24.448999404907227,100.0
2022-01-10,24.19300079345703,24.19300079345703,24.19300079345703,23.81999969482422,23.81999969482422,300.0
2022-01-11,24.722999572753906,24.722999572753906,24.722999572753906,24.420000076293945,24.459999084472656,700.0
2022-01-12,24.42799949645996,24.42799949645996,24.42799949645996,24.42799949645996,24.42799949645996,100.0
2022-01-13,23.940000534057617,23.940000534057617,24.459999084472656,23.940000534057617,24.459999084472656,500.0
2022-01-14,24.020000457763672,24.020000457763672,24.020000457763672,24.020000457763672,24.020000457763672,100.0
2022-01-18,22.559999465942383,22.559999465942383,26.190000534057617,22.559999465942383,26.190000534057617,13100.0
2022-01-19,21.820999145507812,21.820999145507812,22.610000610351562,21.820999145507812,22.610000610351562,300.0
2022-01-20,20.917999267578125,20.917999267578125,22.299999237060547,20.917999267578125,22.299999237060547,200.0
2022-01-21,20.243000030517578,20.243000030517578,21.010000228881836,20.243000030517578,21.010000228881836,2600.0
2022-01-24,21.158000946044922,21.158000946044922,21.158000946044922,19.010000228881836,19.5,3400.0
2022-01-25,20.514999389648438,20.514999389648438,20.514999389648438,20.514999389648438,20.514999389648438,100.0
2022-01-26,19.81800079345703,19.81800079345703,19.81800079345703,19.350000381469727,19.350000381469727,200.0
2022-01-27,18.847999572753906,18.847999572753906,18.940000534057617,18.847999572753906,18.940000534057617,2200.0
2022-01-28,19.54800033569336,19.54800033569336,19.549999237060547,18.81399917602539,18.850000381469727,9500.0
2022-01-31,20.97599983215332,20.97599983215332,20.97599983215332,20.97599983215332,20.97599983215332,100.0
2022-02-01,21.55299949645996,21.55299949645996,21.55299949645996,21.1299991607666,21.1299991607666,1300.0
2022-02-02,21.05299949645996,21.05299949645996,21.079999923706055,20.8799991607666,20.8799991607666,300.0
2022-02-03,20.222000122070312,20.222000122070312,20.420000076293945,20.222000122070312,20.420000076293945,200.0
2022-02-04,20.44300079345703,20.44300079345703,20.44300079345703,20.44300079345703,20.44300079345703,0.0
2022-02-07,20.628999710083008,20.628999710083008,20.65999984741211,20.440000534057617,20.440000534057617,800.0
2022-02-08,21.43600082397461,21.43600082397461,21.43600082397461,21.43600082397461,21.43600082397461,0.0
2022-02-09,22.209999084472656,22.209999084472656,22.239999771118164,22.0,22.030000686645508,1800.0
2022-02-10,21.56100082397461,21.56100082397461,22.709999084472656,21.56100082397461,22.709999084472656,3900.0
2022-02-11,21.145999908447266,21.145999908447266,21.145999908447266,21.145999908447266,21.145999908447266,100.0
2022-02-14,20.88599967956543,20.88599967956543,20.959999084472656,20.8700008392334,20.8700008392334,12300.0
2022-02-15,22.062000274658203,22.062000274658203,22.062000274658203,22.062000274658203,22.062000274658203,100.0
2022-02-16,22.176000595092773,22.176000595092773,22.176000595092773,22.176000595092773,22.176000595092773,0.0
2022-02-17,21.062999725341797,21.062999725341797,21.062999725341797,21.062999725341797,21.062999725341797,0.0
2022-02-18,20.606000900268555,20.606000900268555,20.700000762939453,20.606000900268555,20.700000762939453,600.0
2022-02-22,19.952999114990234,19.952999114990234,20.040000915527344,19.81999969482422,19.81999969482422,300.0
2022-02-23,19.143999099731445,19.143999099731445,19.143999099731445,19.143999099731445,19.143999099731445,100.0
2022-02-24,20.277000427246094,20.277000427246094,20.277000427246094,20.277000427246094,20.277000427246094,0.0
2022-02-25,21.235000610351562,21.235000610351562,21.235000610351562,21.235000610351562,21.235000610351562,0.0
2022-02-28,21.503999710083008,21.503999710083008,21.503999710083008,21.459999084472656,21.459999084472656,1000.0
2022-03-01,20.51300048828125,20.51300048828125,20.610000610351562,20.51300048828125,20.610000610351562,1000.0
2022-03-02,21.70599937438965,21.70599937438965,21.70599937438965,21.70599937438965,21.70599937438965,200.0
2022-03-03,21.106000900268555,21.106000900268555,21.106000900268555,21.106000900268555,21.106000900268555,100.0
2022-03-04,20.405000686645508,20.405000686645508,20.405000686645508,20.405000686645508,20.405000686645508,100.0
2022-03-07,19.361000061035156,19.361000061035156,19.361000061035156,19.361000061035156,19.361000061035156,0.0
2022-03-08,19.618999481201172,19.618999481201172,19.618999481201172,19.618999481201172,19.618999481201172,100.0
2022-03-09,20.743000030517578,20.743000030517578,20.743000030517578,20.743000030517578,20.743000030517578,0.0
2022-03-10,20.697999954223633,20.697999954223633,20.697999954223633,20.697999954223633,20.697999954223633,100.0
2022-03-11,19.996999740600586,19.996999740600586,20.309999465942383,19.996999740600586,20.309999465942383,200.0
2022-03-14,19.11400032043457,19.11400032043457,19.11400032043457,19.11400032043457,19.11400032043457,100.0
2022-03-15,19.718000411987305,19.718000411987305,19.718000411987305,19.718000411987305,19.718000411987305,0.0
2022-03-16,21.104000091552734,21.104000091552734,21.104000091552734,20.530000686645508,20.530000686645508,100.0
2022-03-17,21.834999084472656,21.834999084472656,21.834999084472656,21.834999084472656,21.834999084472656,100.0
2022-03-18,22.363000869750977,22.363000869750977,22.363000869750977,22.363000869750977,22.363000869750977,0.0
2022-03-21,21.844999313354492,21.844999313354492,22.25,21.844999313354492,22.25,900.0
2022-03-22,22.354000091552734,22.354000091552734,22.354000091552734,22.354000091552734,22.354000091552734,0.0
2022-03-23,21.582000732421875,21.582000732421875,21.582000732421875,21.582000732421875,21.582000732421875,0.0
2022-03-24,22.024999618530273,22.024999618530273,22.024999618530273,21.799999237060547,21.799999237060547,200.0
2022-03-25,22.135000228881836,22.135000228881836,22.135000228881836,22.135000228881836,22.135000228881836,100.0
2022-03-28,22.070999145507812,22.070999145507812,22.070999145507812,22.070999145507812,22.070999145507812,100.0
2022-03-29,23.344999313354492,23.344999313354492,23.344999313354492,23.344999313354492,23.344999313354492,100.0
2022-03-30,22.402999877929688,22.402999877929688,22.402999877929688,22.402999877929688,22.402999877929688,100.0
2022-03-31,21.96299934387207,21.96299934387207,21.96299934387207,21.96299934387207,21.96299934387207,0.0
2022-04-01,22.43000030517578,22.43000030517578,22.43000030517578,22.43000030517578,22.43000030517578,0.0
2022-04-04,22.48200035095215,22.48200035095215,22.48200035095215,22.48200035095215,22.48200035095215,0.0
2022-04-05,21.39699935913086,21.39699935913086,21.850000381469727,21.39699935913086,21.850000381469727,700.0
2022-04-06,20.788000106811523,20.788000106811523,20.788000106811523,20.788000106811523,20.788000106811523,0.0
2022-04-07,20.60300064086914,20.60300064086914,20.60300064086914,20.60300064086914,20.60300064086914,0.0
2022-04-08,20.25200080871582,20.25200080871582,20.25200080871582,20.25200080871582,20.25200080871582,0.0
2022-04-11,19.929000854492188,19.929000854492188,19.929000854492188,19.929000854492188,19.929000854492188,100.0
2022-04-12,20.097999572753906,20.097999572753906,20.097999572753906,20.097999572753906,20.097999572753906,100.0
2022-04-13,20.96500015258789,20.96500015258789,20.96500015258789,20.96500015258789,20.96500015258789,0.0
2022-04-14,20.506999969482422,20.506999969482422,20.506999969482422,20.506999969482422,20.506999969482422,100.0
2022-04-18,20.195999145507812,20.195999145507812,20.195999145507812,20.195999145507812,20.195999145507812,0.0
2022-04-19,21.07699966430664,21.07699966430664,21.18000030517578,21.07699966430664,21.18000030517578,200.0
2022-04-20,21.246000289916992,21.246000289916992,21.246000289916992,21.246000289916992,21.246000289916992,0.0
2022-04-21,20.28499984741211,20.28499984741211,20.28499984741211,20.28499984741211,20.28499984741211,100.0
2022-04-22,19.204999923706055,19.204999923706055,19.204999923706055,19.204999923706055,19.204999923706055,100.0
2022-04-25,19.204999923706055,19.204999923706055,19.204999923706055,19.204999923706055,19.204999923706055,0.0
2022-04-26,18.218000411987305,18.218000411987305,18.218000411987305,18.218000411987305,18.218000411987305,0.0
2022-04-27,18.030000686645508,18.030000686645508,18.350000381469727,18.030000686645508,18.350000381469727,100.0
2022-04-28,18.698999404907227,18.698999404907227,18.698999404907227,18.698999404907227,18.698999404907227,100.0
2022-04-29,17.524999618530273,17.524999618530273,18.8799991607666,17.510000228881836,18.8700008392334,12000.0
2022-05-02,17.98699951171875,17.98699951171875,17.98699951171875,17.98699951171875,17.98699951171875,100.0
2022-05-03,18.378999710083008,18.378999710083008,18.378999710083008,18.378999710083008,18.378999710083008,100.0
2022-05-04,19.35099983215332,19.35099983215332,19.35099983215332,19.35099983215332,19.35099983215332,0.0
2022-05-05,17.694000244140625,17.694000244140625,17.694000244140625,17.694000244140625,17.694000244140625,0.0
2022-05-06,17.08799934387207,17.08799934387207,17.08799934387207,17.08799934387207,17.08799934387207,100.0
2022-05-09,15.494999885559082,15.494999885559082,15.494999885559082,15.494999885559082,15.494999885559082,100.0
2022-05-10,15.479999542236328,15.479999542236328,15.479999542236328,15.479999542236328,15.479999542236328,0.0
2022-05-11,14.571999549865723,14.571999549865723,14.571999549865723,14.571999549865723,14.571999549865723,100.0
2022-05-12,14.934000015258789,14.934000015258789,14.934000015258789,14.934000015258789,14.934000015258789,100.0
2022-05-13,16.111000061035156,16.111000061035156,16.111000061035156,16.111000061035156,16.111000061035156,100.0
2022-05-16,15.930999755859375,15.930999755859375,15.930999755859375,15.930999755859375,15.930999755859375,0.0
2022-05-17,17.089000701904297,17.089000701904297,17.089000701904297,17.089000701904297,17.089000701904297,100.0
2022-05-18,15.710000038146973,15.710000038146973,15.710000038146973,15.710000038146973,15.710000038146973,0.0
2022-05-19,15.812000274658203,15.812000274658203,15.812000274658203,15.812000274658203,15.812000274658203,0.0
2022-05-20,15.67300033569336,15.67300033569336,15.67300033569336,15.67300033569336,15.67300033569336,0.0
2022-05-23,16.06999969482422,16.06999969482422,16.06999969482422,16.06999969482422,16.06999969482422,0.0
2022-05-24,15.503000259399414,15.503000259399414,15.503000259399414,15.503000259399414,15.503000259399414,0.0
2022-05-25,16.263999938964844,16.263999938964844,16.263999938964844,16.263999938964844,16.263999938964844,0.0
2022-05-26,17.086000442504883,17.086000442504883,17.086000442504883,17.086000442504883,17.086000442504883,0.0
2022-05-27,18.045000076293945,18.045000076293945,18.045000076293945,18.045000076293945,18.045000076293945,0.0
2022-05-31,17.6299991607666,17.6299991607666,17.6299991607666,17.6299991607666,17.6299991607666,100.0
2022-06-01,17.479000091552734,17.479000091552734,17.479000091552734,17.479000091552734,17.479000091552734,0.0
2022-06-02,18.288000106811523,18.288000106811523,18.288000106811523,18.288000106811523,18.288000106811523,0.0
2022-06-03,17.98900032043457,17.98900032043457,17.98900032043457,17.98900032043457,17.98900032043457,0.0
2022-06-06,18.1299991607666,18.1299991607666,18.1299991607666,18.1299991607666,18.1299991607666,0.0
2022-06-07,18.73699951171875,18.73699951171875,18.73699951171875,18.73699951171875,18.73699951171875,0.0
2022-06-08,18.14900016784668,18.14900016784668,18.14900016784668,18.14900016784668,18.14900016784668,100.0
2022-06-09,17.31100082397461,17.31100082397461,17.31100082397461,17.31100082397461,17.31100082397461,100.0
2022-06-10,16.322999954223633,16.322999954223633,16.322999954223633,16.322999954223633,16.322999954223633,100.0
2022-06-13,14.484999656677246,14.484999656677246,14.710000038146973,14.484999656677246,14.710000038146973,100.0
2022-06-14,14.35200023651123,14.35200023651123,14.35200023651123,14.35200023651123,14.35200023651123,100.0
2022-06-15,14.861000061035156,14.861000061035156,14.861000061035156,14.84000015258789,14.84000015258789,200.0
2022-06-16,13.142999649047852,13.142999649047852,13.142999649047852,13.142999649047852,13.142999649047852,100.0
2022-06-17,13.505999565124512,13.505999565124512,13.609999656677246,13.505999565124512,13.609999656677246,200.0
2022-06-21,14.092000007629395,14.092000007629395,14.092000007629395,14.092000007629395,14.092000007629395,0.0
2022-06-22,14.043000221252441,14.043000221252441,14.043000221252441,14.043000221252441,14.043000221252441,100.0
2022-06-23,14.402000427246094,14.402000427246094,14.402000427246094,14.402000427246094,14.402000427246094,100.0
2022-06-24,15.496000289916992,15.496000289916992,15.496000289916992,15.496000289916992,15.496000289916992,100.0
2022-06-27,15.63599967956543,15.63599967956543,15.75,15.63599967956543,15.75,300.0
2022-06-28,14.984999656677246,14.984999656677246,15.239999771118164,14.984999656677246,15.239999771118164,200.0
2022-06-29,14.5649995803833,14.5649995803833,14.5649995803833,14.420000076293945,14.420000076293945,400.0
2022-06-30,14.24899959564209,14.24899959564209,14.579999923706055,14.24899959564209,14.579999923706055,200.0
2022-07-01,14.718999862670898,14.718999862670898,14.718999862670898,14.095000267028809,14.170000076293945,1100.0
2022-07-05,14.96500015258789,14.96500015258789,14.96500015258789,14.0,14.050000190734863,4100.0
2022-07-06,14.746999740600586,14.746999740600586,14.746999740600586,14.746999740600586,14.746999740600586,0.0
2022-07-07,15.621999740600586,15.621999740600586,15.621999740600586,15.621999740600586,15.621999740600586,0.0
2022-07-08,15.642000198364258,15.642000198364258,15.642000198364258,15.642000198364258,15.642000198364258,100.0
2022-07-11,14.8149995803833,14.8149995803833,14.8149995803833,14.8149995803833,14.8149995803833,0.0
2022-07-12,14.772000312805176,14.772000312805176,14.772000312805176,14.772000312805176,14.772000312805176,100.0
2022-07-13,14.73799991607666,14.73799991607666,14.73799991607666,14.73799991607666,14.73799991607666,0.0
2022-07-14,14.418000221252441,14.418000221252441,14.418000221252441,13.9399995803833,13.9399995803833,1900.0
2022-07-15,15.012999534606934,15.012999534606934,15.012999534606934,15.012999534606934,15.012999534606934,100.0
2022-07-18,14.942000389099121,14.942000389099121,14.942000389099121,14.942000389099121,14.942000389099121,100.0
2022-07-19,15.97599983215332,15.97599983215332,15.97599983215332,15.97599983215332,15.97599983215332,0.0
2022-07-20,16.468000411987305,16.468000411987305,16.468000411987305,16.020000457763672,16.020000457763672,3600.0
2022-07-21,16.525999069213867,16.525999069213867,16.525999069213867,16.525999069213867,16.525999069213867,100.0
2022-07-22,16.07900047302246,16.07900047302246,16.07900047302246,16.07900047302246,16.07900047302246,0.0
2022-07-25,16.281999588012695,16.281999588012695,16.281999588012695,16.281999588012695,16.281999588012695,0.0
2022-07-26,16.07900047302246,16.07900047302246,16.110000610351562,16.07900047302246,16.110000610351562,200.0
2022-07-27,16.82699966430664,16.82699966430664,16.82699966430664,16.82699966430664,16.82699966430664,0.0
2022-07-28,17.200000762939453,17.200000762939453,17.200000762939453,17.0,17.0,300.0
2022-07-29,17.422000885009766,17.422000885009766,17.422000885009766,17.360000610351562,17.360000610351562,100.0
2022-08-01,17.386999130249023,17.386999130249023,17.386999130249023,17.131000518798828,17.131000518798828,300.0
2022-08-02,17.395000457763672,17.395000457763672,17.395000457763672,17.395000457763672,17.395000457763672,100.0
2022-08-03,17.851999282836914,17.851999282836914,17.851999282836914,17.851999282836914,17.851999282836914,100.0
2022-08-04,17.777999877929688,17.777999877929688,17.777999877929688,17.777999877929688,17.777999877929688,300.0
2022-08-05,18.04800033569336,18.04800033569336,18.04800033569336,18.04800033569336,18.04800033569336,0.0
2022-08-08,18.354999542236328,18.354999542236328,18.354999542236328,18.354999542236328,18.354999542236328,0.0
2022-08-09,17.808000564575195,17.808000564575195,17.808000564575195,17.808000564575195,17.808000564575195,0.0
2022-08-10,18.82200050354004,18.82200050354004,18.82200050354004,18.82200050354004,18.82200050354004,0.0
2022-08-11,18.948999404907227,18.948999404907227,19.327999114990234,18.948999404907227,19.31999969482422,1800.0
2022-08-12,19.604000091552734,19.604000091552734,19.604000091552734,19.604000091552734,19.604000091552734,200.0
2022-08-15,19.698999404907227,19.698999404907227,19.698999404907227,19.698999404907227,19.698999404907227,0.0
2022-08-16,19.700000762939453,19.700000762939453,19.700000762939453,19.700000762939453,19.700000762939453,100.0
2022-08-17,19.131999969482422,19.131999969482422,19.131999969482422,19.049999237060547,19.049999237060547,1000.0
2022-08-18,19.349000930786133,19.349000930786133,19.349000930786133,19.349000930786133,19.349000930786133,0.0
2022-08-19,18.631999969482422,18.631999969482422,18.631999969482422,18.631999969482422,18.631999969482422,100.0
2022-08-22,17.895000457763672,17.895000457763672,17.895000457763672,17.895000457763672,17.895000457763672,100.0
2022-08-23,17.986000061035156,17.986000061035156,17.989999771118164,17.986000061035156,17.989999771118164,100.0
2022-08-24,18.253000259399414,18.253000259399414,18.253000259399414,18.253000259399414,18.253000259399414,100.0
2022-08-25,18.702999114990234,18.702999114990234,18.702999114990234,18.702999114990234,18.702999114990234,0.0
2022-08-26,17.649999618530273,17.649999618530273,18.670000076293945,17.649999618530273,18.6299991607666,3000.0
2022-08-29,17.36199951171875,17.36199951171875,17.36199951171875,17.36199951171875,17.36199951171875,100.0
2022-08-30,16.851999282836914,16.851999282836914,16.851999282836914,16.780000686645508,16.7810001373291,3200.0
2022-08-31,16.700000762939453,16.700000762939453,16.76099967956543,16.700000762939453,16.76099967956543,100.0
2022-09-01,16.288000106811523,16.288000106811523,16.288000106811523,16.288000106811523,16.288000106811523,0.0
2022-09-02,16.059999465942383,16.059999465942383,16.059999465942383,16.059999465942383,16.059999465942383,0.0
2022-09-06,15.739999771118164,15.739999771118164,15.75,15.739999771118164,15.75,1500.0
2022-09-07,16.400999069213867,16.400999069213867,16.400999069213867,16.329999923706055,16.329999923706055,200.0
2022-09-08,16.687000274658203,16.687000274658203,16.687000274658203,16.687000274658203,16.687000274658203,100.0
2022-09-09,17.326000213623047,17.326000213623047,17.326000213623047,17.190000534057617,17.190000534057617,300.0
2022-09-12,17.707000732421875,17.707000732421875,17.707000732421875,17.707000732421875,17.707000732421875,0.0
2022-09-13,16.45400047302246,16.45400047302246,16.45400047302246,16.45400047302246,16.45400047302246,100.0
2022-09-14,16.534000396728516,16.534000396728516,16.534000396728516,16.534000396728516,16.534000396728516,0.0
2022-09-15,16.34600067138672,16.34600067138672,16.34600067138672,16.34600067138672,16.34600067138672,0.0
2022-09-16,15.868000030517578,15.868000030517578,15.868000030517578,15.868000030517578,15.868000030517578,0.0
2022-09-19,16.114999771118164,16.114999771118164,16.114999771118164,16.114999771118164,16.114999771118164,0.0
2022-09-20,15.701000213623047,15.701000213623047,15.701000213623047,15.701000213623047,15.701000213623047,0.0
2022-09-21,15.307999610900879,15.307999610900879,15.307999610900879,15.307999610900879,15.307999610900879,0.0
2022-09-22,14.619999885559082,14.619999885559082,14.619999885559082,14.619999885559082,14.619999885559082,100.0
2022-09-23,13.807000160217285,13.807000160217285,13.807000160217285,13.807000160217285,13.807000160217285,0.0
2022-09-26,13.458999633789062,13.458999633789062,13.458999633789062,13.449999809265137,13.449999809265137,7000.0
2022-09-27,13.562000274658203,13.562000274658203,13.562000274658203,13.562000274658203,13.562000274658203,0.0
2022-09-28,14.498000144958496,14.498000144958496,14.498000144958496,14.498000144958496,14.498000144958496,100.0
2022-09-29,13.739999771118164,13.739999771118164,13.739999771118164,13.739999771118164,13.739999771118164,0.0
2022-09-30,13.628999710083008,13.628999710083008,13.628999710083008,13.628999710083008,13.628999710083008,0.0
2022-10-03,14.336999893188477,14.336999893188477,14.336999893188477,14.336999893188477,14.336999893188477,0.0
2022-10-04,15.397000312805176,15.397000312805176,15.397000312805176,15.210000038146973,15.210000038146973,7000.0
2022-10-05,15.288000106811523,15.288000106811523,15.288000106811523,15.288000106811523,15.288000106811523,0.0
2022-10-06,15.11299991607666,15.11299991607666,15.11299991607666,15.11299991607666,15.11299991607666,100.0
2022-10-07,14.25,14.25,14.25,14.25,14.25,100.0
2022-10-10,14.081999778747559,14.081999778747559,14.081999778747559,14.081999778747559,14.081999778747559,0.0
2022-10-11,14.083999633789062,14.083999633789062,14.083999633789062,14.083999633789062,14.083999633789062,100.0
2022-10-12,14.012999534606934,14.012999534606934,14.012999534606934,14.012999534606934,14.012999534606934,0.0
2022-10-13,14.666999816894531,14.666999816894531,14.666999816894531,14.666999816894531,14.666999816894531,100.0
2022-10-14,13.890999794006348,13.890999794006348,13.890999794006348,13.890999794006348,13.890999794006348,0.0
2022-10-17,14.784000396728516,14.784000396728516,14.784000396728516,14.784000396728516,14.784000396728516,0.0
2022-10-18,15.074999809265137,15.074999809265137,15.074999809265137,15.074999809265137,15.074999809265137,0.0
2022-10-19,14.579999923706055,14.579999923706055,14.579999923706055,14.579999923706055,14.579999923706055,100.0
2022-10-20,14.267999649047852,14.267999649047852,14.267999649047852,14.267999649047852,14.267999649047852,0.0
2022-10-21,14.87600040435791,14.87600040435791,14.87600040435791,14.87600040435791,14.87600040435791,0.0
2022-10-24,14.968999862670898,14.968999862670898,14.968999862670898,14.968999862670898,14.968999862670898,100.0
2022-10-25,15.762999534606934,15.762999534606934,15.762999534606934,15.762999534606934,15.762999534606934,100.0
2022-10-26,15.932000160217285,15.932000160217285,15.932000160217285,15.932000160217285,15.932000160217285,100.0
2022-10-27,15.88599967956543,15.88599967956543,15.88599967956543,15.88599967956543,15.88599967956543,100.0
2022-10-28,16.60700035095215,16.60700035095215,16.60700035095215,16.329999923706055,16.329999923706055,600.0
2022-10-31,16.60700035095215,16.60700035095215,16.60700035095215,16.60700035095215,16.60700035095215,100.0
2022-11-01,16.66200065612793,16.66200065612793,16.68000030517578,16.66200065612793,16.68000030517578,100.0
2022-11-02,15.590999603271484,15.590999603271484,15.590999603271484,15.590999603271484,15.590999603271484,100.0
2022-11-03,15.467000007629395,15.467000007629395,15.467000007629395,15.467000007629395,15.467000007629395,100.0
2022-11-04,15.791999816894531,15.791999816894531,15.791999816894531,15.680000305175781,15.680000305175781,100.0
2022-11-07,15.9399995803833,15.9399995803833,15.9399995803833,15.9399995803833,15.9399995803833,0.0
2022-11-08,15.958000183105469,15.958000183105469,15.958000183105469,15.958000183105469,15.958000183105469,0.0
2022-11-09,15.095999717712402,15.095999717712402,15.095999717712402,15.095999717712402,15.095999717712402,0.0
2022-11-10,16.93199920654297,16.93199920654297,16.93199920654297,16.780000686645508,16.780000686645508,300.0
2022-11-11,17.149999618530273,17.149999618530273,17.270000457763672,17.149999618530273,17.270000457763672,600.0
2022-11-14,16.825000762939453,16.825000762939453,16.825000762939453,16.825000762939453,16.825000762939453,100.0
2022-11-15,17.264999389648438,17.264999389648438,17.5,17.264999389648438,17.5,1000.0
2022-11-16,16.631000518798828,16.631000518798828,16.631000518798828,16.631000518798828,16.631000518798828,0.0
2022-11-17,16.35700035095215,16.35700035095215,16.35700035095215,16.35700035095215,16.35700035095215,100.0
2022-11-18,16.579999923706055,16.579999923706055,16.579999923706055,16.579999923706055,16.579999923706055,100.0
2022-11-21,16.400999069213867,16.400999069213867,16.400999069213867,16.400999069213867,16.400999069213867,0.0
2022-11-22,16.766000747680664,16.766000747680664,16.766000747680664,16.766000747680664,16.766000747680664,0.0
2022-11-23,16.819000244140625,16.819000244140625,16.819000244140625,16.770000457763672,16.770000457763672,2000.0
2022-11-25,16.91900062561035,16.91900062561035,16.91900062561035,16.91900062561035,16.91900062561035,0.0
2022-11-28,16.257999420166016,16.257999420166016,16.257999420166016,16.257999420166016,16.257999420166016,0.0
2022-11-29,16.37700080871582,16.37700080871582,16.37700080871582,16.37700080871582,16.37700080871582,100.0
2022-11-30,17.160999298095703,17.160999298095703,17.160999298095703,17.160999298095703,17.160999298095703,100.0
2022-12-01,17.128999710083008,17.128999710083008,17.128999710083008,17.128999710083008,17.128999710083008,100.0
2022-12-02,17.31599998474121,17.31599998474121,17.31599998474121,17.31599998474121,17.31599998474121,100.0
2022-12-05,16.430999755859375,16.430999755859375,16.430999755859375,16.430999755859375,16.430999755859375,100.0
2022-12-06,15.970000267028809,15.970000267028809,15.970000267028809,15.970000267028809,15.970000267028809,100.0
2022-12-07,15.90999984741211,15.90999984741211,15.90999984741211,15.90999984741211,15.90999984741211,0.0
2022-12-08,16.06999969482422,16.06999969482422,16.09000015258789,15.949999809265137,16.079999923706055,1200.0
2022-12-09,15.727999687194824,15.727999687194824,15.727999687194824,15.727999687194824,15.727999687194824,100.0
2022-12-12,16.086999893188477,16.086999893188477,16.086999893188477,16.040000915527344,16.040000915527344,1600.0
2022-12-13,16.325000762939453,16.325000762939453,16.389999389648438,16.325000762939453,16.389999389648438,100.0
2022-12-14,16.114999771118164,16.114999771118164,16.114999771118164,16.114999771118164,16.114999771118164,0.0
2022-12-15,15.335000038146973,15.335000038146973,15.335000038146973,15.335000038146973,15.335000038146973,100.0
2022-12-16,15.16100025177002,15.16100025177002,15.16100025177002,15.16100025177002,15.16100025177002,0.0
2022-12-19,14.755999565124512,14.755999565124512,14.755999565124512,14.755999565124512,14.755999565124512,0.0
2022-12-20,14.916999816894531,14.916999816894531,14.916999816894531,14.916999816894531,14.916999816894531,0.0
2022-12-21,15.364999771118164,15.364999771118164,15.364999771118164,15.364999771118164,15.364999771118164,0.0
2022-12-22,14.984999656677246,14.984999656677246,14.984999656677246,14.984999656677246,14.984999656677246,0.0
2022-12-23,15.092000007629395,15.092000007629395,15.092000007629395,15.092000007629395,15.092000007629395,0.0
2022-12-27,14.906000137329102,14.906000137329102,14.906000137329102,14.906000137329102,14.906000137329102,100.0
2022-12-28,14.461999893188477,14.461999893188477,14.461999893188477,14.461999893188477,14.461999893188477,0.0
2022-12-29,15.154999732971191,15.154999732971191,15.154999732971191,15.154999732971191,15.154999732971191,100.0
2022-12-30,15.111000061035156,15.111000061035156,15.111000061035156,15.111000061035156,15.111000061035156,0.0
2023-01-03,14.937999725341797,14.937999725341797,14.937999725341797,14.937999725341797,14.937999725341797,100.0
2023-01-04,15.27400016784668,15.27400016784668,15.4399995803833,15.27400016784668,15.430000305175781,6800.0
2023-01-05,14.95199966430664,14.95199966430664,14.95199966430664,14.95199966430664,14.95199966430664,0.0
2023-01-06,15.58899974822998,15.58899974822998,15.58899974822998,15.58899974822998,15.58899974822998,0.0
2023-01-09,15.656999588012695,15.656999588012695,15.880000114440918,15.656999588012695,15.779999732971191,3700.0
2023-01-10,16.07699966430664,16.07699966430664,16.07699966430664,16.07699966430664,16.07699966430664,0.0
2023-01-11,16.43899917602539,16.43899917602539,16.43899917602539,16.43899917602539,16.43899917602539,0.0
2023-01-12,16.9950008392334,16.9950008392334,16.9950008392334,16.468000411987305,16.468000411987305,100.0
2023-01-13,17.219999313354492,17.219999313354492,17.219999313354492,17.219999313354492,17.219999313354492,0.0
2023-01-17,17.170000076293945,17.170000076293945,17.209999084472656,17.170000076293945,17.200000762939453,14600.0
2023-01-18,16.64699935913086,16.64699935913086,16.64699935913086,16.64699935913086,16.64699935913086,100.0
2023-01-19,16.33300018310547,16.33300018310547,16.33300018310547,16.33300018310547,16.33300018310547,0.0
2023-01-20,16.85700035095215,16.85700035095215,16.85700035095215,16.85700035095215,16.85700035095215,100.0
2023-01-23,17.29800033569336,17.29800033569336,17.29800033569336,17.29800033569336,17.29800033569336,0.0
2023-01-24,17.20199966430664,17.20199966430664,17.339000701904297,17.20199966430664,17.329999923706055,900.0
2023-01-25,17.225000381469727,17.225000381469727,17.225000381469727,16.8700008392334,16.8799991607666,14700.0
2023-01-26,17.413000106811523,17.413000106811523,17.413000106811523,17.413000106811523,17.413000106811523,0.0
2023-01-27,17.63800048828125,17.63800048828125,17.63800048828125,17.63800048828125,17.63800048828125,100.0
2023-01-30,17.150999069213867,17.150999069213867,17.150999069213867,17.150999069213867,17.150999069213867,100.0
2023-01-31,17.951000213623047,17.951000213623047,18.84000015258789,17.951000213623047,18.84000015258789,100.0
2023-02-01,18.458999633789062,18.458999633789062,18.458999633789062,18.458999633789062,18.458999633789062,100.0
2023-02-02,19.16200065612793,19.16200065612793,19.16200065612793,19.16200065612793,19.16200065612793,0.0
2023-02-03,18.941999435424805,18.941999435424805,18.941999435424805,18.941999435424805,18.941999435424805,100.0
2023-02-06,18.424999237060547,18.424999237060547,18.424999237060547,18.424999237060547,18.424999237060547,0.0
2023-02-07,18.674999237060547,18.674999237060547,18.674999237060547,18.674999237060547,18.674999237060547,0.0
2023-02-08,18.135000228881836,18.135000228881836,18.135000228881836,18.135000228881836,18.135000228881836,0.0
2023-02-09,17.656999588012695,17.656999588012695,18.0,17.656999588012695,18.0,300.0
2023-02-10,17.725000381469727,17.725000381469727,17.725000381469727,17.725000381469727,17.725000381469727,0.0
2023-02-13,18.084999084472656,18.084999084472656,18.084999084472656,18.084999084472656,18.084999084472656,0.0
2023-02-14,18.121000289916992,18.121000289916992,18.121000289916992,18.121000289916992,18.121000289916992,100.0
2023-02-15,18.43600082397461,18.43600082397461,18.43600082397461,18.43600082397461,18.43600082397461,0.0
2023-02-16,18.143999099731445,18.143999099731445,18.143999099731445,18.143999099731445,18.143999099731445,100.0
2023-02-17,18.211999893188477,18.211999893188477,18.211999893188477,18.211999893188477,18.211999893188477,0.0
2023-02-21,17.165000915527344,17.165000915527344,17.290000915527344,17.165000915527344,17.280000686645508,500.0
2023-02-22,17.2450008392334,17.2450008392334,17.2450008392334,17.2450008392334,17.2450008392334,100.0
2023-02-23,17.49799919128418,17.49799919128418,17.49799919128418,17.49799919128418,17.49799919128418,100.0
2023-02-24,17.177000045776367,17.177000045776367,17.177000045776367,17.177000045776367,17.177000045776367,0.0
2023-02-27,17.29800033569336,17.29800033569336,17.29800033569336,17.219999313354492,17.22100067138672,600.0
2023-02-28,17.34600067138672,17.34600067138672,17.34600067138672,17.34600067138672,17.34600067138672,0.0
2023-03-01,17.336999893188477,17.336999893188477,17.336999893188477,17.336999893188477,17.336999893188477,100.0
2023-03-02,17.402000427246094,17.402000427246094,17.402000427246094,17.27899932861328,17.27899932861328,100.0
2023-03-03,17.875,17.875,17.875,17.875,17.875,100.0
2023-03-06,17.32900047302246,17.32900047302246,17.780000686645508,17.32900047302246,17.780000686645508,100.0
2023-03-07,16.961999893188477,16.961999893188477,16.961999893188477,16.961999893188477,16.961999893188477,200.0
2023-03-08,16.979999542236328,16.979999542236328,16.979999542236328,16.979999542236328,16.979999542236328,100.0
2023-03-09,16.042999267578125,16.042999267578125,16.334999084472656,16.042999267578125,16.334999084472656,200.0
2023-03-10,15.03600025177002,15.03600025177002,15.03600025177002,15.03600025177002,15.03600025177002,0.0
2023-03-13,14.54800033569336,14.54800033569336,16.020000457763672,14.54800033569336,16.020000457763672,300.0
2023-03-14,15.109999656677246,15.109999656677246,15.109999656677246,15.109999656677246,15.109999656677246,100.0
2023-03-15,14.520999908447266,14.520999908447266,14.520999908447266,14.520999908447266,14.520999908447266,100.0
2023-03-16,15.020999908447266,15.020999908447266,15.020999908447266,14.149999618530273,14.149999618530273,600.0
2023-03-17,14.234999656677246,14.234999656677246,14.234999656677246,14.234999656677246,14.234999656677246,100.0
2023-03-20,14.598999977111816,14.598999977111816,14.598999977111816,14.598999977111816,14.598999977111816,0.0
2023-03-21,15.168000221252441,15.168000221252441,15.168000221252441,15.168000221252441,15.168000221252441,100.0
2023-03-22,14.317999839782715,14.317999839782715,14.317999839782715,14.317999839782715,14.317999839782715,100.0
2023-03-23,14.147000312805176,14.147000312805176,14.147000312805176,14.147000312805176,14.147000312805176,200.0
2023-03-24,14.321999549865723,14.321999549865723,14.321999549865723,13.880000114440918,13.880000114440918,1700.0
2023-03-27,14.720000267028809,14.720000267028809,14.720000267028809,14.720000267028809,14.720000267028809,200.0
2023-03-28,14.666999816894531,14.666999816894531,14.809000015258789,14.666999816894531,14.809000015258789,100.0
2023-03-29,14.982999801635742,14.982999801635742,14.982999801635742,14.982999801635742,14.982999801635742,100.0
2023-03-30,14.946999549865723,14.946999549865723,14.970000267028809,14.946999549865723,14.970000267028809,300.0
2023-03-31,15.557000160217285,15.557000160217285,15.557000160217285,15.321000099182129,15.369999885559082,1300.0
2023-04-03,15.552000045776367,15.552000045776367,15.552000045776367,15.552000045776367,15.552000045776367,100.0
2023-04-04,14.970999717712402,14.970999717712402,14.970999717712402,14.970999717712402,14.970999717712402,100.0
2023-04-05,14.664999961853027,14.664999961853027,14.680000305175781,14.619999885559082,14.619999885559082,3500.0
2023-04-06,14.694999694824219,14.694999694824219,14.694999694824219,14.694999694824219,14.694999694824219,0.0
2023-04-10,15.027000427246094,15.027000427246094,15.027000427246094,15.027000427246094,15.027000427246094,100.0
2023-04-11,15.253999710083008,15.253999710083008,15.253999710083008,15.253999710083008,15.253999710083008,100.0
2023-04-12,15.029999732971191,15.029999732971191,15.100000381469727,15.029999732971191,15.100000381469727,100.0
2023-04-13,15.418000221252441,15.418000221252441,15.418000221252441,15.418000221252441,15.418000221252441,100.0
2023-04-14,15.159000396728516,15.159000396728516,15.5,15.159000396728516,15.5,300.0
2023-04-17,15.541000366210938,15.541000366210938,15.541000366210938,15.350000381469727,15.350000381469727,500.0
2023-04-18,15.411999702453613,15.411999702453613,15.411999702453613,15.3100004196167,15.324999809265137,2700.0
2023-04-19,15.449000358581543,15.449000358581543,15.449000358581543,15.220000267028809,15.260000228881836,1200.0
2023-04-20,15.277999877929688,15.277999877929688,15.300000190734863,15.277999877929688,15.289999961853027,300.0
2023-04-21,15.333000183105469,15.333000183105469,15.333000183105469,15.333000183105469,15.333000183105469,100.0
2023-04-24,15.27400016784668,15.27400016784668,15.289999961853027,15.27400016784668,15.289999961853027,2000.0
2023-04-25,14.538999557495117,14.538999557495117,14.949999809265137,14.538999557495117,14.930000305175781,2500.0
2023-04-26,14.267000198364258,14.267000198364258,14.267000198364258,14.267000198364258,14.267000198364258,100.0
2023-04-27,14.593000411987305,14.593000411987305,14.593000411987305,14.593000411987305,14.593000411987305,100.0
2023-04-28,14.88599967956543,14.88599967956543,14.88599967956543,14.829999923706055,14.84000015258789,3100.0
2023-05-01,14.918999671936035,14.918999671936035,14.918999671936035,14.918999671936035,14.918999671936035,100.0
2023-05-02,14.300999641418457,14.300999641418457,14.34000015258789,14.149999618530273,14.166999816894531,1700.0
2023-05-03,14.387999534606934,14.387999534606934,14.387999534606934,14.387999534606934,14.387999534606934,100.0
2023-05-04,14.032999992370605,14.032999992370605,14.100000381469727,14.032999992370605,14.100000381469727,1100.0
2023-05-05,14.732999801635742,14.732999801635742,14.732999801635742,14.732999801635742,14.732999801635742,0.0
2023-05-08,14.642999649047852,14.642999649047852,14.642999649047852,14.642999649047852,14.642999649047852,100.0
2023-05-09,14.586000442504883,14.586000442504883,14.586000442504883,14.279999732971191,14.279999732971191,200.0
2023-05-10,14.73799991607666,14.73799991607666,14.73799991607666,14.73799991607666,14.73799991607666,100.0
2023-05-11,14.477999687194824,14.477999687194824,14.477999687194824,14.430000305175781,14.430000305175781,100.0
2023-05-12,14.411999702453613,14.411999702453613,14.411999702453613,14.411999702453613,14.411999702453613,100.0
2023-05-15,14.781000137329102,14.781000137329102,14.781000137329102,14.781000137329102,14.781000137329102,0.0
2023-05-16,14.378999710083008,14.378999710083008,14.378999710083008,14.378999710083008,14.378999710083008,0.0
2023-05-17,15.017000198364258,15.017000198364258,15.017000198364258,15.017000198364258,15.017000198364258,0.0
2023-05-18,15.210000038146973,15.210000038146973,15.210000038146973,15.210000038146973,15.210000038146973,100.0
2023-05-19,15.003999710083008,15.003999710083008,15.003999710083008,15.003999710083008,15.003999710083008,0.0
2023-05-22,15.319999694824219,15.319999694824219,15.319999694824219,15.319999694824219,15.319999694824219,0.0
2023-05-23,15.20199966430664,15.20199966430664,15.20199966430664,15.20199966430664,15.20199966430664,100.0
2023-05-24,14.843000411987305,14.843000411987305,14.843000411987305,14.843000411987305,14.843000411987305,0.0
2023-05-25,14.604999542236328,14.604999542236328,14.604999542236328,14.604999542236328,14.604999542236328,0.0
2023-05-26,14.940999984741211,14.940999984741211,14.940999984741211,14.940999984741211,14.940999984741211,200.0
2023-05-30,14.8100004196167,14.8100004196167,14.8100004196167,14.8100004196167,14.8100004196167,100.0
2023-05-31,14.541000366210938,14.541000366210938,14.541000366210938,14.380000114440918,14.380000114440918,1400.0
2023-06-01,14.836000442504883,14.836000442504883,14.850000381469727,14.836000442504883,14.850000381469727,1000.0
2023-06-02,15.920999526977539,15.920999526977539,15.920999526977539,15.920999526977539,15.920999526977539,0.0
2023-06-05,15.51200008392334,15.51200008392334,16.200000762939453,15.51200008392334,16.200000762939453,400.0
2023-06-06,16.323999404907227,16.323999404907227,16.3700008392334,16.280000686645508,16.280000686645508,4800.0
2023-06-07,16.89900016784668,16.89900016784668,16.89900016784668,16.89900016784668,16.89900016784668,300.0
2023-06-08,16.725000381469727,16.725000381469727,16.799999237060547,16.725000381469727,16.799999237060547,700.0
2023-06-09,16.44700050354004,16.44700050354004,16.600000381469727,16.44700050354004,16.600000381469727,800.0
2023-06-12,16.576000213623047,16.576000213623047,16.576000213623047,16.469999313354492,16.524999618530273,400.0
2023-06-13,16.988000869750977,16.988000869750977,16.988000869750977,16.988000869750977,16.988000869750977,100.0
2023-06-14,16.583999633789062,16.583999633789062,16.799999237060547,16.583999633789062,16.799999237060547,200.0
2023-06-15,16.825000762939453,16.825000762939453,16.850000381469727,16.825000762939453,16.850000381469727,300.0
2023-06-16,16.6299991607666,16.6299991607666,16.6299991607666,16.6299991607666,16.6299991607666,100.0
2023-06-20,16.500999450683594,16.500999450683594,16.500999450683594,16.500999450683594,16.500999450683594,100.0
2023-06-21,16.43000030517578,16.43000030517578,16.43000030517578,16.43000030517578,16.43000030517578,100.0
2023-06-22,16.14900016784668,16.14900016784668,16.14900016784668,16.14900016784668,16.14900016784668,100.0
2023-06-23,15.696999549865723,15.696999549865723,15.696999549865723,15.696999549865723,15.696999549865723,100.0
2023-06-26,15.776000022888184,15.776000022888184,16.02899932861328,15.776000022888184,15.789999961853027,400.0
2023-06-27,16.21500015258789,16.21500015258789,16.219999313354492,16.21500015258789,16.219999313354492,200.0
2023-06-28,16.32900047302246,16.32900047302246,16.32900047302246,16.170000076293945,16.280000686645508,2300.0
2023-06-29,16.72599983215332,16.72599983215332,16.72599983215332,16.72599983215332,16.72599983215332,100.0
2023-06-30,16.913000106811523,16.913000106811523,17.079999923706055,16.8799991607666,17.040000915527344,1400.0
2023-07-03,16.979000091552734,16.979000091552734,16.979000091552734,16.979000091552734,16.979000091552734,100.0
2023-07-05,16.621999740600586,16.621999740600586,16.979999542236328,16.621999740600586,16.979999542236328,1900.0
2023-07-06,16.07200050354004,16.07200050354004,16.07200050354004,16.07200050354004,16.07200050354004,0.0
2023-07-07,16.402999877929688,16.402999877929688,16.402999877929688,16.402999877929688,16.402999877929688,100.0
2023-07-10,16.920000076293945,16.920000076293945,16.920000076293945,16.8799991607666,16.8799991607666,1300.0
2023-07-11,17.259000778198242,17.259000778198242,17.259000778198242,17.18000030517578,17.18000030517578,200.0
2023-07-12,17.593000411987305,17.593000411987305,17.780000686645508,17.593000411987305,17.760000228881836,1200.0
2023-07-13,17.902999877929688,17.902999877929688,17.902999877929688,17.790000915527344,17.790000915527344,600.0
2023-07-14,17.55299949645996,17.55299949645996,17.55299949645996,17.55299949645996,17.55299949645996,500.0
2023-07-17,17.972000122070312,17.972000122070312,18.049999237060547,17.889999389648438,17.889999389648438,4400.0
2023-07-18,18.368000030517578,18.368000030517578,19.34000015258789,18.094999313354492,19.34000015258789,3000.0
2023-07-19,18.509000778198242,18.509000778198242,18.509000778198242,18.389999389648438,18.389999389648438,2100.0
2023-07-20,18.22800064086914,18.22800064086914,18.43000030517578,18.149999618530273,18.350000381469727,4500.0
2023-07-21,18.09000015258789,18.09000015258789,18.200000762939453,18.09000015258789,18.200000762939453,600.0
2023-07-24,18.163000106811523,18.163000106811523,18.163000106811523,18.163000106811523,18.163000106811523,100.0
2023-07-25,18.155000686645508,18.155000686645508,18.155000686645508,18.155000686645508,18.155000686645508,0.0
2023-07-26,18.406999588012695,18.406999588012695,18.549999237060547,18.309999465942383,18.309999465942383,700.0
2023-07-27,17.90999984741211,17.90999984741211,17.94700050354004,17.90999984741211,17.90999984741211,3000.0
2023-07-28,18.43899917602539,18.43899917602539,18.43899917602539,18.31999969482422,18.31999969482422,200.0
2023-07-31,18.82200050354004,18.82200050354004,18.82200050354004,18.82200050354004,18.82200050354004,100.0
2023-08-01,18.66900062561035,18.66900062561035,18.66900062561035,18.399999618530273,18.440000534057617,3200.0
2023-08-02,18.19099998474121,18.19099998474121,18.19099998474121,17.979999542236328,17.979999542236328,500.0
2023-08-03,18.100000381469727,18.100000381469727,18.100000381469727,15.890000343322754,16.3700008392334,1100.0
2023-08-04,17.993000030517578,17.993000030517578,17.993000030517578,17.993000030517578,17.993000030517578,100.0
2023-08-07,17.993000030517578,17.993000030517578,18.0,17.979999542236328,17.979999542236328,2000.0
2023-08-08,17.766000747680664,17.766000747680664,17.790000915527344,17.766000747680664,17.790000915527344,2000.0
2023-08-09,17.47599983215332,17.47599983215332,17.5,17.47599983215332,17.5,2000.0
2023-08-10,17.297000885009766,17.297000885009766,17.770000457763672,17.297000885009766,17.770000457763672,2100.0
2023-08-11,17.339000701904297,17.339000701904297,17.459999084472656,17.339000701904297,17.389999389648438,1100.0
2023-08-14,17.26300048828125,17.26300048828125,17.26300048828125,17.26300048828125,17.26300048828125,100.0
2023-08-15,16.882999420166016,16.882999420166016,16.882999420166016,16.882999420166016,16.882999420166016,100.0
2023-08-16,16.47100067138672,16.47100067138672,16.655000686645508,16.47100067138672,16.655000686645508,300.0
2023-08-17,16.009000778198242,16.009000778198242,16.350000381469727,16.009000778198242,16.350000381469727,1200.0
2023-08-18,16.229999542236328,16.229999542236328,16.260000228881836,14.40999984741211,14.40999984741211,700.0
2023-08-21,16.086000442504883,16.086000442504883,16.190000534057617,16.086000442504883,16.1200008392334,1200.0
2023-08-22,15.994999885559082,15.994999885559082,15.994999885559082,15.994999885559082,15.994999885559082,100.0
2023-08-23,16.29400062561035,16.29400062561035,16.29400062561035,16.29400062561035,16.29400062561035,100.0
2023-08-24,15.906000137329102,15.906000137329102,15.906000137329102,15.906000137329102,15.906000137329102,0.0
2023-08-25,16.0310001373291,16.0310001373291,16.0310001373291,16.0310001373291,16.0310001373291,0.0
2023-08-28,16.288000106811523,16.288000106811523,16.288000106811523,16.288000106811523,16.288000106811523,100.0
2023-08-29,16.761999130249023,16.761999130249023,16.761999130249023,16.761999130249023,16.761999130249023,0.0
2023-08-30,16.917999267578125,16.917999267578125,16.917999267578125,16.917999267578125,16.917999267578125,100.0
2023-08-31,16.860000610351562,16.860000610351562,16.860000610351562,16.860000610351562,16.860000610351562,100.0
2023-09-01,17.264999389648438,17.264999389648438,17.264999389648438,17.264999389648438,17.264999389648438,100.0
2023-09-05,16.579999923706055,16.579999923706055,20.719999313354492,16.530000686645508,18.979999542236328,12700.0
2023-09-06,16.40399932861328,16.40399932861328,16.40399932861328,16.40399932861328,16.40399932861328,100.0
2023-09-07,16.073999404907227,16.073999404907227,16.073999404907227,16.073999404907227,16.073999404907227,0.0
2023-09-08,15.994000434875488,15.994000434875488,15.994000434875488,15.994000434875488,15.994000434875488,0.0
2023-09-11,16.04400062561035,16.04400062561035,16.04400062561035,16.04400062561035,16.04400062561035,100.0
2023-09-12,16.027999877929688,16.027999877929688,16.027999877929688,16.027999877929688,16.027999877929688,100.0
2023-09-13,15.781000137329102,15.781000137329102,15.781000137329102,15.781000137329102,15.781000137329102,0.0
2023-09-14,16.23699951171875,16.23699951171875,16.239999771118164,16.23699951171875,16.239999771118164,700.0
2023-09-15,15.857000350952148,15.857000350952148,15.857000350952148,15.857000350952148,15.857000350952148,100.0
2023-09-18,15.654000282287598,15.654000282287598,15.654000282287598,15.654000282287598,15.654000282287598,0.0
2023-09-19,15.51099967956543,15.51099967956543,15.51099967956543,15.51099967956543,15.51099967956543,100.0
2023-09-20,15.126999855041504,15.126999855041504,15.291000366210938,15.126999855041504,15.291000366210938,2600.0
2023-09-21,14.697999954223633,14.697999954223633,14.75,14.697999954223633,14.75,900.0
2023-09-22,14.586000442504883,14.586000442504883,14.75,14.586000442504883,14.75,200.0
2023-09-25,14.645999908447266,14.645999908447266,14.692999839782715,14.645999908447266,14.65999984741211,400.0
2023-09-26,14.234999656677246,14.234999656677246,14.470000267028809,14.234999656677246,14.470000267028809,100.0
2023-09-27,14.529000282287598,14.529000282287598,14.529000282287598,14.529000282287598,14.529000282287598,200.0
2023-09-28,14.831999778747559,14.831999778747559,14.831999778747559,14.831999778747559,14.831999778747559,100.0
2023-09-29,14.670000076293945,14.670000076293945,14.670000076293945,14.670000076293945,14.670000076293945,100.0
2023-10-02,14.154999732971191,14.154999732971191,14.154999732971191,14.154999732971191,14.154999732971191,100.0
2023-10-03,13.618000030517578,13.618000030517578,13.618000030517578,13.618000030517578,13.618000030517578,100.0
2023-10-04,13.65999984741211,13.65999984741211,13.779999732971191,13.3100004196167,13.539999961853027,20300.0
2023-10-05,13.727999687194824,13.727999687194824,13.779999732971191,13.727999687194824,13.779999732971191,200.0
2023-10-06,13.984999656677246,13.984999656677246,14.0600004196167,13.479999542236328,13.479999542236328,500.0
2023-10-09,14.130000114440918,14.130000114440918,14.130000114440918,13.84000015258789,13.84000015258789,1600.0
2023-10-10,14.510000228881836,14.510000228881836,14.699999809265137,14.470000267028809,14.470000267028809,400.0
2023-10-11,14.437999725341797,14.437999725341797,14.437999725341797,14.437999725341797,14.437999725341797,0.0
2023-10-12,13.82699966430664,13.82699966430664,14.10200023651123,13.640000343322754,14.10200023651123,1300.0
2023-10-13,13.567999839782715,13.567999839782715,13.567999839782715,13.567999839782715,13.567999839782715,100.0
2023-10-16,14.026000022888184,14.026000022888184,14.029999732971191,13.869999885559082,13.869999885559082,500.0
2023-10-17,14.338000297546387,14.338000297546387,14.5,13.130000114440918,14.270000457763672,600.0
2023-10-18,13.737000465393066,13.737000465393066,13.960000038146973,13.737000465393066,13.960000038146973,600.0
2023-10-19,13.293000221252441,13.293000221252441,13.739999771118164,13.293000221252441,13.460000038146973,500.0
2023-10-20,12.942000389099121,12.942000389099121,13.119999885559082,12.942000389099121,13.119999885559082,100.0
2023-10-23,12.687999725341797,12.687999725341797,12.949999809265137,12.687999725341797,12.899999618530273,800.0
2023-10-24,12.906000137329102,12.906000137329102,12.906000137329102,12.819999694824219,12.819999694824219,200.0
2023-10-25,12.449999809265137,12.449999809265137,12.529999732971191,12.449999809265137,12.529999732971191,300.0
2023-10-26,12.517999649047852,12.517999649047852,13.069999694824219,12.430000305175781,13.069999694824219,500.0
2023-10-27,12.154000282287598,12.154000282287598,12.489999771118164,10.300000190734863,10.300000190734863,1300.0
2023-10-30,12.345000267028809,12.345000267028809,12.390000343322754,12.345000267028809,12.390000343322754,100.0
2023-10-31,12.583000183105469,12.583000183105469,12.583000183105469,12.470000267028809,12.470000267028809,100.0
2023-11-01,12.710000038146973,12.710000038146973,12.800000190734863,12.197999954223633,12.463000297546387,8900.0
2023-11-02,13.411999702453613,13.411999702453613,13.411999702453613,13.411999702453613,13.411999702453613,100.0
2023-11-03,14.199999809265137,14.199999809265137,14.199999809265137,13.949999809265137,13.949999809265137,600.0
2023-11-06,13.8149995803833,13.8149995803833,13.8149995803833,13.770000457763672,13.770000457763672,100.0
2023-11-07,13.748000144958496,13.748000144958496,13.748000144958496,13.748000144958496,13.748000144958496,200.0
2023-11-08,13.395999908447266,13.395999908447266,13.395999908447266,13.395999908447266,13.395999908447266,300.0
2023-11-09,12.97599983215332,12.97599983215332,13.413000106811523,12.97599983215332,13.413000106811523,200.0
2023-11-10,13.276000022888184,13.276000022888184,13.276000022888184,12.859999656677246,13.050000190734863,3000.0
2023-11-13,13.288999557495117,13.288999557495117,13.329000473022461,13.0600004196167,13.0600004196167,2700.0
2023-11-14,14.765000343322754,14.765000343322754,14.765000343322754,14.765000343322754,14.765000343322754,100.0
2023-11-15,14.843000411987305,14.843000411987305,16.989999771118164,14.843000411987305,16.0,7500.0
2023-11-16,14.383000373840332,14.383000373840332,14.720000267028809,14.383000373840332,14.699999809265137,900.0
2023-11-17,14.788999557495117,14.788999557495117,14.829999923706055,14.741000175476074,14.807999610900879,3500.0
2023-11-20,14.918999671936035,14.918999671936035,14.979999542236328,14.880000114440918,14.890000343322754,1500.0
2023-11-21,14.560999870300293,14.560999870300293,14.699999809265137,14.560999870300293,14.699999809265137,6500.0
2023-11-22,14.756999969482422,14.756999969482422,14.756999969482422,14.5600004196167,14.5600004196167,100.0
2023-11-24,14.937000274658203,14.937000274658203,14.937000274658203,14.937000274658203,14.937000274658203,0.0
2023-11-27,14.833000183105469,14.833000183105469,14.833000183105469,14.833000183105469,14.833000183105469,100.0
2023-11-28,14.704000473022461,14.704000473022461,14.704000473022461,14.704000473022461,14.704000473022461,100.0
2023-11-29,14.866999626159668,14.866999626159668,15.130000114440918,14.866999626159668,15.130000114440918,900.0
2023-11-30,14.961999893188477,14.961999893188477,14.961999893188477,14.961999893188477,14.961999893188477,100.0
2023-12-01,15.843999862670898,15.843999862670898,15.843999862670898,14.949999809265137,14.949999809265137,2000.0
2023-12-04,16.145999908447266,16.145999908447266,16.145999908447266,16.0,16.018999099731445,200.0
2023-12-05,15.718000411987305,15.718000411987305,15.954999923706055,15.710000038146973,15.954999923706055,800.0
2023-12-06,15.656000137329102,15.656000137329102,16.040000915527344,15.656000137329102,16.040000915527344,2300.0
2023-12-07,15.885000228881836,15.885000228881836,15.885000228881836,15.873000144958496,15.880000114440918,300.0
2023-12-08,16.1200008392334,16.1200008392334,16.1200008392334,16.09000015258789,16.09000015258789,15500.0
2023-12-11,16.179000854492188,16.179000854492188,16.179000854492188,16.179000854492188,16.179000854492188,100.0
2023-12-12,16.11199951171875,16.11199951171875,16.11199951171875,16.11199951171875,16.11199951171875,100.0
2023-12-13,17.17799949645996,17.17799949645996,17.17799949645996,17.150999069213867,17.150999069213867,600.0
2023-12-14,18.06999969482422,18.06999969482422,18.090999603271484,18.030000686645508,18.030000686645508,900.0
2023-12-15,17.878000259399414,17.878000259399414,18.399999618530273,17.770000457763672,18.399999618530273,61000.0
2023-12-18,17.746000289916992,17.746000289916992,17.90999984741211,17.68000030517578,17.68000030517578,69900.0
2023-12-19,18.437999725341797,18.437999725341797,18.450000762939453,17.989999771118164,17.989999771118164,3000.0
2023-12-20,17.783000946044922,17.783000946044922,18.610000610351562,17.783000946044922,18.280000686645508,4500.0
2023-12-21,18.290000915527344,18.290000915527344,18.290000915527344,18.010000228881836,18.010000228881836,1700.0
2023-12-22,18.613000869750977,18.613000869750977,18.770000457763672,18.59000015258789,18.770000457763672,1600.0
2023-12-26,19.03499984741211,19.03499984741211,19.03499984741211,18.719999313354492,18.764999389648438,2400.0
2023-12-27,19.059999465942383,19.059999465942383,19.6299991607666,18.989999771118164,19.610000610351562,3000.0
2023-12-28,18.895000457763672,18.895000457763672,19.139999389648438,18.860000610351562,19.09000015258789,4100.0
2023-12-29,18.48200035095215,18.48200035095215,18.670000076293945,18.48200035095215,18.5,1300.0
2024-01-02,18.266000747680664,18.266000747680664,18.266000747680664,18.059999465942383,18.110000610351562,600.0
2024-01-03,17.360000610351562,17.360000610351562,17.709999084472656,17.354999542236328,17.709999084472656,2400.0
2024-01-04,17.29199981689453,17.29199981689453,17.31999969482422,17.290000915527344,17.31999969482422,1800.0
2024-01-05,17.195999145507812,17.195999145507812,17.34000015258789,17.1299991607666,17.149999618530273,22700.0
2024-01-08,17.76300048828125,17.76300048828125,17.76300048828125,17.020000457763672,17.020000457763672,1200.0
2024-01-09,17.459999084472656,17.459999084472656,17.459999084472656,17.459999084472656,17.459999084472656,300.0
2024-01-10,17.399999618530273,17.399999618530273,17.440000534057617,17.389999389648438,17.43000030517578,300.0
2024-01-11,17.190000534057617,17.190000534057617,17.229999542236328,17.18000030517578,17.219999313354492,400.0
2024-01-12,17.224000930786133,17.224000930786133,17.224000930786133,17.224000930786133,17.224000930786133,0.0
2024-01-16,16.700000762939453,16.700000762939453,16.700000762939453,16.68000030517578,16.68000030517578,500.0
2024-01-17,16.399999618530273,16.399999618530273,16.399999618530273,16.399999618530273,16.399999618530273,300.0
2024-01-18,16.639999389648438,16.639999389648438,16.670000076293945,16.469999313354492,16.510000228881836,2900.0
2024-01-19,16.899999618530273,16.899999618530273,16.950000762939453,16.4950008392334,16.4950008392334,1600.0
2024-01-22,17.777999877929688,17.777999877929688,17.777999877929688,17.777999877929688,17.777999877929688,100.0
2024-01-23,17.636999130249023,17.636999130249023,17.899999618530273,17.600000381469727,17.889999389648438,1000.0
2024-01-24,17.309999465942383,17.309999465942383,17.309999465942383,17.309999465942383,17.309999465942383,100.0
2024-01-25,17.549999237060547,17.549999237060547,17.549999237060547,17.549999237060547,17.549999237060547,100.0
2024-01-26,17.608999252319336,17.608999252319336,17.719999313354492,17.584999084472656,17.59000015258789,1600.0
2024-01-29,18.163000106811523,18.163000106811523,18.163000106811523,17.700000762939453,17.774999618530273,4000.0
2024-01-30,17.920000076293945,17.920000076293945,18.110000610351562,17.81999969482422,18.110000610351562,2700.0
2024-01-31,17.125,17.125,17.799999237060547,17.125,17.719999313354492,400.0
2024-02-01,17.48200035095215,17.48200035095215,17.48200035095215,17.48200035095215,17.48200035095215,200.0
2024-02-02,17.39699935913086,17.39699935913086,17.39699935913086,17.0,17.0,400.0
2024-02-05,16.926000595092773,16.926000595092773,16.926000595092773,16.719999313354492,16.725000381469727,500.0
2024-02-06,17.15999984741211,17.15999984741211,17.15999984741211,17.15999984741211,17.15999984741211,100.0
2024-02-07,17.04199981689453,17.04199981689453,17.148000717163086,17.040000915527344,17.148000717163086,500.0
2024-02-08,17.615999221801758,17.615999221801758,17.615999221801758,17.615999221801758,17.615999221801758,200.0
2024-02-09,18.158000946044922,18.158000946044922,18.158000946044922,18.158000946044922,18.158000946044922,100.0
2024-02-12,18.80500030517578,18.80500030517578,18.81999969482422,18.801000595092773,18.81999969482422,2200.0
2024-02-13,17.232999801635742,17.232999801635742,17.68000030517578,17.232999801635742,17.530000686645508,3900.0
2024-02-14,18.18400001525879,18.18400001525879,18.18400001525879,18.18400001525879,18.18400001525879,200.0
2024-02-15,19.031999588012695,19.031999588012695,19.139999389648438,18.739999771118164,18.790000915527344,5700.0
2024-02-16,18.570999145507812,18.570999145507812,18.829999923706055,18.570999145507812,18.829999923706055,1000.0
2024-02-20,18.007999420166016,18.007999420166016,18.058000564575195,18.007999420166016,18.058000564575195,800.0
2024-02-21,17.819000244140625,17.819000244140625,17.84000015258789,17.819000244140625,17.84000015258789,500.0
2024-02-22,18.158000946044922,18.158000946044922,18.158000946044922,17.959999084472656,17.959999084472656,400.0
2024-02-23,18.256999969482422,18.256999969482422,18.440000534057617,18.229999542236328,18.229999542236328,6100.0
2024-02-26,18.46299934387207,18.46299934387207,18.5049991607666,18.46299934387207,18.5049991607666,200.0
2024-02-27,18.922000885009766,18.922000885009766,18.922000885009766,18.884000778198242,18.884000778198242,200.0
2024-02-28,18.649999618530273,18.649999618530273,18.649999618530273,18.649999618530273,18.649999618530273,100.0
2024-02-29,18.893999099731445,18.893999099731445,18.893999099731445,18.850000381469727,18.850000381469727,800.0
2024-03-01,19.302000045776367,19.302000045776367,19.302000045776367,19.280000686645508,19.280000686645508,200.0
2024-03-04,19.25200080871582,19.25200080871582,19.25200080871582,19.25200080871582,19.25200080871582,200.0
2024-03-05,18.90399932861328,18.90399932861328,18.90399932861328,18.90399932861328,18.90399932861328,100.0
2024-03-06,19.13800048828125,19.13800048828125,19.13800048828125,19.13800048828125,19.13800048828125,100.0
2024-03-07,19.433000564575195,19.433000564575195,19.433000564575195,19.433000564575195,19.433000564575195,100.0
2024-03-08,19.413000106811523,19.413000106811523,19.899999618530273,19.413000106811523,19.81999969482422,1700.0
2024-03-11,19.086999893188477,19.086999893188477,19.170000076293945,19.086999893188477,19.170000076293945,100.0
2024-03-12,19.07200050354004,19.07200050354004,19.07200050354004,19.059999465942383,19.059999465942383,100.0
2024-03-13,19.179000854492188,19.179000854492188,19.31999969482422,19.179000854492188,19.31999969482422,400.0
2024-03-14,18.429000854492188,18.429000854492188,18.429000854492188,18.429000854492188,18.429000854492188,100.0
2024-03-15,18.540000915527344,18.540000915527344,18.59000015258789,18.540000915527344,18.59000015258789,100.0
2024-03-18,18.371000289916992,18.371000289916992,18.371000289916992,18.371000289916992,18.371000289916992,0.0
2024-03-19,18.533000946044922,18.533000946044922,18.533000946044922,18.533000946044922,18.533000946044922,100.0
2024-03-20,19.264999389648438,19.264999389648438,19.264999389648438,19.264999389648438,19.264999389648438,100.0
2024-03-21,19.68600082397461,19.68600082397461,19.68600082397461,19.68600082397461,19.68600082397461,100.0
2024-03-22,19.19300079345703,19.19300079345703,19.19300079345703,19.19300079345703,19.19300079345703,100.0
2024-03-25,19.270999908447266,19.270999908447266,19.329999923706055,19.270999908447266,19.299999237060547,500.0
2024-03-26,19.1299991607666,19.1299991607666,19.40999984741211,19.1299991607666,19.40999984741211,500.0
2024-03-27,19.90999984741211,19.90999984741211,19.90999984741211,19.90999984741211,19.90999984741211,400.0
2024-03-28,20.107999801635742,20.107999801635742,20.107999801635742,20.107999801635742,20.107999801635742,200.0
2024-04-01,19.788000106811523,19.788000106811523,19.788000106811523,19.788000106811523,19.788000106811523,0.0
2024-04-02,19.04199981689453,19.04199981689453,19.04199981689453,18.979999542236328,18.979999542236328,200.0
2024-04-03,19.284000396728516,19.284000396728516,19.284000396728516,19.284000396728516,19.284000396728516,200.0
2024-04-04,18.868999481201172,18.868999481201172,18.868999481201172,18.868999481201172,18.868999481201172,0.0
2024-04-05,18.993000030517578,18.993000030517578,18.993000030517578,18.993000030517578,18.993000030517578,100.0
2024-04-08,19.19499969482422,19.19499969482422,19.19499969482422,19.19499969482422,19.19499969482422,0.0
2024-04-09,19.302000045776367,19.302000045776367,19.302000045776367,19.290000915527344,19.290000915527344,800.0
2024-04-10,18.34000015258789,18.34000015258789,18.59000015258789,18.299999237060547,18.59000015258789,400.0
2024-04-11,18.600000381469727,18.600000381469727,18.670000076293945,18.34000015258789,18.34000015258789,7800.0
2024-04-12,17.940000534057617,17.940000534057617,18.5,17.940000534057617,18.5,4700.0
2024-04-15,17.398000717163086,17.398000717163086,17.398000717163086,17.398000717163086,17.398000717163086,100.0
2024-04-16,17.26799964904785,17.26799964904785,17.26799964904785,17.09000015258789,17.09000015258789,200.0
2024-04-17,16.909000396728516,16.909000396728516,17.0,16.909000396728516,17.0,300.0
2024-04-18,16.83300018310547,16.83300018310547,17.273000717163086,16.83300018310547,17.270000457763672,900.0
2024-04-19,16.854999542236328,16.854999542236328,16.854999542236328,16.854999542236328,16.854999542236328,100.0
2024-04-22,17.226999282836914,17.226999282836914,17.226999282836914,17.226999282836914,17.226999282836914,0.0
2024-04-23,17.802000045776367,17.802000045776367,17.802000045776367,17.709999084472656,17.729999542236328,4600.0
2024-04-24,17.733999252319336,17.733999252319336,17.733999252319336,17.733999252319336,17.733999252319336,100.0
2024-04-25,17.485000610351562,17.485000610351562,17.485000610351562,17.190000534057617,17.190000534057617,200.0
2024-04-26,17.82900047302246,17.82900047302246,17.82900047302246,17.82900047302246,17.82900047302246,100.0
2024-04-29,18.086000442504883,18.086000442504883,18.086000442504883,18.086000442504883,18.086000442504883,0.0
2024-04-30,17.33099937438965,17.33099937438965,17.33099937438965,17.33099937438965,17.33099937438965,0.0
2024-05-01,17.402000427246094,17.402000427246094,17.402000427246094,17.402000427246094,17.402000427246094,100.0
2024-05-02,18.07900047302246,18.07900047302246,18.07900047302246,17.56999969482422,17.56999969482422,200.0
2024-05-03,18.430999755859375,18.430999755859375,18.430999755859375,18.43000030517578,18.43000030517578,200.0
2024-05-06,18.86199951171875,18.86199951171875,18.86199951171875,18.86199951171875,18.86199951171875,0.0
2024-05-07,18.95199966430664,18.95199966430664,18.95199966430664,18.95199966430664,18.95199966430664,100.0
2024-05-08,18.73699951171875,18.73699951171875,18.73699951171875,18.73699951171875,18.73699951171875,0.0
2024-05-09,19.08799934387207,19.08799934387207,19.08799934387207,18.899999618530273,18.899999618530273,100.0
2024-05-10,18.827999114990234,18.827999114990234,18.827999114990234,18.809999465942383,18.809999465942383,100.0
2024-05-13,18.90999984741211,18.90999984741211,19.030000686645508,18.90999984741211,19.030000686645508,1200.0
2024-05-14,19.312999725341797,19.312999725341797,19.312999725341797,19.15999984741211,19.15999984741211,400.0
2024-05-15,19.724000930786133,19.724000930786133,19.724000930786133,19.724000930786133,19.724000930786133,100.0
2024-05-16,19.492000579833984,19.492000579833984,20.270000457763672,19.492000579833984,20.270000457763672,500.0
2024-05-17,19.500999450683594,19.500999450683594,19.565000534057617,19.500999450683594,19.565000534057617,200.0
2024-05-20,19.573999404907227,19.573999404907227,19.600000381469727,19.573999404907227,19.600000381469727,300.0
2024-05-21,19.56999969482422,19.56999969482422,19.56999969482422,19.56999969482422,19.56999969482422,0.0
2024-05-22,19.173999786376953,19.173999786376953,19.440000534057617,19.173999786376953,19.440000534057617,5200.0
2024-05-23,18.589000701904297,18.589000701904297,18.589000701904297,18.589000701904297,18.589000701904297,100.0
2024-05-24,19.014999389648438,19.014999389648438,19.014999389648438,19.014999389648438,19.014999389648438,0.0
2024-05-28,18.923999786376953,18.923999786376953,18.923999786376953,18.923999786376953,18.923999786376953,100.0
2024-05-29,18.365999221801758,18.365999221801758,18.365999221801758,18.365999221801758,18.365999221801758,100.0
2024-05-30,18.731000900268555,18.731000900268555,18.731000900268555,18.731000900268555,18.731000900268555,100.0
2024-05-31,18.986000061035156,18.986000061035156,18.986000061035156,18.986000061035156,18.986000061035156,0.0
2024-06-03,18.79199981689453,18.79199981689453,18.79199981689453,18.79199981689453,18.79199981689453,3400.0
2024-06-04,18.30699920654297,18.30699920654297,18.30699920654297,18.30699920654297,18.30699920654297,100.0
2024-06-05,18.861000061035156,18.861000061035156,18.861000061035156,18.861000061035156,18.861000061035156,100.0
2024-06-06,18.57699966430664,18.57699966430664,18.57699966430664,18.57699966430664,18.57699966430664,0.0
2024-06-07,18.18600082397461,18.18600082397461,18.18600082397461,18.18600082397461,18.18600082397461,0.0
2024-06-10,18.264999389648438,18.264999389648438,18.264999389648438,18.264999389648438,18.264999389648438,100.0
2024-06-11,18.125,18.125,18.125,18.125,18.125,100.0
2024-06-12,18.753000259399414,18.753000259399414,18.753000259399414,18.753000259399414,18.753000259399414,100.0
2024-06-13,18.424999237060547,18.424999237060547,18.424999237060547,18.3700008392334,18.3700008392334,200.0
2024-06-14,17.76799964904785,17.76799964904785,17.770000457763672,17.75,17.770000457763672,2400.0
2024-06-17,18.097000122070312,18.097000122070312,18.097000122070312,18.097000122070312,18.097000122070312,100.0
2024-06-18,18.149999618530273,18.149999618530273,18.149999618530273,18.149999618530273,18.149999618530273,100.0
2024-06-20,17.968000411987305,17.968000411987305,18.219999313354492,17.968000411987305,18.219999313354492,1800.0
2024-06-21,18.03700065612793,18.03700065612793,18.03700065612793,18.03700065612793,18.03700065612793,100.0
2024-06-24,18.207000732421875,18.207000732421875,18.309999465942383,18.207000732421875,18.309999465942383,1500.0
2024-06-25,18.09600067138672,18.09600067138672,18.100000381469727,18.09600067138672,18.100000381469727,200.0
2024-06-26,17.983999252319336,17.983999252319336,17.983999252319336,17.983999252319336,17.983999252319336,100.0
2024-06-27,18.334999084472656,18.334999084472656,18.334999084472656,18.334999084472656,18.334999084472656,0.0
2024-06-28,18.48699951171875,18.48699951171875,18.48699951171875,18.48699951171875,18.48699951171875,200.0
2024-07-01,18.215999603271484,18.215999603271484,18.215999603271484,18.215999603271484,18.215999603271484,100.0
2024-07-02,18.302000045776367,18.302000045776367,18.302000045776367,18.290000915527344,18.290000915527344,300.0
2024-07-03,18.270999908447266,18.270999908447266,18.270999908447266,18.270999908447266,18.270999908447266,100.0
2024-07-05,18.173999786376953,18.173999786376953,18.173999786376953,18.173999786376953,18.173999786376953,100.0
2024-07-08,18.381000518798828,18.381000518798828,18.381000518798828,18.381000518798828,18.381000518798828,100.0
2024-07-09,18.166000366210938,18.166000366210938,18.166000366210938,18.166000366210938,18.166000366210938,100.0
2024-07-10,18.56800079345703,18.56800079345703,18.56800079345703,18.56800079345703,18.56800079345703,100.0
2024-07-11,19.96500015258789,19.96500015258789,19.96500015258789,19.329999923706055,19.329999923706055,16100.0
2024-07-12,20.343000411987305,20.343000411987305,20.6200008392334,20.190000534057617,20.40999984741211,5100.0
2024-07-15,20.94700050354004,20.94700050354004,21.149999618530273,20.94700050354004,21.1299991607666,4900.0
2024-07-16,22.51300048828125,22.51300048828125,22.520000457763672,21.65999984741211,22.0,17600.0
2024-07-17,22.042999267578125,22.042999267578125,23.030000686645508,21.969999313354492,22.100000381469727,16400.0
2024-07-18,21.18199920654297,21.18199920654297,22.139999389648438,21.1200008392334,21.799999237060547,12000.0
2024-07-19,20.93199920654297,20.93199920654297,21.190000534057617,20.93199920654297,21.190000534057617,4100.0
2024-07-22,21.56800079345703,21.56800079345703,21.670000076293945,20.992000579833984,21.18000030517578,4200.0
2024-07-23,22.017000198364258,22.017000198364258,22.1299991607666,21.75,21.75,10900.0
2024-07-24,21.132999420166016,21.132999420166016,21.950000762939453,21.132999420166016,21.639999389648438,6900.0
2024-07-25,21.739999771118164,21.739999771118164,22.229999542236328,21.280000686645508,21.280000686645508,17500.0
2024-07-26,22.334999084472656,22.334999084472656,23.309999465942383,21.940000534057617,22.89699935913086,20300.0
2024-07-29,21.886999130249023,21.886999130249023,23.260000228881836,21.75,23.260000228881836,8600.0
2024-07-30,22.013999938964844,22.013999938964844,22.43000030517578,21.65999984741211,22.1200008392334,6000.0
2024-07-31,22.142000198364258,22.142000198364258,23.1299991607666,21.170000076293945,21.170000076293945,6300.0
2024-08-01,20.875,20.875,22.3799991607666,20.75,22.3799991607666,4200.0
2024-08-02,19.510000228881836,19.510000228881836,20.010000228881836,19.309999465942383,20.010000228881836,5300.0
2024-08-05,18.163999557495117,18.163999557495117,18.614999771118164,15.15999984741211,16.860000610351562,9200.0
2024-08-06,18.67300033569336,18.67300033569336,18.999000549316406,18.510000228881836,18.510000228881836,3100.0
2024-08-07,18.22800064086914,18.22800064086914,19.600000381469727,18.15999984741211,19.600000381469727,2000.0
2024-08-08,18.948999404907227,18.948999404907227,19.06100082397461,18.56999969482422,18.56999969482422,5700.0
2024-08-09,18.969999313354492,18.969999313354492,18.969999313354492,18.969999313354492,18.969999313354492,200.0
2024-08-12,18.610000610351562,18.610000610351562,18.93000030517578,18.604999542236328,18.93000030517578,800.0
2024-08-13,19.197999954223633,19.197999954223633,19.197999954223633,18.920000076293945,18.920000076293945,1500.0
2024-08-14,19.093000411987305,19.093000411987305,19.25,18.700000762939453,19.25,8800.0
2024-08-15,19.996000289916992,19.996000289916992,22.25,19.780000686645508,22.25,3100.0
2024-08-16,20.066999435424805,20.066999435424805,20.15999984741211,19.889999389648438,20.110000610351562,3900.0
2024-08-19,20.524999618530273,20.524999618530273,20.524999618530273,20.219999313354492,20.219999313354492,1300.0
2024-08-20,20.11199951171875,20.11199951171875,20.479999542236328,19.290000915527344,19.290000915527344,2500.0
2024-08-21,20.621000289916992,20.621000289916992,20.621000289916992,20.100000381469727,20.100000381469727,1200.0
2024-08-22,20.20800018310547,20.20800018310547,20.520000457763672,20.20800018310547,20.520000457763672,5800.0
2024-08-23,21.454999923706055,21.454999923706055,21.454999923706055,21.399999618530273,21.40999984741211,4300.0
2024-08-26,21.452999114990234,21.452999114990234,21.59000015258789,21.452999114990234,21.579999923706055,600.0
2024-08-27,21.1560001373291,21.1560001373291,21.1560001373291,21.000999450683594,21.000999450683594,300.0
2024-08-28,20.959999084472656,20.959999084472656,21.219999313354492,20.770000457763672,21.219999313354492,3500.0
2024-08-29,21.191999435424805,21.191999435424805,21.540000915527344,21.191999435424805,21.280000686645508,3200.0
2024-08-30,21.43600082397461,21.43600082397461,21.43600082397461,20.979999542236328,21.34000015258789,2200.0
2024-09-03,20.202999114990234,20.202999114990234,21.049999237060547,20.202999114990234,21.049999237060547,1300.0
2024-09-04,20.14900016784668,20.14900016784668,20.309999465942383,20.040000915527344,20.309999465942383,900.0
2024-09-05,19.861000061035156,19.861000061035156,19.861000061035156,19.861000061035156,19.861000061035156,100.0
2024-09-06,19.13599967956543,19.13599967956543,19.18000030517578,19.13599967956543,19.18000030517578,900.0
2024-09-09,19.253999710083008,19.253999710083008,19.7189998626709,19.100000381469727,19.100000381469727,300.0
2024-09-10,19.229000091552734,19.229000091552734,19.229000091552734,19.229000091552734,19.229000091552734,100.0
2024-09-11,19.3700008392334,19.3700008392334,19.3700008392334,19.3700008392334,19.3700008392334,300.0
2024-09-12,19.823999404907227,19.823999404907227,19.823999404907227,19.823999404907227,19.823999404907227,100.0
2024-09-13,20.783000946044922,20.783000946044922,20.783000946044922,20.0,20.0,2200.0
2024-09-16,20.933000564575195,20.933000564575195,20.933000564575195,20.933000564575195,20.933000564575195,500.0
2024-09-17,21.197999954223633,21.197999954223633,21.34000015258789,21.197999954223633,21.34000015258789,300.0
2024-09-18,21.204999923706055,21.204999923706055,22.0,21.100000381469727,21.100000381469727,1000.0
2024-09-19,22.0,22.0,22.100000381469727,21.8700008392334,22.09000015258789,2300.0
2024-09-20,21.607999801635742,21.607999801635742,21.799999237060547,21.607999801635742,21.760000228881836,1800.0
2024-09-23,21.429000854492188,21.429000854492188,21.469999313354492,21.429000854492188,21.469999313354492,100.0
2024-09-24,21.530000686645508,21.530000686645508,21.530000686645508,21.459999084472656,21.459999084472656,300.0
2024-09-25,21.02400016784668,21.02400016784668,21.1200008392334,21.02400016784668,21.1200008392334,100.0
2024-09-26,20.790000915527344,20.790000915527344,21.34000015258789,20.790000915527344,21.31999969482422,1100.0
2024-09-27,21.555999755859375,21.555999755859375,21.81999969482422,21.489999771118164,21.729999542236328,1800.0
2024-09-30,21.638999938964844,21.638999938964844,21.638999938964844,21.638999938964844,21.638999938964844,100.0
2024-10-01,21.020000457763672,21.020000457763672,21.15999984741211,21.020000457763672,21.1200008392334,4100.0
2024-10-02,20.972999572753906,20.972999572753906,20.972999572753906,20.972999572753906,20.972999572753906,100.0
2024-10-03,20.68400001525879,20.68400001525879,20.68400001525879,20.649999618530273,20.649999618530273,200.0
2024-10-04,21.264999389648438,21.264999389648438,21.264999389648438,21.264999389648438,21.264999389648438,100.0
2024-10-07,20.961000442504883,20.961000442504883,21.0,20.961000442504883,20.979999542236328,900.0
2024-10-08,20.97800064086914,20.97800064086914,20.97800064086914,20.97800064086914,20.97800064086914,100.0
2024-10-09,21.052000045776367,21.052000045776367,21.1299991607666,21.0,21.1299991607666,800.0
2024-10-10,20.820999145507812,20.820999145507812,20.820999145507812,20.559999465942383,20.760000228881836,10400.0
2024-10-11,21.71299934387207,21.71299934387207,21.71299934387207,21.3700008392334,21.43000030517578,3000.0
2024-10-14,22.02199935913086,22.02199935913086,22.02199935913086,21.719999313354492,21.719999313354492,500.0
2024-10-15,22.033000946044922,22.033000946044922,22.260000228881836,21.93000030517578,21.93000030517578,1500.0
2024-10-16,22.68899917602539,22.68899917602539,22.700000762939453,22.549999237060547,22.549999237060547,800.0
2024-10-17,22.547000885009766,22.547000885009766,22.649999618530273,22.3700008392334,22.649999618530273,2300.0
2024-10-18,22.464000701904297,22.464000701904297,22.464000701904297,22.464000701904297,22.464000701904297,100.0
2024-10-21,21.766000747680664,21.766000747680664,21.770000457763672,21.760000228881836,21.760000228881836,600.0
2024-10-22,21.608999252319336,21.608999252319336,21.649999618530273,21.520000457763672,21.520000457763672,600.0
2024-10-23,21.256999969482422,21.256999969482422,21.350000381469727,21.256999969482422,21.309999465942383,300.0
2024-10-24,21.395000457763672,21.395000457763672,21.5,21.395000457763672,21.5,100.0
2024-10-25,21.187999725341797,21.187999725341797,21.450000762939453,21.187999725341797,21.450000762939453,1300.0
2024-10-28,21.86199951171875,21.86199951171875,21.863000869750977,21.81999969482422,21.860000610351562,1700.0
2024-10-29,21.69700050354004,21.69700050354004,21.69700050354004,21.69700050354004,21.69700050354004,200.0
2024-10-30,21.660999298095703,21.660999298095703,22.0,21.660999298095703,22.0,700.0
2024-10-31,20.979999542236328,20.979999542236328,21.420000076293945,20.979999542236328,21.420000076293945,2100.0
2024-11-01,21.138999938964844,21.138999938964844,21.138999938964844,21.138999938964844,21.138999938964844,100.0
2024-11-04,21.350000381469727,21.350000381469727,21.3700008392334,21.05900001525879,21.149999618530273,900.0
2024-11-05,22.107999801635742,22.107999801635742,22.107999801635742,21.610000610351562,21.610000610351562,600.0
2024-11-06,24.631000518798828,24.631000518798828,24.631000518798828,23.8700008392334,24.020000457763672,2700.0
2024-11-07,24.479000091552734,24.479000091552734,24.549999237060547,24.479000091552734,24.540000915527344,900.0
2024-11-08,24.761999130249023,24.761999130249023,24.809999465942383,24.360000610351562,24.360000610351562,1500.0
2024-11-11,25.43600082397461,25.43600082397461,25.530000686645508,25.25,25.25,5300.0
2024-11-12,24.56100082397461,24.56100082397461,25.440000534057617,24.56100082397461,25.440000534057617,5400.0
2024-11-13,24.149999618530273,24.149999618530273,24.940000534057617,24.149999618530273,24.90999984741211,1400.0
2024-11-14,23.53499984741211,23.53499984741211,23.739999771118164,23.530000686645508,23.739999771118164,600.0
2024-11-15,22.910999298095703,22.910999298095703,23.600000381469727,21.450000762939453,21.450000762939453,2300.0
2024-11-18,23.007999420166016,23.007999420166016,23.059999465942383,22.993999481201172,23.0,1800.0
2024-11-19,23.320999145507812,23.320999145507812,23.320999145507812,21.700000762939453,21.700000762939453,2200.0
2024-11-20,23.33300018310547,23.33300018310547,23.33300018310547,23.0,23.31999969482422,1000.0
2024-11-21,24.10300064086914,24.10300064086914,24.1200008392334,23.579999923706055,23.579999923706055,3900.0
2024-11-22,24.913999557495117,24.913999557495117,24.913999557495117,24.469999313354492,24.600000381469727,900.0
2024-11-25,25.639999389648438,25.639999389648438,26.049999237060547,25.440000534057617,25.540000915527344,2300.0
2024-11-26,25.246000289916992,25.246000289916992,25.260000228881836,25.246000289916992,25.260000228881836,600.0
2024-11-27,25.27899932861328,25.27899932861328,25.299999237060547,25.27899932861328,25.299999237060547,1000.0
2024-11-29,25.43000030517578,25.43000030517578,25.510000228881836,25.360000610351562,25.510000228881836,700.0
2024-12-02,25.3700008392334,25.3700008392334,25.540000915527344,25.229999542236328,25.440000534057617,5800.0
2024-12-03,25.05500030517578,25.05500030517578,25.110000610351562,24.940000534057617,25.110000610351562,1000.0
2024-12-04,25.250999450683594,25.250999450683594,25.309999465942383,25.100000381469727,25.309999465942383,2000.0
2024-12-05,24.670000076293945,24.670000076293945,25.09000015258789,24.670000076293945,25.010000228881836,1000.0
2024-12-06,24.881999969482422,24.881999969482422,24.979999542236328,24.860000610351562,24.979999542236328,500.0
2024-12-09,24.663999557495117,24.663999557495117,27.0,24.663999557495117,27.0,1500.0
2024-12-10,24.399999618530273,24.399999618530273,24.43000030517578,24.350000381469727,24.43000030517578,500.0
2024-12-11,24.649999618530273,24.649999618530273,24.670000076293945,24.540000915527344,24.670000076293945,600.0
2024-12-12,23.974000930786133,23.974000930786133,24.200000762939453,23.974000930786133,24.200000762939453,800.0
2024-12-13,23.645000457763672,23.645000457763672,23.989999771118164,23.583999633789062,23.989999771118164,600.0
2024-12-16,23.992000579833984,23.992000579833984,24.030000686645508,23.969999313354492,24.020000457763672,1800.0
2024-12-17,23.493999481201172,23.493999481201172,23.530000686645508,23.493999481201172,23.530000686645508,800.0
2024-12-18,21.235000610351562,21.235000610351562,23.65999984741211,21.229999542236328,23.65999984741211,105300.0
2024-12-19,21.33099937438965,21.33099937438965,22.3799991607666,21.280000686645508,21.299999237060547,2700.0
2024-12-20,21.66200065612793,21.66200065612793,22.229999542236328,21.3700008392334,22.229999542236328,8300.0
2024-12-23,21.56999969482422,21.56999969482422,21.56999969482422,21.40999984741211,21.520000457763672,5400.0
2024-12-24,21.9689998626709,21.9689998626709,21.9689998626709,21.59000015258789,21.59000015258789,400.0
2024-12-26,22.493999481201172,22.493999481201172,22.493999481201172,21.809999465942383,21.809999465942383,4300.0
2024-12-27,21.670000076293945,21.670000076293945,22.1299991607666,21.610000610351562,22.1299991607666,2600.0
2024-12-30,21.406999588012695,21.406999588012695,21.530000686645508,20.93000030517578,21.239999771118164,5200.0
2024-12-31,21.384000778198242,21.384000778198242,21.639999389648438,21.3799991607666,21.479999542236328,1200.0
2025-01-02,21.440000534057617,21.440000534057617,21.719999313354492,21.43000030517578,21.719999313354492,800.0
2025-01-03,22.138999938964844,22.138999938964844,22.138999938964844,22.049999237060547,22.049999237060547,1400.0
2025-01-06,22.145000457763672,22.145000457763672,22.65999984741211,22.145000457763672,22.5,103500.0
2025-01-07,21.756999969482422,21.756999969482422,22.1299991607666,21.68000030517578,22.1299991607666,1300.0
2025-01-08,21.590999603271484,21.590999603271484,21.590999603271484,20.950000762939453,21.25,1600.0
2025-01-10,20.64699935913086,20.64699935913086,21.989999771118164,20.540000915527344,21.989999771118164,1000.0
2025-01-13,20.711000442504883,20.711000442504883,20.711000442504883,20.139999389648438,20.139999389648438,200.0
2025-01-14,21.19300079345703,21.19300079345703,21.209999084472656,21.19300079345703,21.209999084472656,200.0
2025-01-15,22.04400062561035,22.04400062561035,22.09000015258789,21.93000030517578,21.93000030517578,400.0
2025-01-16,22.13599967956543,22.13599967956543,22.13599967956543,22.104999542236328,22.104999542236328,100.0
2025-01-17,22.261999130249023,22.261999130249023,22.489999771118164,22.1299991607666,22.489999771118164,1400.0
2025-01-21,23.07900047302246,23.07900047302246,23.07900047302246,22.56999969482422,22.56999969482422,700.0
2025-01-22,22.750999450683594,22.750999450683594,23.5,22.719999313354492,23.5,700.0
2025-01-23,22.927000045776367,22.927000045776367,22.927000045776367,20.479999542236328,20.479999542236328,4100.0
2025-01-24,22.849000930786133,22.849000930786133,22.93000030517578,22.829999923706055,22.93000030517578,700.0
2025-01-27,22.36199951171875,22.36199951171875,22.649999618530273,22.170000076293945,22.649999618530273,900.0
2025-01-28,22.445999145507812,22.445999145507812,22.445999145507812,22.445999145507812,22.445999145507812,300.0
2025-01-29,22.402000427246094,22.402000427246094,22.469999313354492,22.139999389648438,22.459999084472656,900.0
2025-01-30,22.655000686645508,22.655000686645508,23.033000946044922,22.655000686645508,22.969999313354492,2600.0
2025-01-31,22.524999618530273,22.524999618530273,22.989999771118164,22.479999542236328,22.989999771118164,300.0
2025-02-03,22.059999465942383,22.059999465942383,22.059999465942383,21.360000610351562,21.360000610351562,500.0
2025-02-04,22.518999099731445,22.518999099731445,22.518999099731445,22.25,22.25,1400.0
2025-02-05,22.91309928894043,22.91309928894043,22.91309928894043,22.870100021362305,22.639999389648438,2891.0
