Date,Adj Close,Close,High,Low,Open,Volume
2019-12-02,26.360000610351562,26.360000610351562,26.399999618530273,26.34000015258789,26.399999618530273,144300.0
2019-12-03,26.26099967956543,26.26099967956543,26.350000381469727,26.170000076293945,26.350000381469727,35100.0
2019-12-04,26.329999923706055,26.329999923706055,26.360000610351562,26.32200050354004,26.350000381469727,53000.0
2019-12-05,26.360000610351562,26.360000610351562,26.479999542236328,26.309999465942383,26.479999542236328,22700.0
2019-12-06,26.424999237060547,26.424999237060547,26.459999084472656,26.3700008392334,26.3700008392334,41200.0
2019-12-09,26.406999588012695,26.406999588012695,26.549999237060547,26.389999389648438,26.549999237060547,63800.0
2019-12-10,26.399999618530273,26.399999618530273,26.43000030517578,26.3700008392334,26.385000228881836,19000.0
2019-12-11,26.426000595092773,26.426000595092773,26.434999465942383,26.389999389648438,26.420000076293945,47600.0
2019-12-12,26.485000610351562,26.485000610351562,26.548999786376953,26.47100067138672,26.486000061035156,24100.0
2019-12-13,26.510000228881836,26.510000228881836,26.540000915527344,26.479999542236328,26.540000915527344,45400.0
2019-12-16,26.565000534057617,26.565000534057617,26.59600067138672,26.555999755859375,26.559999465942383,7000.0
2019-12-17,26.56999969482422,26.56999969482422,26.589000701904297,26.54599952697754,26.565000534057617,12500.0
2019-12-18,26.56999969482422,26.56999969482422,26.68000030517578,26.549999237060547,26.68000030517578,55800.0
2019-12-19,26.606000900268555,26.606000900268555,26.6299991607666,26.577999114990234,26.58300018310547,29800.0
2019-12-20,26.649999618530273,26.649999618530273,26.760000228881836,26.63599967956543,26.760000228881836,32900.0
2019-12-23,26.659000396728516,26.659000396728516,26.68000030517578,26.649999618530273,26.68000030517578,5800.0
2019-12-24,26.639999389648438,26.639999389648438,26.645000457763672,26.611000061035156,26.611000061035156,4100.0
2019-12-26,26.68000030517578,26.68000030517578,26.68000030517578,26.674999237060547,26.674999237060547,1200.0
2019-12-27,26.684999465942383,26.684999465942383,26.729000091552734,26.684999465942383,26.719999313354492,3800.0
2019-12-30,26.64900016784668,26.64900016784668,26.64900016784668,26.6299991607666,26.6299991607666,2000.0
2019-12-31,26.665000915527344,26.665000915527344,26.665000915527344,26.6299991607666,26.6299991607666,600.0
2020-01-02,26.766000747680664,26.766000747680664,26.766000747680664,26.722000122070312,26.722000122070312,500.0
2020-01-03,26.71500015258789,26.71500015258789,26.743000030517578,26.68000030517578,26.700000762939453,6600.0
2020-01-06,26.7450008392334,26.7450008392334,26.809999465942383,26.690000534057617,26.809999465942383,2900.0
2020-01-07,26.725000381469727,26.725000381469727,26.75,26.700000762939453,26.75,67000.0
2020-01-08,26.764999389648438,26.764999389648438,26.799999237060547,26.739999771118164,26.739999771118164,1600.0
2020-01-09,26.815000534057617,26.815000534057617,26.81999969482422,26.795000076293945,26.802000045776367,9100.0
2020-01-10,26.790000915527344,26.790000915527344,26.790000915527344,26.790000915527344,26.790000915527344,100.0
2020-01-13,26.854999542236328,26.854999542236328,26.854999542236328,26.81999969482422,26.84600067138672,2100.0
2020-01-14,26.81999969482422,26.81999969482422,26.850000381469727,26.81999969482422,26.829999923706055,11700.0
2020-01-15,26.829999923706055,26.829999923706055,26.860000610351562,26.799999237060547,26.860000610351562,9300.0
2020-01-16,26.899999618530273,26.899999618530273,26.899999618530273,26.889999389648438,26.889999389648438,1000.0
2020-01-17,26.920000076293945,26.920000076293945,26.940000534057617,26.89900016784668,26.89900016784668,400.0
2020-01-21,26.905000686645508,26.905000686645508,26.959999084472656,26.905000686645508,26.940000534057617,14100.0
2020-01-22,26.90999984741211,26.90999984741211,26.950000762939453,26.889999389648438,26.920000076293945,2500.0
2020-01-23,26.920000076293945,26.920000076293945,26.920000076293945,26.8799991607666,26.8799991607666,500.0
2020-01-24,26.849000930786133,26.849000930786133,26.849000930786133,26.849000930786133,26.849000930786133,0.0
2020-01-27,26.725000381469727,26.725000381469727,26.770000457763672,26.725000381469727,26.770000457763672,3600.0
2020-01-28,26.81999969482422,26.81999969482422,26.839000701904297,26.81999969482422,26.839000701904297,500.0
2020-01-29,26.797000885009766,26.797000885009766,26.81999969482422,26.797000885009766,26.81999969482422,1000.0
2020-01-30,26.815000534057617,26.815000534057617,26.815000534057617,26.815000534057617,26.815000534057617,0.0
2020-01-31,26.66200065612793,26.66200065612793,26.700000762939453,26.66200065612793,26.700000762939453,900.0
2020-02-03,26.725000381469727,26.725000381469727,26.770000457763672,26.709999084472656,26.716999053955078,5400.0
2020-02-04,26.825000762939453,26.825000762939453,26.857999801635742,26.825000762939453,26.857999801635742,400.0
2020-02-05,26.93000030517578,26.93000030517578,26.93000030517578,26.850000381469727,26.850000381469727,6300.0
2020-02-06,26.966999053955078,26.966999053955078,26.966999053955078,26.941999435424805,26.941999435424805,400.0
2020-02-07,26.92300033569336,26.92300033569336,26.92300033569336,26.92300033569336,26.92300033569336,0.0
2020-02-10,26.979999542236328,26.979999542236328,26.979999542236328,26.950000762939453,26.950000762939453,13300.0
2020-02-11,26.985000610351562,26.985000610351562,26.985000610351562,26.959999084472656,26.959999084472656,3200.0
2020-02-12,27.040000915527344,27.040000915527344,27.049999237060547,27.040000915527344,27.049999237060547,2300.0
2020-02-13,27.030000686645508,27.030000686645508,27.040000915527344,27.030000686645508,27.040000915527344,500.0
2020-02-14,27.040000915527344,27.040000915527344,27.059999465942383,27.030000686645508,27.031999588012695,1600.0
2020-02-18,27.030000686645508,27.030000686645508,27.03700065612793,27.0,27.0,3600.0
2020-02-19,27.079999923706055,27.079999923706055,27.079999923706055,27.079999923706055,27.079999923706055,0.0
2020-02-20,27.049999237060547,27.049999237060547,27.049999237060547,27.049999237060547,27.049999237060547,0.0
2020-02-21,26.95400047302246,26.95400047302246,26.95400047302246,26.95400047302246,26.95400047302246,100.0
2020-02-24,26.702999114990234,26.702999114990234,26.760000228881836,26.702999114990234,26.719999313354492,500.0
2020-02-25,26.392000198364258,26.392000198364258,26.6200008392334,26.350000381469727,26.597000122070312,10500.0
2020-02-26,26.37700080871582,26.37700080871582,26.39299964904785,26.309999465942383,26.309999465942383,900.0
2020-02-27,26.075000762939453,26.075000762939453,26.360000610351562,26.075000762939453,26.34000015258789,56300.0
2020-02-28,25.790000915527344,25.790000915527344,25.950000762939453,25.649999618530273,25.649999618530273,33400.0
2020-03-02,26.42300033569336,26.42300033569336,26.42300033569336,26.0,26.020000457763672,17700.0
2020-03-03,26.2189998626709,26.2189998626709,26.34000015258789,26.2189998626709,26.34000015258789,1200.0
2020-03-04,26.56800079345703,26.56800079345703,26.56800079345703,26.56800079345703,26.56800079345703,0.0
2020-03-05,26.200000762939453,26.200000762939453,26.450000762939453,26.200000762939453,26.450000762939453,5800.0
2020-03-06,26.083999633789062,26.083999633789062,26.083999633789062,25.959999084472656,25.959999084472656,700.0
2020-03-09,25.3799991607666,25.3799991607666,25.610000610351562,25.18000030517578,25.469999313354492,213100.0
2020-03-10,25.639999389648438,25.639999389648438,25.780000686645508,25.229999542236328,25.43000030517578,33100.0
2020-03-11,25.30699920654297,25.30699920654297,25.30699920654297,25.155000686645508,25.299999237060547,1300.0
2020-03-12,24.165000915527344,24.165000915527344,25.25,24.165000915527344,25.25,46000.0
2020-03-13,24.861000061035156,24.861000061035156,24.861000061035156,24.288999557495117,24.3700008392334,18500.0
2020-03-16,23.725000381469727,23.725000381469727,24.079999923706055,23.725000381469727,24.079999923706055,8200.0
2020-03-17,23.993999481201172,23.993999481201172,24.209999084472656,23.59000015258789,23.59000015258789,147400.0
2020-03-18,23.700000762939453,23.700000762939453,23.700000762939453,23.049999237060547,23.110000610351562,8900.0
2020-03-19,23.780000686645508,23.780000686645508,23.92799949645996,23.333999633789062,23.333999633789062,8100.0
2020-03-20,23.459999084472656,23.459999084472656,23.950000762939453,23.459999084472656,23.798999786376953,3600.0
2020-03-23,23.520000457763672,23.520000457763672,23.709999084472656,23.31999969482422,23.399999618530273,7700.0
2020-03-24,24.100000381469727,24.100000381469727,24.268999099731445,24.0,24.0,9800.0
2020-03-25,24.332000732421875,24.332000732421875,24.41900062561035,24.200000762939453,24.389999389648438,1100.0
2020-03-26,24.797000885009766,24.797000885009766,24.797000885009766,24.459999084472656,24.549999237060547,8800.0
2020-03-27,24.416000366210938,24.416000366210938,24.600000381469727,24.416000366210938,24.540000915527344,74100.0
2020-03-30,24.753999710083008,24.753999710083008,24.753999710083008,24.52899932861328,24.52899932861328,2700.0
2020-03-31,24.611000061035156,24.611000061035156,24.780000686645508,24.610000610351562,24.760000228881836,9200.0
2020-04-01,24.141000747680664,24.141000747680664,24.43000030517578,24.094999313354492,24.43000030517578,7900.0
2020-04-02,24.299999237060547,24.299999237060547,24.389999389648438,24.155000686645508,24.31399917602539,9700.0
2020-04-03,24.229999542236328,24.229999542236328,24.290000915527344,24.200000762939453,24.27400016784668,6800.0
2020-04-06,24.898000717163086,24.898000717163086,24.898000717163086,24.690000534057617,24.690000534057617,1300.0
2020-04-07,24.93600082397461,24.93600082397461,25.43000030517578,24.93600082397461,25.43000030517578,53100.0
2020-04-08,25.15999984741211,25.15999984741211,25.239999771118164,24.9950008392334,25.049999237060547,132600.0
2020-04-09,25.40399932861328,25.40399932861328,25.5,25.290000915527344,25.5,286300.0
2020-04-13,25.31100082397461,25.31100082397461,25.31100082397461,25.209999084472656,25.225000381469727,15600.0
2020-04-14,25.624000549316406,25.624000549316406,25.68000030517578,25.479000091552734,25.479000091552734,25200.0
2020-04-15,25.39299964904785,25.39299964904785,25.520000457763672,25.301000595092773,25.309999465942383,26800.0
2020-04-16,25.454999923706055,25.454999923706055,25.5,25.350000381469727,25.402000427246094,56400.0
2020-04-17,25.716999053955078,25.716999053955078,25.75,25.55500030517578,25.611000061035156,22000.0
2020-04-20,25.530000686645508,25.530000686645508,25.709999084472656,25.530000686645508,25.709999084472656,10000.0
2020-04-21,25.291000366210938,25.291000366210938,25.309999465942383,25.18400001525879,25.309999465942383,2500.0
2020-04-22,25.450000762939453,25.450000762939453,25.540000915527344,25.440000534057617,25.440000534057617,75000.0
2020-04-23,25.3799991607666,25.3799991607666,25.639999389648438,25.3799991607666,25.639999389648438,40000.0
2020-04-24,25.614999771118164,25.614999771118164,25.614999771118164,25.469999313354492,25.481000900268555,1900.0
2020-04-27,25.79199981689453,25.79199981689453,25.860000610351562,25.709999084472656,25.709999084472656,1100.0
2020-04-28,25.687999725341797,25.687999725341797,25.8799991607666,25.687999725341797,25.8799991607666,6600.0
2020-04-29,25.9950008392334,25.9950008392334,26.020000457763672,25.81999969482422,26.020000457763672,5500.0
2020-04-30,25.924999237060547,25.924999237060547,25.979999542236328,25.8799991607666,25.899999618530273,54700.0
2020-05-01,25.604999542236328,25.604999542236328,25.790000915527344,25.579999923706055,25.75,3500.0
2020-05-04,25.649999618530273,25.649999618530273,25.649999618530273,25.549999237060547,25.559999465942383,1700.0
2020-05-05,25.75,25.75,25.889999389648438,25.75,25.75,24800.0
2020-05-06,25.75,25.75,25.75,25.75,25.75,0.0
2020-05-07,25.84000015258789,25.84000015258789,25.93000030517578,25.79599952697754,25.920000076293945,20300.0
2020-05-08,25.98699951171875,25.98699951171875,25.98699951171875,25.98699951171875,25.98699951171875,100.0
2020-05-11,26.0,26.0,26.1299991607666,25.940000534057617,25.940000534057617,34200.0
2020-05-12,25.77899932861328,25.77899932861328,25.899999618530273,25.760000228881836,25.760000228881836,12800.0
2020-05-13,25.56800079345703,25.56800079345703,25.700000762939453,25.469999313354492,25.700000762939453,30800.0
2020-05-14,25.650999069213867,25.650999069213867,25.650999069213867,25.399999618530273,25.43000030517578,12300.0
2020-05-15,25.697999954223633,25.697999954223633,25.84000015258789,25.600000381469727,25.649999618530273,8600.0
2020-05-18,26.052000045776367,26.052000045776367,26.138999938964844,25.99799919128418,26.030000686645508,3500.0
2020-05-19,25.969999313354492,25.969999313354492,26.08300018310547,25.969999313354492,25.969999313354492,11000.0
2020-05-20,26.104000091552734,26.104000091552734,26.1299991607666,26.06100082397461,26.1299991607666,4100.0
2020-05-21,26.030000686645508,26.030000686645508,26.09000015258789,26.030000686645508,26.030000686645508,800.0
2020-05-22,26.066999435424805,26.066999435424805,26.066999435424805,26.0,26.049999237060547,5300.0
2020-05-26,26.187999725341797,26.187999725341797,26.31999969482422,26.170000076293945,26.31999969482422,5200.0
2020-05-27,26.325000762939453,26.325000762939453,26.59000015258789,26.155000686645508,26.59000015258789,6000.0
2020-05-28,26.33300018310547,26.33300018310547,26.5,26.33300018310547,26.479999542236328,2900.0
2020-05-29,26.385000228881836,26.385000228881836,26.385000228881836,26.256000518798828,26.256000518798828,700.0
2020-06-01,26.364999771118164,26.364999771118164,26.399999618530273,26.17799949645996,26.367000579833984,24100.0
2020-06-02,26.3700008392334,26.3700008392334,26.447999954223633,26.27400016784668,26.375999450683594,7000.0
2020-06-03,26.555999755859375,26.555999755859375,26.555999755859375,26.420000076293945,26.420000076293945,16100.0
2020-06-04,26.454999923706055,26.454999923706055,26.547000885009766,26.450000762939453,26.450000762939453,3900.0
2020-06-05,26.774999618530273,26.774999618530273,26.8799991607666,26.739999771118164,26.739999771118164,2000.0
2020-06-08,26.836999893188477,26.836999893188477,26.899999618530273,26.774999618530273,26.899999618530273,18200.0
2020-06-09,26.80500030517578,26.80500030517578,26.889999389648438,26.709999084472656,26.719999313354492,7500.0
2020-06-10,26.72800064086914,26.72800064086914,26.76799964904785,26.520000457763672,26.520000457763672,8900.0
2020-06-11,26.187999725341797,26.187999725341797,26.490999221801758,26.165000915527344,26.490999221801758,4600.0
2020-06-12,26.176000595092773,26.176000595092773,26.200000762939453,26.100000381469727,26.17799949645996,4100.0
2020-06-15,26.332000732421875,26.332000732421875,26.332000732421875,26.170000076293945,26.170000076293945,700.0
2020-06-16,26.426000595092773,26.426000595092773,26.56599998474121,26.219999313354492,26.219999313354492,6800.0
2020-06-17,26.4950008392334,26.4950008392334,26.65999984741211,26.34000015258789,26.3799991607666,2200.0
2020-06-18,26.493999481201172,26.493999481201172,26.56999969482422,26.469999313354492,26.47100067138672,3200.0
2020-06-19,26.433000564575195,26.433000564575195,26.65999984741211,26.34000015258789,26.65999984741211,900.0
2020-06-22,26.454999923706055,26.454999923706055,26.5049991607666,26.399999618530273,26.5049991607666,2500.0
2020-06-23,26.634000778198242,26.634000778198242,26.649999618530273,26.56999969482422,26.56999969482422,4000.0
2020-06-24,26.402000427246094,26.402000427246094,26.459999084472656,26.3700008392334,26.459999084472656,4000.0
2020-06-25,26.4060001373291,26.4060001373291,26.450000762939453,26.334999084472656,26.334999084472656,20900.0
2020-06-26,26.2189998626709,26.2189998626709,26.336000442504883,26.2189998626709,26.299999237060547,18300.0
2020-06-29,26.336999893188477,26.336999893188477,26.38800048828125,26.336999893188477,26.38800048828125,400.0
2020-06-30,26.527000427246094,26.527000427246094,26.527000427246094,26.329999923706055,26.43000030517578,23900.0
2020-07-01,26.55299949645996,26.55299949645996,26.65999984741211,26.55299949645996,26.56999969482422,500.0
2020-07-02,26.621000289916992,26.621000289916992,26.674999237060547,26.56999969482422,26.649999618530273,4200.0
2020-07-06,26.785999298095703,26.785999298095703,26.799999237060547,26.625,26.78499984741211,4400.0
2020-07-07,26.70599937438965,26.70599937438965,26.764999389648438,26.649999618530273,26.764999389648438,5300.0
2020-07-08,26.75,26.75,26.799999237060547,26.690000534057617,26.760000228881836,14400.0
2020-07-09,26.638999938964844,26.638999938964844,26.700000762939453,26.6299991607666,26.700000762939453,2000.0
2020-07-10,26.709999084472656,26.709999084472656,26.743000030517578,26.579999923706055,26.643999099731445,5800.0
2020-07-13,26.67099952697754,26.67099952697754,26.979999542236328,26.6200008392334,26.979999542236328,2500.0
2020-07-14,26.82200050354004,26.82200050354004,26.82200050354004,26.742000579833984,26.75,1200.0
2020-07-15,26.854000091552734,26.854000091552734,26.860000610351562,26.790000915527344,26.795000076293945,5700.0
2020-07-16,26.83099937438965,26.83099937438965,26.83099937438965,26.809999465942383,26.809999465942383,7100.0
2020-07-17,26.874000549316406,26.874000549316406,26.940000534057617,26.81100082397461,26.940000534057617,3900.0
2020-07-20,27.030000686645508,27.030000686645508,27.030000686645508,26.913000106811523,26.915000915527344,3300.0
2020-07-21,26.966999053955078,26.966999053955078,27.030000686645508,26.934999465942383,27.010000228881836,25000.0
2020-07-22,26.979999542236328,26.979999542236328,27.25,26.979999542236328,27.25,300.0
2020-07-23,26.92300033569336,26.92300033569336,26.979000091552734,26.899999618530273,26.969999313354492,9300.0
2020-07-24,26.844999313354492,26.844999313354492,26.85099983215332,26.799999237060547,26.799999237060547,5400.0
2020-07-27,26.930999755859375,26.930999755859375,27.0,26.8799991607666,26.920000076293945,1800.0
2020-07-28,26.90399932861328,26.90399932861328,26.989999771118164,26.8700008392334,26.954999923706055,10800.0
2020-07-29,26.94700050354004,26.94700050354004,26.950000762939453,26.889999389648438,26.899999618530273,500.0
2020-07-30,26.89699935913086,26.89699935913086,26.922000885009766,26.854999542236328,26.922000885009766,700.0
2020-07-31,26.959999084472656,26.959999084472656,26.959999084472656,26.93000030517578,26.940000534057617,2300.0
2020-08-03,27.04199981689453,27.04199981689453,27.170000076293945,27.0,27.0,15700.0
2020-08-04,27.118999481201172,27.118999481201172,27.118999481201172,26.93000030517578,27.110000610351562,400.0
2020-08-05,27.15999984741211,27.15999984741211,27.15999984741211,27.135000228881836,27.135000228881836,200.0
2020-08-06,27.240999221801758,27.240999221801758,27.240999221801758,27.09000015258789,27.09000015258789,5100.0
2020-08-07,27.249000549316406,27.249000549316406,27.249000549316406,27.100000381469727,27.100000381469727,200.0
2020-08-10,27.236000061035156,27.236000061035156,27.243000030517578,27.15999984741211,27.15999984741211,32700.0
2020-08-11,27.222999572753906,27.222999572753906,27.350000381469727,27.1200008392334,27.308000564575195,164100.0
2020-08-12,27.260000228881836,27.260000228881836,27.290000915527344,27.219999313354492,27.219999313354492,46400.0
2020-08-13,27.325000762939453,27.325000762939453,27.350000381469727,27.25,27.260000228881836,53600.0
2020-08-14,27.31999969482422,27.31999969482422,27.31999969482422,27.1200008392334,27.299999237060547,9000.0
2020-08-17,27.364999771118164,27.364999771118164,27.459999084472656,27.280000686645508,27.280000686645508,1000.0
2020-08-18,27.3799991607666,27.3799991607666,27.3799991607666,27.290000915527344,27.350000381469727,33900.0
2020-08-19,27.354999542236328,27.354999542236328,27.389999389648438,27.354999542236328,27.389999389648438,100.0
2020-08-20,27.31399917602539,27.31399917602539,27.31399917602539,27.31399917602539,27.31399917602539,100.0
2020-08-21,27.350000381469727,27.350000381469727,27.350000381469727,27.350000381469727,27.350000381469727,100.0
2020-08-24,27.47599983215332,27.47599983215332,27.47599983215332,27.325000762939453,27.371000289916992,4800.0
2020-08-25,27.4950008392334,27.4950008392334,27.4950008392334,27.399999618530273,27.424999237060547,5700.0
2020-08-26,27.479999542236328,27.479999542236328,27.489999771118164,27.420000076293945,27.420000076293945,6800.0
2020-08-27,27.499000549316406,27.499000549316406,27.56999969482422,27.46500015258789,27.46500015258789,2000.0
2020-08-28,27.5049991607666,27.5049991607666,27.600000381469727,27.440000534057617,27.48200035095215,12300.0
2020-08-31,27.51799964904785,27.51799964904785,27.535999298095703,27.479999542236328,27.524999618530273,7700.0
2020-09-01,27.489999771118164,27.489999771118164,27.51300048828125,27.469999313354492,27.51300048828125,9300.0
2020-09-02,27.56999969482422,27.56999969482422,27.590999603271484,27.489999771118164,27.489999771118164,48700.0
2020-09-03,27.323999404907227,27.323999404907227,27.499000549316406,27.239999771118164,27.459999084472656,17600.0
2020-09-04,27.34600067138672,27.34600067138672,27.34600067138672,27.100000381469727,27.141000747680664,16800.0
2020-09-08,27.16200065612793,27.16200065612793,27.198999404907227,27.16200065612793,27.198999404907227,200.0
2020-09-09,27.326000213623047,27.326000213623047,27.344999313354492,27.219999313354492,27.260000228881836,4500.0
2020-09-10,27.200000762939453,27.200000762939453,27.21500015258789,27.170000076293945,27.21500015258789,1000.0
2020-09-11,27.218000411987305,27.218000411987305,27.274999618530273,27.100000381469727,27.149999618530273,34000.0
2020-09-14,27.33799934387207,27.33799934387207,27.350000381469727,27.33799934387207,27.350000381469727,300.0
2020-09-15,27.365999221801758,27.365999221801758,27.365999221801758,27.365999221801758,27.365999221801758,0.0
2020-09-16,27.31999969482422,27.31999969482422,27.459999084472656,27.31999969482422,27.450000762939453,2200.0
2020-09-17,27.23900032043457,27.23900032043457,27.23900032043457,27.139999389648438,27.139999389648438,3300.0
2020-09-18,27.145000457763672,27.145000457763672,27.156999588012695,27.135000228881836,27.156999588012695,400.0
2020-09-21,26.969999313354492,26.969999313354492,27.0,26.84000015258789,26.84000015258789,2900.0
2020-09-22,27.113000869750977,27.113000869750977,27.139999389648438,27.06999969482422,27.139999389648438,2100.0
2020-09-23,26.933000564575195,26.933000564575195,27.121999740600586,26.933000564575195,27.059999465942383,1100.0
2020-09-24,26.9689998626709,26.9689998626709,26.9689998626709,26.959999084472656,26.959999084472656,500.0
2020-09-25,27.12700080871582,27.12700080871582,27.18000030517578,27.0,27.0,800.0
2020-09-28,27.270999908447266,27.270999908447266,27.350000381469727,27.270999908447266,27.350000381469727,1700.0
2020-09-29,27.22599983215332,27.22599983215332,27.270000457763672,27.219999313354492,27.270000457763672,300.0
2020-09-30,27.327999114990234,27.327999114990234,27.327999114990234,27.170000076293945,27.17099952697754,1400.0
2020-10-01,27.333999633789062,27.333999633789062,27.333999633789062,27.260000228881836,27.260000228881836,2300.0
2020-10-02,27.270000457763672,27.270000457763672,27.270000457763672,27.246999740600586,27.246999740600586,200.0
2020-10-05,27.40999984741211,27.40999984741211,27.40999984741211,27.40999984741211,27.40999984741211,100.0
2020-10-06,27.31999969482422,27.31999969482422,27.43000030517578,27.309999465942383,27.40999984741211,57900.0
2020-10-07,27.503000259399414,27.503000259399414,27.527999877929688,27.434999465942383,27.5049991607666,1700.0
2020-10-08,27.545000076293945,27.545000076293945,27.549999237060547,27.530000686645508,27.533000946044922,1600.0
2020-10-09,27.635000228881836,27.635000228881836,27.648000717163086,27.530000686645508,27.530000686645508,2600.0
2020-10-12,27.764999389648438,27.764999389648438,27.780000686645508,27.764999389648438,27.77199935913086,500.0
2020-10-13,27.729999542236328,27.729999542236328,27.75,27.729999542236328,27.75,600.0
2020-10-14,27.69700050354004,27.69700050354004,27.69700050354004,27.69700050354004,27.69700050354004,100.0
2020-10-15,27.665000915527344,27.665000915527344,27.665000915527344,27.665000915527344,27.665000915527344,100.0
2020-10-16,27.674999237060547,27.674999237060547,27.674999237060547,27.674999237060547,27.674999237060547,100.0
2020-10-19,27.527999877929688,27.527999877929688,27.527999877929688,27.399999618530273,27.399999618530273,1600.0
2020-10-20,27.61199951171875,27.61199951171875,27.61199951171875,27.61199951171875,27.61199951171875,0.0
2020-10-21,27.579999923706055,27.579999923706055,27.6299991607666,27.577999114990234,27.6200008392334,1300.0
2020-10-22,27.62299919128418,27.62299919128418,27.62299919128418,27.549999237060547,27.55500030517578,2100.0
2020-10-23,27.655000686645508,27.655000686645508,27.655000686645508,27.649999618530273,27.649999618530273,100.0
2020-10-26,27.465999603271484,27.465999603271484,27.489999771118164,27.42099952697754,27.42099952697754,800.0
2020-10-27,27.469999313354492,27.469999313354492,27.469999313354492,27.40999984741211,27.40999984741211,26000.0
2020-10-28,27.042999267578125,27.042999267578125,27.239999771118164,27.042999267578125,27.209999084472656,2900.0
2020-10-29,27.231000900268555,27.231000900268555,27.277999877929688,27.114999771118164,27.114999771118164,6700.0
2020-10-30,27.016000747680664,27.016000747680664,27.09000015258789,27.016000747680664,27.040000915527344,1000.0
2020-11-02,27.21500015258789,27.21500015258789,27.21500015258789,27.100000381469727,27.125999450683594,2900.0
2020-11-03,27.457000732421875,27.457000732421875,27.457000732421875,27.360000610351562,27.420000076293945,7000.0
2020-11-04,27.724000930786133,27.724000930786133,27.724000930786133,27.59000015258789,27.6299991607666,5400.0
2020-11-05,27.864999771118164,27.864999771118164,27.889999389648438,27.770000457763672,27.889999389648438,2900.0
2020-11-06,27.909000396728516,27.909000396728516,27.909000396728516,27.909000396728516,27.909000396728516,100.0
2020-11-09,27.996999740600586,27.996999740600586,28.062000274658203,27.969999313354492,28.020000457763672,57400.0
2020-11-10,27.95800018310547,27.95800018310547,27.969999313354492,27.899999618530273,27.969999313354492,4100.0
2020-11-11,27.9950008392334,27.9950008392334,27.9950008392334,27.90999984741211,27.90999984741211,1300.0
2020-11-12,27.975000381469727,27.975000381469727,27.975000381469727,27.959999084472656,27.96500015258789,400.0
2020-11-13,28.049999237060547,28.049999237060547,28.049999237060547,27.989999771118164,27.989999771118164,4500.0
2020-11-16,28.059999465942383,28.059999465942383,28.059999465942383,28.020000457763672,28.030000686645508,1200.0
2020-11-17,28.065000534057617,28.065000534057617,28.065000534057617,28.049999237060547,28.049999237060547,2700.0
2020-11-18,28.145000457763672,28.145000457763672,28.184999465942383,28.030000686645508,28.030000686645508,1800.0
2020-11-19,28.094999313354492,28.094999313354492,28.118999481201172,28.02199935913086,28.04599952697754,1500.0
2020-11-20,28.100000381469727,28.100000381469727,28.1200008392334,28.079999923706055,28.1200008392334,1400.0
2020-11-23,28.15999984741211,28.15999984741211,28.200000762939453,28.100000381469727,28.1200008392334,7800.0
2020-11-24,28.15999984741211,28.15999984741211,28.229999542236328,28.155000686645508,28.155000686645508,1500.0
2020-11-25,28.15999984741211,28.15999984741211,28.229999542236328,28.113000869750977,28.113000869750977,500.0
2020-11-27,28.15999984741211,28.15999984741211,28.229999542236328,28.079999923706055,28.21500015258789,2200.0
2020-11-30,28.209999084472656,28.209999084472656,28.290000915527344,28.06999969482422,28.177000045776367,123900.0
2020-12-01,28.290000915527344,28.290000915527344,29.010000228881836,28.163999557495117,29.010000228881836,902600.0
2020-12-02,28.299999237060547,28.299999237060547,28.459999084472656,28.208999633789062,28.459999084472656,49600.0
2020-12-03,28.219999313354492,28.219999313354492,28.329999923706055,28.18899917602539,28.229999542236328,49000.0
2020-12-04,28.290000915527344,28.290000915527344,28.540000915527344,28.200000762939453,28.540000915527344,32800.0
2020-12-07,28.274999618530273,28.274999618530273,28.43000030517578,28.15999984741211,28.420000076293945,13700.0
2020-12-08,28.36199951171875,28.36199951171875,28.540000915527344,28.267000198364258,28.540000915527344,14100.0
2020-12-09,28.325000762939453,28.325000762939453,28.420000076293945,28.233999252319336,28.40999984741211,38700.0
2020-12-10,28.249000549316406,28.249000549316406,28.31999969482422,28.225000381469727,28.290000915527344,23900.0
2020-12-11,28.184999465942383,28.184999465942383,28.25,28.1299991607666,28.1299991607666,10100.0
2020-12-14,28.19499969482422,28.19499969482422,28.440000534057617,28.184999465942383,28.440000534057617,18700.0
2020-12-15,28.360000610351562,28.360000610351562,29.059999465942383,28.204999923706055,29.059999465942383,12700.0
2020-12-16,28.364999771118164,28.364999771118164,28.549999237060547,28.21299934387207,28.549999237060547,11600.0
2020-12-17,28.43000030517578,28.43000030517578,28.440000534057617,28.291000366210938,28.350000381469727,14500.0
2020-12-18,28.40999984741211,28.40999984741211,28.5,28.270000457763672,28.5,25000.0
2020-12-21,28.261999130249023,28.261999130249023,28.860000610351562,28.170000076293945,28.860000610351562,15500.0
2020-12-22,28.299999237060547,28.299999237060547,28.34000015258789,28.219999313354492,28.219999313354492,15500.0
2020-12-23,28.343000411987305,28.343000411987305,28.399999618530273,28.25,28.25,10300.0
2020-12-24,28.299999237060547,28.299999237060547,28.610000610351562,28.260000228881836,28.610000610351562,5200.0
2020-12-28,28.399999618530273,28.399999618530273,28.6200008392334,28.339000701904297,28.6200008392334,7300.0
2020-12-29,28.302000045776367,28.302000045776367,28.520000457763672,28.302000045776367,28.415000915527344,8400.0
2020-12-30,28.3700008392334,28.3700008392334,28.5,28.329999923706055,28.360000610351562,3000.0
2020-12-31,28.45599937438965,28.45599937438965,28.530000686645508,28.32200050354004,28.429000854492188,5600.0
2021-01-04,28.29599952697754,28.29599952697754,28.399999618530273,28.209999084472656,28.239999771118164,18100.0
2021-01-05,28.378999710083008,28.378999710083008,28.440000534057617,28.261999130249023,28.261999130249023,1600.0
2021-01-06,28.40999984741211,28.40999984741211,28.5049991607666,28.40999984741211,28.5049991607666,6300.0
2021-01-07,28.540000915527344,28.540000915527344,28.6200008392334,28.524999618530273,28.524999618530273,3600.0
2021-01-08,28.575000762939453,28.575000762939453,28.6299991607666,28.559999465942383,28.6200008392334,3000.0
2021-01-11,28.5,28.5,28.610000610351562,28.46299934387207,28.545000076293945,13000.0
2021-01-12,28.459999084472656,28.459999084472656,28.514999389648438,28.459999084472656,28.514999389648438,500.0
2021-01-13,28.545000076293945,28.545000076293945,28.639999389648438,28.420000076293945,28.479999542236328,8000.0
2021-01-14,28.510000228881836,28.510000228881836,28.6200008392334,28.510000228881836,28.600000381469727,300.0
2021-01-15,28.452999114990234,28.452999114990234,28.46500015258789,28.399999618530273,28.46500015258789,1700.0
2021-01-19,28.520999908447266,28.520999908447266,28.59000015258789,28.44099998474121,28.549999237060547,17600.0
2021-01-20,28.56999969482422,28.56999969482422,28.600000381469727,28.399999618530273,28.399999618530273,4000.0
2021-01-21,28.56999969482422,28.56999969482422,28.600000381469727,28.56999969482422,28.56999969482422,3400.0
2021-01-22,28.591999053955078,28.591999053955078,28.690000534057617,28.562999725341797,28.600000381469727,2800.0
2021-01-25,28.60300064086914,28.60300064086914,28.65999984741211,28.579999923706055,28.639999389648438,500.0
2021-01-26,28.56800079345703,28.56800079345703,28.690000534057617,28.511999130249023,28.520000457763672,18000.0
2021-01-27,28.299999237060547,28.299999237060547,28.499000549316406,28.299999237060547,28.479999542236328,76600.0
2021-01-28,28.393999099731445,28.393999099731445,28.540000915527344,28.332000732421875,28.378000259399414,18000.0
2021-01-29,28.299999237060547,28.299999237060547,28.3700008392334,28.170000076293945,28.170000076293945,44300.0
2021-02-01,28.424999237060547,28.424999237060547,28.489999771118164,28.378000259399414,28.479999542236328,13200.0
2021-02-02,28.493000030517578,28.493000030517578,28.579999923706055,28.459999084472656,28.5,14900.0
2021-02-03,28.5310001373291,28.5310001373291,28.6200008392334,28.5310001373291,28.540000915527344,13300.0
2021-02-04,28.60300064086914,28.60300064086914,28.670000076293945,28.530000686645508,28.530000686645508,6100.0
2021-02-05,28.614999771118164,28.614999771118164,28.659000396728516,28.540000915527344,28.586999893188477,11700.0
2021-02-08,28.663999557495117,28.663999557495117,28.729999542236328,28.575000762939453,28.579999923706055,13800.0
2021-02-09,28.65999984741211,28.65999984741211,28.667999267578125,28.604999542236328,28.667999267578125,1200.0
2021-02-10,28.6299991607666,28.6299991607666,28.68199920654297,28.579999923706055,28.68199920654297,1500.0
2021-02-11,28.645000457763672,28.645000457763672,28.716999053955078,28.615999221801758,28.68899917602539,5500.0
2021-02-12,28.660999298095703,28.660999298095703,28.709999084472656,28.604999542236328,28.645000457763672,34000.0
2021-02-16,28.670000076293945,28.670000076293945,28.690000534057617,28.670000076293945,28.68000030517578,7100.0
2021-02-17,28.641000747680664,28.641000747680664,28.690000534057617,28.6200008392334,28.674999237060547,3200.0
2021-02-18,28.625,28.625,28.634000778198242,28.440000534057617,28.440000534057617,38100.0
2021-02-19,28.639999389648438,28.639999389648438,28.729999542236328,28.549999237060547,28.577999114990234,24000.0
2021-02-22,28.597999572753906,28.597999572753906,28.631999969482422,28.209999084472656,28.209999084472656,13300.0
2021-02-23,28.6200008392334,28.6200008392334,28.639999389648438,28.459999084472656,28.549999237060547,16000.0
2021-02-24,28.709999084472656,28.709999084472656,28.760000228881836,28.6299991607666,28.68000030517578,19800.0
2021-02-25,28.50200080871582,28.50200080871582,28.6200008392334,28.489999771118164,28.6200008392334,8300.0
2021-02-26,28.527999877929688,28.527999877929688,28.594999313354492,28.329999923706055,28.329999923706055,24600.0
2021-03-01,28.68000030517578,28.68000030517578,28.770000457763672,28.63599967956543,28.760000228881836,31600.0
2021-03-02,28.639999389648438,28.639999389648438,28.673999786376953,28.56999969482422,28.650999069213867,3300.0
2021-03-03,28.542999267578125,28.542999267578125,28.64900016784668,28.5,28.530000686645508,20000.0
2021-03-04,28.35099983215332,28.35099983215332,28.56100082397461,28.149999618530273,28.149999618530273,11000.0
2021-03-05,28.586999893188477,28.586999893188477,28.586999893188477,28.350000381469727,28.350000381469727,10600.0
2021-03-08,28.56999969482422,28.56999969482422,28.709999084472656,28.549999237060547,28.645000457763672,11400.0
2021-03-09,28.643999099731445,28.643999099731445,28.729999542236328,28.600000381469727,28.719999313354492,47000.0
2021-03-10,28.6299991607666,28.6299991607666,28.780000686645508,28.6299991607666,28.780000686645508,4400.0
2021-03-11,28.690000534057617,28.690000534057617,28.84000015258789,28.690000534057617,28.84000015258789,13100.0
2021-03-12,28.777999877929688,28.777999877929688,28.825000762939453,28.670000076293945,28.68000030517578,9600.0
2021-03-15,28.833999633789062,28.833999633789062,28.833999633789062,28.833999633789062,28.833999633789062,100.0
2021-03-16,28.829999923706055,28.829999923706055,28.84000015258789,28.76799964904785,28.81999969482422,3900.0
2021-03-17,28.861000061035156,28.861000061035156,28.861000061035156,28.729999542236328,28.809999465942383,6800.0
2021-03-18,28.690000534057617,28.690000534057617,28.825000762939453,28.68000030517578,28.770000457763672,3000.0
2021-03-19,28.719999313354492,28.719999313354492,28.834999084472656,28.6299991607666,28.6299991607666,4800.0
2021-03-22,28.840999603271484,28.840999603271484,28.844999313354492,28.756000518798828,28.756000518798828,13900.0
2021-03-23,28.739999771118164,28.739999771118164,29.209999084472656,28.729999542236328,29.209999084472656,6200.0
2021-03-24,28.7810001373291,28.7810001373291,28.7810001373291,28.7810001373291,28.7810001373291,100.0
2021-03-25,28.7810001373291,28.7810001373291,28.799999237060547,28.700000762939453,28.7450008392334,6400.0
2021-03-26,28.91900062561035,28.91900062561035,28.91900062561035,28.809999465942383,28.875,1700.0
2021-03-29,28.87700080871582,28.87700080871582,28.8799991607666,28.81999969482422,28.850000381469727,560800.0
2021-03-30,28.924999237060547,28.924999237060547,28.94499969482422,28.850000381469727,28.850000381469727,23200.0
2021-03-31,28.982999801635742,28.982999801635742,28.982999801635742,28.920000076293945,28.920000076293945,4700.0
2021-04-01,29.0049991607666,29.0049991607666,29.0049991607666,28.961000442504883,29.0049991607666,10300.0
2021-04-05,29.1200008392334,29.1200008392334,29.239999771118164,29.110000610351562,29.239999771118164,2000.0
2021-04-06,29.110000610351562,29.110000610351562,29.125,29.06999969482422,29.111000061035156,3600.0
2021-04-07,29.125,29.125,29.128000259399414,29.1200008392334,29.128000259399414,2000.0
2021-04-08,29.145000457763672,29.145000457763672,29.145000457763672,29.145000457763672,29.145000457763672,1900.0
2021-04-09,29.176000595092773,29.176000595092773,29.209999084472656,29.09000015258789,29.190000534057617,6000.0
2021-04-12,29.170000076293945,29.170000076293945,29.489999771118164,29.09000015258789,29.489999771118164,2700.0
2021-04-13,29.190000534057617,29.190000534057617,29.190000534057617,29.110000610351562,29.1299991607666,16500.0
2021-04-14,29.15999984741211,29.15999984741211,29.15999984741211,29.110000610351562,29.110000610351562,6800.0
2021-04-15,29.219999313354492,29.219999313354492,29.25,29.149999618530273,29.149999618530273,4900.0
2021-04-16,29.235000610351562,29.235000610351562,29.235000610351562,29.170000076293945,29.18000030517578,8500.0
2021-04-19,29.197999954223633,29.197999954223633,29.204999923706055,29.139999389648438,29.200000762939453,3500.0
2021-04-20,29.110000610351562,29.110000610351562,29.187999725341797,29.100000381469727,29.187999725341797,4600.0
2021-04-21,29.229000091552734,29.229000091552734,29.229000091552734,29.229000091552734,29.229000091552734,0.0
2021-04-22,29.163999557495117,29.163999557495117,29.24799919128418,29.15999984741211,29.15999984741211,6300.0
2021-04-23,29.235000610351562,29.235000610351562,29.235000610351562,29.200000762939453,29.200000762939453,112600.0
2021-04-26,29.235000610351562,29.235000610351562,29.235000610351562,29.18000030517578,29.190000534057617,600.0
2021-04-27,29.2450008392334,29.2450008392334,29.2450008392334,29.18000030517578,29.18000030517578,2600.0
2021-04-28,29.2450008392334,29.2450008392334,29.25,29.170000076293945,29.21500015258789,124400.0
2021-04-29,29.260000228881836,29.260000228881836,29.260000228881836,29.170000076293945,29.229999542236328,157700.0
2021-04-30,29.219999313354492,29.219999313354492,29.219999313354492,29.219999313354492,29.219999313354492,0.0
2021-05-03,29.25,29.25,29.25,29.18000030517578,29.18000030517578,9700.0
2021-05-04,29.19499969482422,29.19499969482422,29.19499969482422,29.1200008392334,29.139999389648438,6800.0
2021-05-05,29.222000122070312,29.222000122070312,29.222000122070312,29.222000122070312,29.222000122070312,0.0
2021-05-06,29.209999084472656,29.209999084472656,29.209999084472656,29.149999618530273,29.149999618530273,1500.0
2021-05-07,29.309999465942383,29.309999465942383,29.309999465942383,29.139999389648438,29.139999389648438,6700.0
2021-05-10,29.26099967956543,29.26099967956543,29.33799934387207,29.229999542236328,29.260000228881836,2600.0
2021-05-11,29.18400001525879,29.18400001525879,29.18400001525879,29.110000610351562,29.110000610351562,700.0
2021-05-12,29.003000259399414,29.003000259399414,29.149999618530273,29.003000259399414,29.149999618530273,1000.0
2021-05-13,29.142000198364258,29.142000198364258,29.142000198364258,28.700000762939453,28.700000762939453,6600.0
2021-05-14,29.200000762939453,29.200000762939453,29.290000915527344,29.18000030517578,29.290000915527344,1000.0
2021-05-17,29.2189998626709,29.2189998626709,29.2189998626709,29.2189998626709,29.2189998626709,100.0
2021-05-18,29.18199920654297,29.18199920654297,29.18199920654297,29.18199920654297,29.18199920654297,100.0
2021-05-19,29.128999710083008,29.128999710083008,29.128999710083008,29.128999710083008,29.128999710083008,0.0
2021-05-20,29.21299934387207,29.21299934387207,29.21299934387207,29.21299934387207,29.21299934387207,0.0
2021-05-21,29.222999572753906,29.222999572753906,29.280000686645508,29.160999298095703,29.160999298095703,900.0
2021-05-24,29.298999786376953,29.298999786376953,29.30500030517578,29.229999542236328,29.229999542236328,5200.0
2021-05-25,29.27199935913086,29.27199935913086,29.290000915527344,29.229999542236328,29.229999542236328,2600.0
2021-05-26,29.299999237060547,29.299999237060547,29.34000015258789,29.231000900268555,29.239999771118164,5000.0
2021-05-27,29.340999603271484,29.340999603271484,29.340999603271484,29.340999603271484,29.340999603271484,100.0
2021-05-28,29.299999237060547,29.299999237060547,29.299999237060547,29.290000915527344,29.290000915527344,2900.0
2021-06-01,29.301000595092773,29.301000595092773,29.325000762939453,29.274999618530273,29.325000762939453,1100.0
2021-06-02,29.280000686645508,29.280000686645508,29.33099937438965,29.280000686645508,29.280000686645508,1900.0
2021-06-03,29.325000762939453,29.325000762939453,29.325000762939453,29.30699920654297,29.30699920654297,1400.0
2021-06-04,29.361000061035156,29.361000061035156,29.384000778198242,29.299999237060547,29.299999237060547,2100.0
2021-06-07,29.3700008392334,29.3700008392334,29.41900062561035,29.344999313354492,29.344999313354492,2100.0
2021-06-08,29.364999771118164,29.364999771118164,29.364999771118164,29.364999771118164,29.364999771118164,0.0
2021-06-09,29.354999542236328,29.354999542236328,29.354999542236328,29.354999542236328,29.354999542236328,2000.0
2021-06-10,29.361000061035156,29.361000061035156,29.361000061035156,29.34000015258789,29.34000015258789,1000.0
2021-06-11,29.420000076293945,29.420000076293945,29.420000076293945,29.420000076293945,29.420000076293945,0.0
2021-06-14,29.416000366210938,29.416000366210938,29.416000366210938,29.40999984741211,29.40999984741211,200.0
2021-06-15,29.389999389648438,29.389999389648438,29.389999389648438,29.389999389648438,29.389999389648438,0.0
2021-06-16,29.36199951171875,29.36199951171875,29.36199951171875,29.34000015258789,29.34000015258789,17900.0
2021-06-17,29.3700008392334,29.3700008392334,29.3700008392334,29.31999969482422,29.31999969482422,1000.0
2021-06-18,29.30699920654297,29.30699920654297,29.31999969482422,29.270000457763672,29.270000457763672,300.0
2021-06-21,29.354999542236328,29.354999542236328,29.389999389648438,29.329999923706055,29.3700008392334,1900.0
2021-06-22,29.440000534057617,29.440000534057617,29.440000534057617,29.360000610351562,29.360000610351562,1300.0
2021-06-23,29.405000686645508,29.405000686645508,29.489999771118164,29.3799991607666,29.489999771118164,1000.0
2021-06-24,29.469999313354492,29.469999313354492,29.469999313354492,29.469999313354492,29.469999313354492,0.0
2021-06-25,29.44099998474121,29.44099998474121,29.44099998474121,29.420000076293945,29.420000076293945,200.0
2021-06-28,29.48699951171875,29.48699951171875,29.48699951171875,29.48699951171875,29.48699951171875,0.0
2021-06-29,29.440000534057617,29.440000534057617,29.440000534057617,29.440000534057617,29.440000534057617,100.0
2021-06-30,29.489999771118164,29.489999771118164,29.489999771118164,29.43000030517578,29.451000213623047,7500.0
2021-07-01,29.5049991607666,29.5049991607666,29.639999389648438,29.440000534057617,29.639999389648438,2500.0
2021-07-02,29.53499984741211,29.53499984741211,29.599000930786133,29.479999542236328,29.489999771118164,7000.0
2021-07-06,29.5049991607666,29.5049991607666,29.5049991607666,29.5049991607666,29.5049991607666,1800.0
2021-07-07,29.47100067138672,29.47100067138672,29.47100067138672,29.469999313354492,29.469999313354492,400.0
2021-07-08,29.44499969482422,29.44499969482422,29.44499969482422,29.40999984741211,29.40999984741211,13200.0
2021-07-09,29.540000915527344,29.540000915527344,29.540000915527344,29.43000030517578,29.43000030517578,500.0
2021-07-12,29.540000915527344,29.540000915527344,29.540000915527344,29.540000915527344,29.540000915527344,0.0
2021-07-13,29.520000457763672,29.520000457763672,29.520000457763672,29.459999084472656,29.479999542236328,700.0
2021-07-14,29.530000686645508,29.530000686645508,29.530000686645508,29.530000686645508,29.530000686645508,100.0
2021-07-15,29.514999389648438,29.514999389648438,29.514999389648438,29.450000762939453,29.450000762939453,100.0
2021-07-16,29.481000900268555,29.481000900268555,29.481000900268555,29.481000900268555,29.481000900268555,100.0
2021-07-19,29.368999481201172,29.368999481201172,29.368999481201172,29.368999481201172,29.368999481201172,0.0
2021-07-20,29.474000930786133,29.474000930786133,29.474000930786133,29.399999618530273,29.40999984741211,3400.0
2021-07-21,29.51799964904785,29.51799964904785,29.51799964904785,29.440000534057617,29.440000534057617,6500.0
2021-07-22,29.520999908447266,29.520999908447266,29.520999908447266,29.469999313354492,29.469999313354492,1800.0
2021-07-23,29.55500030517578,29.55500030517578,29.55500030517578,29.489999771118164,29.489999771118164,300.0
2021-07-26,29.559999465942383,29.559999465942383,29.559999465942383,29.559999465942383,29.559999465942383,0.0
2021-07-27,29.53499984741211,29.53499984741211,29.53499984741211,29.53499984741211,29.53499984741211,0.0
2021-07-28,29.541000366210938,29.541000366210938,29.739999771118164,29.5,29.739999771118164,131400.0
2021-07-29,29.55500030517578,29.55500030517578,29.690000534057617,29.500999450683594,29.690000534057617,8600.0
2021-07-30,29.514999389648438,29.514999389648438,29.514999389648438,29.490999221801758,29.514999389648438,4500.0
2021-08-02,29.540000915527344,29.540000915527344,29.56999969482422,29.489999771118164,29.56399917602539,4200.0
2021-08-03,29.579999923706055,29.579999923706055,29.579999923706055,29.579999923706055,29.579999923706055,400.0
2021-08-04,29.56999969482422,29.56999969482422,29.56999969482422,29.510000228881836,29.56399917602539,1500.0
2021-08-05,29.582000732421875,29.582000732421875,29.649999618530273,29.450000762939453,29.450000762939453,3400.0
2021-08-06,29.604000091552734,29.604000091552734,29.604000091552734,29.600000381469727,29.600000381469727,700.0
2021-08-09,29.600000381469727,29.600000381469727,29.670000076293945,29.600000381469727,29.610000610351562,14800.0
2021-08-10,29.60700035095215,29.60700035095215,29.60700035095215,29.540000915527344,29.540000915527344,800.0
2021-08-11,29.579999923706055,29.579999923706055,29.6200008392334,29.579999923706055,29.610000610351562,1300.0
2021-08-12,29.639999389648438,29.639999389648438,29.639999389648438,29.579999923706055,29.579999923706055,6200.0
2021-08-13,29.625999450683594,29.625999450683594,29.670000076293945,29.625999450683594,29.65999984741211,600.0
2021-08-16,29.649999618530273,29.649999618530273,29.649999618530273,29.610000610351562,29.649999618530273,400.0
2021-08-17,29.68000030517578,29.68000030517578,29.690000534057617,29.56999969482422,29.625,102600.0
2021-08-18,29.573999404907227,29.573999404907227,29.6299991607666,29.573999404907227,29.6299991607666,300.0
2021-08-19,29.559999465942383,29.559999465942383,29.559999465942383,29.559999465942383,29.559999465942383,100.0
2021-08-20,29.6200008392334,29.6200008392334,29.68000030517578,29.540000915527344,29.600000381469727,3700.0
2021-08-23,29.649999618530273,29.649999618530273,29.649999618530273,29.649999618530273,29.649999618530273,100.0
2021-08-24,29.649999618530273,29.649999618530273,29.719999313354492,29.59000015258789,29.719999313354492,7700.0
2021-08-25,29.649999618530273,29.649999618530273,29.65999984741211,29.600000381469727,29.600000381469727,700.0
2021-08-26,29.635000228881836,29.635000228881836,29.645000457763672,29.635000228881836,29.645000457763672,1000.0
2021-08-27,29.655000686645508,29.655000686645508,29.691999435424805,29.655000686645508,29.691999435424805,200.0
2021-08-30,29.65999984741211,29.65999984741211,29.670000076293945,29.6200008392334,29.670000076293945,2000.0
2021-08-31,29.65999984741211,29.65999984741211,29.700000762939453,29.65999984741211,29.65999984741211,400.0
2021-09-01,29.700000762939453,29.700000762939453,29.760000228881836,29.6299991607666,29.670000076293945,113100.0
2021-09-02,29.742000579833984,29.742000579833984,29.742000579833984,29.649999618530273,29.709999084472656,1500.0
2021-09-03,29.709999084472656,29.709999084472656,29.735000610351562,29.639999389648438,29.709999084472656,2000.0
2021-09-07,29.69300079345703,29.69300079345703,29.69300079345703,29.631000518798828,29.639999389648438,5000.0
2021-09-08,29.690000534057617,29.690000534057617,29.760000228881836,29.6200008392334,29.709999084472656,149600.0
2021-09-09,29.68899917602539,29.68899917602539,29.68899917602539,29.639999389648438,29.639999389648438,800.0
2021-09-10,29.65999984741211,29.65999984741211,29.68000030517578,29.65999984741211,29.68000030517578,200.0
2021-09-13,29.666000366210938,29.666000366210938,29.68000030517578,29.65999984741211,29.68000030517578,1700.0
2021-09-14,29.665000915527344,29.665000915527344,29.665000915527344,29.579999923706055,29.579999923706055,300.0
2021-09-15,29.725000381469727,29.725000381469727,29.725000381469727,29.725000381469727,29.725000381469727,1200.0
2021-09-16,29.700000762939453,29.700000762939453,29.700000762939453,29.6299991607666,29.6299991607666,1400.0
2021-09-17,29.670000076293945,29.670000076293945,29.670000076293945,29.639999389648438,29.639999389648438,200.0
2021-09-20,29.562000274658203,29.562000274658203,29.600000381469727,29.562000274658203,29.600000381469727,500.0
2021-09-21,29.608999252319336,29.608999252319336,29.719999313354492,29.530000686645508,29.719999313354492,6700.0
2021-09-22,29.69499969482422,29.69499969482422,29.69499969482422,29.59000015258789,29.59000015258789,3100.0
2021-09-23,29.709999084472656,29.709999084472656,29.77899932861328,29.649999618530273,29.760000228881836,4000.0
2021-09-24,29.719999313354492,29.719999313354492,29.719999313354492,29.719999313354492,29.719999313354492,100.0
2021-09-27,29.71299934387207,29.71299934387207,29.719999313354492,29.65999984741211,29.65999984741211,1500.0
2021-09-28,29.650999069213867,29.650999069213867,29.650999069213867,29.650999069213867,29.650999069213867,500.0
2021-09-29,29.68000030517578,29.68000030517578,29.68000030517578,29.68000030517578,29.68000030517578,800.0
2021-09-30,29.610000610351562,29.610000610351562,29.649999618530273,29.56999969482422,29.649999618530273,4800.0
2021-10-01,29.65999984741211,29.65999984741211,29.65999984741211,29.610000610351562,29.65999984741211,600.0
2021-10-04,29.610000610351562,29.610000610351562,29.610000610351562,29.549999237060547,29.549999237060547,500.0
2021-10-05,29.670000076293945,29.670000076293945,29.670000076293945,29.670000076293945,29.670000076293945,100.0
2021-10-06,29.670000076293945,29.670000076293945,29.670000076293945,29.670000076293945,29.670000076293945,200.0
2021-10-07,29.71299934387207,29.71299934387207,29.731000900268555,29.65999984741211,29.719999313354492,1000.0
2021-10-08,29.719999313354492,29.719999313354492,29.73900032043457,29.719999313354492,29.73900032043457,200.0
2021-10-11,29.709999084472656,29.709999084472656,29.709999084472656,29.68000030517578,29.68000030517578,400.0
2021-10-12,29.753999710083008,29.753999710083008,29.770999908447266,29.753999710083008,29.770999908447266,5000.0
2021-10-13,29.774999618530273,29.774999618530273,29.790000915527344,29.65999984741211,29.65999984741211,12200.0
2021-10-14,29.770000457763672,29.770000457763672,29.829999923706055,29.700000762939453,29.829999923706055,12200.0
2021-10-15,29.780000686645508,29.780000686645508,29.780000686645508,29.780000686645508,29.780000686645508,100.0
2021-10-18,29.790000915527344,29.790000915527344,29.790000915527344,29.719999313354492,29.790000915527344,900.0
2021-10-19,29.790000915527344,29.790000915527344,29.790000915527344,29.729999542236328,29.790000915527344,5800.0
2021-10-20,29.799999237060547,29.799999237060547,29.799999237060547,29.739999771118164,29.760000228881836,600.0
2021-10-21,29.799999237060547,29.799999237060547,29.799999237060547,29.792999267578125,29.799999237060547,1900.0
2021-10-22,29.799999237060547,29.799999237060547,29.799999237060547,29.739999771118164,29.760000228881836,2000.0
2021-10-25,29.774999618530273,29.774999618530273,29.860000610351562,29.774999618530273,29.81100082397461,1700.0
2021-10-26,29.774999618530273,29.774999618530273,29.774999618530273,29.774999618530273,29.774999618530273,500.0
2021-10-27,29.770000457763672,29.770000457763672,29.80900001525879,29.729999542236328,29.80900001525879,1800.0
2021-10-28,29.76099967956543,29.76099967956543,29.81999969482422,29.735000610351562,29.809999465942383,3500.0
2021-10-29,29.790000915527344,29.790000915527344,29.790000915527344,29.75,29.78499984741211,2700.0
2021-11-01,29.774999618530273,29.774999618530273,29.774999618530273,29.719999313354492,29.770000457763672,2700.0
2021-11-02,29.774999618530273,29.774999618530273,29.809999465942383,29.774999618530273,29.809999465942383,200.0
2021-11-03,29.799999237060547,29.799999237060547,29.815000534057617,29.77400016784668,29.77400016784668,1900.0
2021-11-04,29.774999618530273,29.774999618530273,29.809999465942383,29.774999618530273,29.809999465942383,300.0
2021-11-05,29.774999618530273,29.774999618530273,29.780000686645508,29.774999618530273,29.780000686645508,700.0
2021-11-08,29.790000915527344,29.790000915527344,29.790000915527344,29.780000686645508,29.780000686645508,28400.0
2021-11-09,29.790000915527344,29.790000915527344,29.790000915527344,29.770000457763672,29.770000457763672,900.0
2021-11-10,29.809999465942383,29.809999465942383,29.81999969482422,29.799999237060547,29.799999237060547,4600.0
2021-11-11,29.799999237060547,29.799999237060547,29.799999237060547,29.770000457763672,29.770000457763672,800.0
2021-11-12,29.799999237060547,29.799999237060547,29.799999237060547,29.799999237060547,29.799999237060547,100.0
2021-11-15,29.795000076293945,29.795000076293945,29.829999923706055,29.760000228881836,29.829999923706055,1700.0
2021-11-16,29.799999237060547,29.799999237060547,29.799999237060547,29.75,29.75,1200.0
2021-11-17,29.799999237060547,29.799999237060547,29.829999923706055,29.770999908447266,29.780000686645508,6800.0
2021-11-18,29.809999465942383,29.809999465942383,29.8799991607666,29.770999908447266,29.8799991607666,3200.0
2021-11-19,29.80500030517578,29.80500030517578,29.829999923706055,29.80500030517578,29.829999923706055,1600.0
2021-11-22,29.80500030517578,29.80500030517578,29.84000015258789,29.80500030517578,29.83099937438965,1900.0
2021-11-23,29.81999969482422,29.81999969482422,29.81999969482422,29.81999969482422,29.81999969482422,100.0
2021-11-24,29.81999969482422,29.81999969482422,29.829999923706055,29.81999969482422,29.829999923706055,500.0
2021-11-26,29.825000762939453,29.825000762939453,29.825000762939453,29.825000762939453,29.825000762939453,0.0
2021-11-29,29.80500030517578,29.80500030517578,29.84000015258789,29.780000686645508,29.81999969482422,2200.0
2021-11-30,29.860000610351562,29.860000610351562,29.8700008392334,29.780000686645508,29.834999084472656,108200.0
2021-12-01,29.719999313354492,29.719999313354492,30.049999237060547,29.719999313354492,30.040000915527344,197100.0
2021-12-02,29.8700008392334,29.8700008392334,29.90999984741211,29.739999771118164,29.739999771118164,113400.0
2021-12-03,29.719999313354492,29.719999313354492,29.790000915527344,29.61199951171875,29.788000106811523,11200.0
2021-12-06,29.8700008392334,29.8700008392334,29.920000076293945,29.760000228881836,29.84000015258789,28100.0
2021-12-07,30.030000686645508,30.030000686645508,30.1299991607666,29.90999984741211,30.030000686645508,15100.0
2021-12-08,30.18000030517578,30.18000030517578,30.18000030517578,30.079999923706055,30.139999389648438,121000.0
2021-12-09,30.09000015258789,30.09000015258789,30.15999984741211,30.049999237060547,30.15999984741211,12000.0
2021-12-10,30.200000762939453,30.200000762939453,30.200000762939453,30.118000030517578,30.139999389648438,18200.0
2021-12-13,30.114999771118164,30.114999771118164,30.170000076293945,30.040000915527344,30.15999984741211,37600.0
2021-12-14,30.01799964904785,30.01799964904785,30.040000915527344,29.979999542236328,29.979999542236328,2500.0
2021-12-15,30.139999389648438,30.139999389648438,30.170000076293945,29.950000762939453,30.049999237060547,19500.0
2021-12-16,30.086000442504883,30.086000442504883,30.229999542236328,30.079999923706055,30.229999542236328,18000.0
2021-12-17,29.982999801635742,29.982999801635742,30.054000854492188,29.950000762939453,30.020000457763672,11000.0
2021-12-20,29.860000610351562,29.860000610351562,29.90999984741211,29.780000686645508,29.844999313354492,26900.0
2021-12-21,30.06999969482422,30.06999969482422,31.219999313354492,29.884000778198242,31.219999313354492,32000.0
2021-12-22,30.1200008392334,30.1200008392334,30.149999618530273,30.020000457763672,30.06999969482422,17600.0
2021-12-23,30.229999542236328,30.229999542236328,30.229999542236328,29.68000030517578,29.68000030517578,5400.0
2021-12-27,30.298999786376953,30.298999786376953,30.298999786376953,30.239999771118164,30.25,22100.0
2021-12-28,30.290000915527344,30.290000915527344,30.34000015258789,30.260000228881836,30.329999923706055,3400.0
2021-12-29,30.26799964904785,30.26799964904785,30.299999237060547,30.219999313354492,30.219999313354492,11200.0
2021-12-30,30.299999237060547,30.299999237060547,30.3700008392334,30.270000457763672,30.3700008392334,15200.0
2021-12-31,30.288000106811523,30.288000106811523,30.288000106811523,30.273000717163086,30.273000717163086,2900.0
2022-01-03,30.33099937438965,30.33099937438965,30.350000381469727,30.25,30.350000381469727,6800.0
2022-01-04,30.354000091552734,30.354000091552734,30.360000610351562,30.354000091552734,30.360000610351562,800.0
2022-01-05,30.159000396728516,30.159000396728516,30.309999465942383,30.159000396728516,30.270000457763672,3400.0
2022-01-06,30.135000228881836,30.135000228881836,30.16699981689453,30.110000610351562,30.149999618530273,3200.0
2022-01-07,30.135000228881836,30.135000228881836,30.190000534057617,30.049999237060547,30.18000030517578,20600.0
2022-01-10,30.149999618530273,30.149999618530273,30.149999618530273,29.959999084472656,30.0,6500.0
2022-01-11,30.20199966430664,30.20199966430664,30.20199966430664,30.049999237060547,30.049999237060547,1100.0
2022-01-12,30.231000900268555,30.231000900268555,30.270000457763672,30.18000030517578,30.200000762939453,12400.0
2022-01-13,30.077999114990234,30.077999114990234,30.174999237060547,30.077999114990234,30.174999237060547,1200.0
2022-01-14,30.09000015258789,30.09000015258789,30.108999252319336,30.049999237060547,30.049999237060547,1800.0
2022-01-18,29.917999267578125,29.917999267578125,29.950000762939453,29.8700008392334,29.950000762939453,2100.0
2022-01-19,29.858999252319336,29.858999252319336,29.96500015258789,29.858999252319336,29.940000534057617,1500.0
2022-01-20,29.71299934387207,29.71299934387207,29.969999313354492,29.71299934387207,29.969999313354492,1400.0
2022-01-21,29.559999465942383,29.559999465942383,29.68000030517578,29.549999237060547,29.65999984741211,4600.0
2022-01-24,29.5310001373291,29.5310001373291,29.5310001373291,29.1200008392334,29.290000915527344,39600.0
2022-01-25,29.40399932861328,29.40399932861328,29.530000686645508,29.222000122070312,29.222000122070312,5800.0
2022-01-26,29.35300064086914,29.35300064086914,29.56999969482422,29.35300064086914,29.530000686645508,700.0
2022-01-27,29.320999145507812,29.320999145507812,29.540000915527344,29.320999145507812,29.540000915527344,2200.0
2022-01-28,29.548999786376953,29.548999786376953,29.548999786376953,29.475000381469727,29.475000381469727,300.0
2022-01-31,29.729999542236328,29.729999542236328,29.799999237060547,29.469999313354492,29.469999313354492,2900.0
2022-02-01,29.844999313354492,29.844999313354492,29.860000610351562,29.739999771118164,29.760000228881836,3900.0
2022-02-02,29.940000534057617,29.940000534057617,29.969999313354492,29.90999984741211,29.940000534057617,7700.0
2022-02-03,29.65999984741211,29.65999984741211,29.81999969482422,29.649999618530273,29.76799964904785,25900.0
2022-02-04,29.750999450683594,29.750999450683594,29.770000457763672,29.670000076293945,29.670000076293945,5700.0
2022-02-07,29.68899917602539,29.68899917602539,29.790000915527344,29.68899917602539,29.790000915527344,4100.0
2022-02-08,29.75,29.75,29.81999969482422,29.739999771118164,29.780000686645508,5300.0
2022-02-09,29.90999984741211,29.90999984741211,29.969999313354492,29.8799991607666,29.92799949645996,4300.0
2022-02-10,29.719999313354492,29.719999313354492,29.940000534057617,29.719999313354492,29.940000534057617,237500.0
2022-02-11,29.459999084472656,29.459999084472656,29.729999542236328,29.43000030517578,29.729999542236328,14100.0
2022-02-14,29.47100067138672,29.47100067138672,29.510000228881836,29.469999313354492,29.510000228881836,900.0
2022-02-15,29.650999069213867,29.650999069213867,29.68000030517578,29.572999954223633,29.572999954223633,3100.0
2022-02-16,29.639999389648438,29.639999389648438,29.690000534057617,29.540000915527344,29.559999465942383,1300.0
2022-02-17,29.45599937438965,29.45599937438965,29.56999969482422,29.420000076293945,29.56999969482422,1300.0
2022-02-18,29.378000259399414,29.378000259399414,29.440000534057617,29.31999969482422,29.40999984741211,4200.0
2022-02-22,29.242000579833984,29.242000579833984,29.360000610351562,29.149999618530273,29.270000457763672,15300.0
2022-02-23,29.0,29.0,29.420000076293945,28.979999542236328,29.420000076293945,2400.0
2022-02-24,29.156999588012695,29.156999588012695,29.156999588012695,28.770000457763672,28.770000457763672,4400.0
2022-02-25,29.445999145507812,29.445999145507812,29.5,29.280000686645508,29.280000686645508,4000.0
2022-02-28,29.43000030517578,29.43000030517578,29.43000030517578,29.329999923706055,29.329999923706055,2100.0
2022-03-01,29.250999450683594,29.250999450683594,29.399999618530273,28.200000762939453,28.200000762939453,3400.0
2022-03-02,29.475000381469727,29.475000381469727,29.530000686645508,29.280000686645508,29.280000686645508,10600.0
2022-03-03,29.39699935913086,29.39699935913086,29.4689998626709,29.39699935913086,29.4689998626709,800.0
2022-03-04,29.31999969482422,29.31999969482422,29.350000381469727,29.21500015258789,29.267000198364258,4000.0
2022-03-07,28.972999572753906,28.972999572753906,28.972999572753906,28.940000534057617,28.940000534057617,400.0
2022-03-08,28.89699935913086,28.89699935913086,29.100000381469727,28.829999923706055,28.959999084472656,49000.0
2022-03-09,29.149999618530273,29.149999618530273,29.200000762939453,29.114999771118164,29.15999984741211,4400.0
2022-03-10,29.107999801635742,29.107999801635742,29.107999801635742,29.020000457763672,29.020000457763672,1300.0
2022-03-11,28.964000701904297,28.964000701904297,29.1200008392334,28.964000701904297,29.1200008392334,900.0
2022-03-14,28.854999542236328,28.854999542236328,29.065000534057617,28.829999923706055,29.065000534057617,800.0
2022-03-15,29.117000579833984,29.117000579833984,29.117000579833984,28.8700008392334,28.8700008392334,900.0
2022-03-16,29.349000930786133,29.349000930786133,29.349000930786133,29.229999542236328,29.229999542236328,4000.0
2022-03-17,29.51099967956543,29.51099967956543,29.51099967956543,29.364999771118164,29.364999771118164,400.0
2022-03-18,29.66699981689453,29.66699981689453,29.709999084472656,29.469999313354492,29.540000915527344,9300.0
2022-03-21,29.621999740600586,29.621999740600586,29.649999618530273,29.610000610351562,29.649999618530273,600.0
2022-03-22,29.780000686645508,29.780000686645508,29.790000915527344,29.729999542236328,29.729999542236328,3300.0
2022-03-23,29.665000915527344,29.665000915527344,29.704999923706055,29.639999389648438,29.649999618530273,1000.0
2022-03-24,29.790000915527344,29.790000915527344,29.790000915527344,29.700000762939453,29.719999313354492,4100.0
2022-03-25,29.83099937438965,29.83099937438965,29.856000900268555,29.790000915527344,29.809999465942383,600.0
2022-03-28,29.89299964904785,29.89299964904785,29.89299964904785,29.739999771118164,29.834999084472656,1700.0
2022-03-29,30.035999298095703,30.035999298095703,30.035999298095703,29.993000030517578,29.993000030517578,1300.0
2022-03-30,29.968000411987305,29.968000411987305,29.985000610351562,29.93000030517578,29.985000610351562,800.0
2022-03-31,29.854000091552734,29.854000091552734,30.030000686645508,29.854000091552734,30.020000457763672,3800.0
2022-04-01,29.844999313354492,29.844999313354492,29.844999313354492,29.753999710083008,29.790000915527344,2500.0
2022-04-04,29.94499969482422,29.94499969482422,29.94499969482422,29.8799991607666,29.920000076293945,1800.0
2022-04-05,29.815000534057617,29.815000534057617,29.989999771118164,29.815000534057617,29.989999771118164,3900.0
2022-04-06,29.719999313354492,29.719999313354492,29.760000228881836,29.610000610351562,29.649999618530273,5400.0
2022-04-07,29.7810001373291,29.7810001373291,29.829999923706055,29.6200008392334,29.739999771118164,3400.0
2022-04-08,29.739999771118164,29.739999771118164,29.764999389648438,29.700000762939453,29.729999542236328,1500.0
2022-04-11,29.520000457763672,29.520000457763672,29.690000534057617,29.520000457763672,29.690000534057617,10500.0
2022-04-12,29.46500015258789,29.46500015258789,29.649999618530273,29.40999984741211,29.649999618530273,5700.0
2022-04-13,29.615999221801758,29.615999221801758,29.615999221801758,29.56999969482422,29.56999969482422,3800.0
2022-04-14,29.482999801635742,29.482999801635742,29.579999923706055,29.469999313354492,29.489999771118164,700.0
2022-04-18,29.489999771118164,29.489999771118164,29.549999237060547,29.329999923706055,29.329999923706055,5300.0
2022-04-19,29.652000427246094,29.652000427246094,29.700000762939453,29.56999969482422,29.56999969482422,15200.0
2022-04-20,29.625,29.625,29.770000457763672,29.625,29.770000457763672,2900.0
2022-04-21,29.451000213623047,29.451000213623047,29.709999084472656,29.440000534057617,29.709999084472656,1800.0
2022-04-22,29.125,29.125,29.489999771118164,29.125,29.489999771118164,2600.0
2022-04-25,29.16699981689453,29.16699981689453,29.16699981689453,28.940000534057617,28.969999313354492,7600.0
2022-04-26,28.847999572753906,28.847999572753906,29.0,28.847999572753906,29.0,1000.0
2022-04-27,28.836000442504883,28.836000442504883,28.959999084472656,28.809999465942383,28.93000030517578,3400.0
2022-04-28,29.121999740600586,29.121999740600586,29.170000076293945,28.940000534057617,28.940000534057617,5400.0
2022-04-29,28.666000366210938,28.666000366210938,28.799999237060547,28.666000366210938,28.799999237060547,900.0
2022-05-02,28.72599983215332,28.72599983215332,28.770000457763672,28.510000228881836,28.6299991607666,12200.0
2022-05-03,28.75,28.75,28.815000534057617,28.68000030517578,28.68000030517578,8800.0
2022-05-04,29.149999618530273,29.149999618530273,29.149999618530273,28.770000457763672,28.780000686645508,7100.0
2022-05-05,28.700000762939453,28.700000762939453,28.700000762939453,28.600000381469727,28.600000381469727,3300.0
2022-05-06,28.648000717163086,28.648000717163086,28.670000076293945,28.510000228881836,28.606000900268555,16600.0
2022-05-09,28.305999755859375,28.305999755859375,28.450000762939453,28.229999542236328,28.450000762939453,6200.0
2022-05-10,28.32699966430664,28.32699966430664,28.32699966430664,28.280000686645508,28.280000686645508,2100.0
2022-05-11,28.156999588012695,28.156999588012695,28.4689998626709,28.156999588012695,28.299999237060547,8000.0
2022-05-12,28.1299991607666,28.1299991607666,28.18000030517578,27.985000610351562,28.149999618530273,6500.0
2022-05-13,28.371000289916992,28.371000289916992,28.43000030517578,28.239999771118164,28.239999771118164,40800.0
2022-05-16,28.34600067138672,28.34600067138672,28.420000076293945,28.260000228881836,28.30500030517578,28500.0
2022-05-17,28.514999389648438,28.514999389648438,28.517000198364258,28.44300079345703,28.46299934387207,4200.0
2022-05-18,28.114999771118164,28.114999771118164,28.326000213623047,28.100000381469727,28.326000213623047,7200.0
2022-05-19,28.06999969482422,28.06999969482422,28.15999984741211,28.040000915527344,28.059999465942383,8300.0
2022-05-20,28.052000045776367,28.052000045776367,28.100000381469727,27.850000381469727,28.0,5500.0
2022-05-23,28.290000915527344,28.290000915527344,28.290000915527344,28.1299991607666,28.200000762939453,17700.0
2022-05-24,28.229999542236328,28.229999542236328,28.260000228881836,28.003000259399414,28.209999084472656,9500.0
2022-05-25,28.284000396728516,28.284000396728516,28.360000610351562,28.170000076293945,28.170000076293945,35600.0
2022-05-26,28.48699951171875,28.48699951171875,28.559999465942383,28.3799991607666,28.3799991607666,3300.0
2022-05-27,28.709999084472656,28.709999084472656,28.709999084472656,28.594999313354492,28.594999313354492,4100.0
2022-05-31,28.67099952697754,28.67099952697754,28.698999404907227,28.649999618530273,28.670000076293945,5800.0
2022-06-01,28.590999603271484,28.590999603271484,28.799999237060547,28.56999969482422,28.799999237060547,10400.0
2022-06-02,28.773000717163086,28.773000717163086,28.773000717163086,28.5,28.5,4400.0
2022-06-03,28.597999572753906,28.597999572753906,28.709999084472656,28.549999237060547,28.628999710083008,1800.0
2022-06-06,28.62299919128418,28.62299919128418,28.770000457763672,28.62299919128418,28.770000457763672,2000.0
2022-06-07,28.761999130249023,28.761999130249023,28.761999130249023,28.610000610351562,28.610000610351562,3000.0
2022-06-08,28.618999481201172,28.618999481201172,28.739999771118164,28.60700035095215,28.719999313354492,5400.0
2022-06-09,28.381999969482422,28.381999969482422,28.559999465942383,28.381999969482422,28.559999465942383,1600.0
2022-06-10,28.1200008392334,28.1200008392334,28.170000076293945,28.06999969482422,28.100000381469727,9700.0
2022-06-13,27.760000228881836,27.760000228881836,27.81999969482422,27.700000762939453,27.770000457763672,4100.0
2022-06-14,27.760000228881836,27.760000228881836,27.760000228881836,27.658000946044922,27.704999923706055,23800.0
2022-06-15,27.812999725341797,27.812999725341797,27.8700008392334,27.697999954223633,27.82900047302246,7600.0
2022-06-16,27.6299991607666,27.6299991607666,27.670000076293945,27.540000915527344,27.65999984741211,4400.0
2022-06-17,27.62299919128418,27.62299919128418,27.62299919128418,27.579999923706055,27.610000610351562,2300.0
2022-06-21,27.777000427246094,27.777000427246094,27.799999237060547,27.729999542236328,27.746999740600586,2200.0
2022-06-22,27.79599952697754,27.79599952697754,27.84000015258789,27.760000228881836,27.790000915527344,12200.0
2022-06-23,27.836000442504883,27.836000442504883,27.868999481201172,27.739999771118164,27.826000213623047,3300.0
2022-06-24,28.047000885009766,28.047000885009766,28.047000885009766,27.989999771118164,28.0,1600.0
2022-06-27,27.999000549316406,27.999000549316406,28.049999237060547,27.989999771118164,27.989999771118164,1200.0
2022-06-28,27.881999969482422,27.881999969482422,28.079999923706055,27.860000610351562,28.079999923706055,2000.0
2022-06-29,27.886999130249023,27.886999130249023,27.886999130249023,27.840999603271484,27.840999603271484,2500.0
2022-06-30,27.80900001525879,27.80900001525879,27.8700008392334,27.780000686645508,27.790000915527344,4100.0
2022-07-01,27.881999969482422,27.881999969482422,27.881999969482422,27.78700065612793,27.809999465942383,1600.0
2022-07-05,27.856000900268555,27.856000900268555,27.920000076293945,27.78499984741211,27.860000610351562,1200.0
2022-07-06,27.913999557495117,27.913999557495117,27.979999542236328,27.913999557495117,27.979999542236328,900.0
2022-07-07,28.016000747680664,28.016000747680664,28.059999465942383,27.9950008392334,27.9950008392334,2600.0
2022-07-08,28.009000778198242,28.009000778198242,28.009000778198242,27.958999633789062,27.958999633789062,1000.0
2022-07-11,27.916000366210938,27.916000366210938,27.940000534057617,27.909000396728516,27.909000396728516,165000.0
2022-07-12,27.850000381469727,27.850000381469727,27.959999084472656,27.809999465942383,27.950000762939453,1600.0
2022-07-13,27.83099937438965,27.83099937438965,27.84000015258789,27.770000457763672,27.809999465942383,1700.0
2022-07-14,27.819000244140625,27.819000244140625,27.850000381469727,27.815000534057617,27.815000534057617,1000.0
2022-07-15,27.930999755859375,27.930999755859375,27.930999755859375,27.90999984741211,27.90999984741211,800.0
2022-07-18,27.8799991607666,27.8799991607666,27.979999542236328,27.8799991607666,27.950000762939453,38000.0
2022-07-19,28.045000076293945,28.045000076293945,28.079999923706055,28.010000228881836,28.020000457763672,6800.0
2022-07-20,28.10300064086914,28.10300064086914,28.139999389648438,28.06999969482422,28.10099983215332,5400.0
2022-07-21,28.16900062561035,28.16900062561035,28.200000762939453,28.030000686645508,28.049999237060547,6800.0
2022-07-22,28.15999984741211,28.15999984741211,28.15999984741211,28.030000686645508,28.121000289916992,48600.0
2022-07-25,28.118000030517578,28.118000030517578,28.159000396728516,28.118000030517578,28.159000396728516,1700.0
2022-07-26,28.027999877929688,28.027999877929688,28.15999984741211,28.027999877929688,28.15999984741211,5000.0
2022-07-27,28.240999221801758,28.240999221801758,28.240999221801758,28.1200008392334,28.190000534057617,6200.0
2022-07-28,28.336999893188477,28.336999893188477,28.3799991607666,28.209999084472656,28.209999084472656,18100.0
2022-07-29,28.465999603271484,28.465999603271484,28.465999603271484,28.3799991607666,28.43000030517578,5500.0
2022-08-01,28.451000213623047,28.451000213623047,28.5049991607666,28.451000213623047,28.5049991607666,700.0
2022-08-02,28.395000457763672,28.395000457763672,28.489999771118164,28.360000610351562,28.479999542236328,3900.0
2022-08-03,28.538999557495117,28.538999557495117,28.538999557495117,28.538999557495117,28.538999557495117,0.0
2022-08-04,28.527000427246094,28.527000427246094,28.559999465942383,28.489999771118164,28.520000457763672,9200.0
2022-08-05,28.49799919128418,28.49799919128418,28.49799919128418,28.469999313354492,28.469999313354492,2200.0
2022-08-08,28.48699951171875,28.48699951171875,28.48699951171875,28.479999542236328,28.479999542236328,300.0
2022-08-09,28.437000274658203,28.437000274658203,28.437999725341797,28.3799991607666,28.437999725341797,500.0
2022-08-10,28.645999908447266,28.645999908447266,28.645999908447266,28.59000015258789,28.6299991607666,10600.0
2022-08-11,28.648000717163086,28.648000717163086,28.760000228881836,28.648000717163086,28.729999542236328,8500.0
2022-08-12,28.85300064086914,28.85300064086914,28.85300064086914,28.756000518798828,28.756000518798828,2100.0
2022-08-15,28.91900062561035,28.91900062561035,28.969999313354492,28.79400062561035,28.79400062561035,6900.0
2022-08-16,28.950000762939453,28.950000762939453,28.950000762939453,28.895000457763672,28.895000457763672,500.0
2022-08-17,28.864999771118164,28.864999771118164,28.93000030517578,28.864999771118164,28.93000030517578,1500.0
2022-08-18,28.875999450683594,28.875999450683594,28.950000762939453,28.81999969482422,28.81999969482422,1700.0
2022-08-19,28.725000381469727,28.725000381469727,28.815000534057617,28.725000381469727,28.815000534057617,1400.0
2022-08-22,28.482999801635742,28.482999801635742,28.511999130249023,28.469999313354492,28.511999130249023,800.0
2022-08-23,28.457000732421875,28.457000732421875,28.530000686645508,28.454999923706055,28.530000686645508,900.0
2022-08-24,28.465999603271484,28.465999603271484,28.485000610351562,28.465999603271484,28.485000610351562,400.0
2022-08-25,28.593000411987305,28.593000411987305,28.593000411987305,28.593000411987305,28.593000411987305,100.0
2022-08-26,28.28700065612793,28.28700065612793,28.360000610351562,28.260000228881836,28.260000228881836,2200.0
2022-08-29,28.218000411987305,28.218000411987305,28.239999771118164,28.190000534057617,28.22100067138672,2400.0
2022-08-30,28.1299991607666,28.1299991607666,28.1299991607666,28.1299991607666,28.1299991607666,17600.0
2022-08-31,28.099000930786133,28.099000930786133,28.100000381469727,28.059999465942383,28.059999465942383,700.0
2022-09-01,28.104999542236328,28.104999542236328,28.1299991607666,28.049999237060547,28.049999237060547,1800.0
2022-09-02,28.04599952697754,28.04599952697754,28.18600082397461,28.020000457763672,28.18000030517578,5700.0
2022-09-06,28.034000396728516,28.034000396728516,28.089000701904297,27.979999542236328,27.979999542236328,2300.0
2022-09-07,28.131999969482422,28.131999969482422,28.139999389648438,28.049999237060547,28.049999237060547,1300.0
2022-09-08,28.159000396728516,28.159000396728516,28.18899917602539,28.118000030517578,28.118000030517578,1400.0
2022-09-09,28.270000457763672,28.270000457763672,28.30500030517578,28.219999313354492,28.260000228881836,5900.0
2022-09-12,28.356000900268555,28.356000900268555,28.3799991607666,28.356000900268555,28.3799991607666,900.0
2022-09-13,28.058000564575195,28.058000564575195,28.18000030517578,28.058000564575195,28.18000030517578,4400.0
2022-09-14,28.1200008392334,28.1200008392334,28.1200008392334,28.094999313354492,28.094999313354492,10200.0
2022-09-15,28.030000686645508,28.030000686645508,28.110000610351562,28.030000686645508,28.030000686645508,8300.0
2022-09-16,28.0,28.0,28.049999237060547,27.97599983215332,27.97599983215332,1500.0
2022-09-19,28.079999923706055,28.079999923706055,28.079999923706055,28.030000686645508,28.030000686645508,10500.0
2022-09-20,28.040000915527344,28.040000915527344,28.049999237060547,27.979999542236328,28.011999130249023,14300.0
2022-09-21,27.959999084472656,27.959999084472656,28.059999465942383,27.959999084472656,28.059999465942383,10000.0
2022-09-22,27.989999771118164,27.989999771118164,27.989999771118164,27.917999267578125,27.93000030517578,9700.0
2022-09-23,27.940000534057617,27.940000534057617,27.959999084472656,27.864999771118164,27.950000762939453,7400.0
2022-09-26,27.871000289916992,27.871000289916992,27.950000762939453,27.860000610351562,27.93899917602539,21200.0
2022-09-27,27.889999389648438,27.889999389648438,27.940000534057617,27.82200050354004,27.89699935913086,11300.0
2022-09-28,27.959999084472656,27.959999084472656,27.969999313354492,27.84000015258789,27.920000076293945,40800.0
2022-09-29,27.861000061035156,27.861000061035156,27.920000076293945,27.81999969482422,27.920000076293945,18800.0
2022-09-30,27.889999389648438,27.889999389648438,27.929000854492188,27.8799991607666,27.929000854492188,31500.0
2022-10-03,27.950000762939453,27.950000762939453,27.959999084472656,27.84000015258789,27.940000534057617,9600.0
2022-10-04,28.010000228881836,28.010000228881836,28.010000228881836,27.923999786376953,27.944000244140625,12700.0
2022-10-05,28.0,28.0,28.040000915527344,27.969999313354492,28.040000915527344,23600.0
2022-10-06,27.94700050354004,27.94700050354004,27.959999084472656,27.90999984741211,27.954999923706055,3000.0
2022-10-07,27.899999618530273,27.899999618530273,27.959999084472656,27.88800048828125,27.959999084472656,6000.0
2022-10-10,27.905000686645508,27.905000686645508,27.924999237060547,27.8700008392334,27.920000076293945,1600.0
2022-10-11,27.8799991607666,27.8799991607666,27.915000915527344,27.8700008392334,27.8700008392334,1100.0
2022-10-12,27.893999099731445,27.893999099731445,27.893999099731445,27.850000381469727,27.850000381469727,300.0
2022-10-13,27.93000030517578,27.93000030517578,27.959999084472656,27.900999069213867,27.920000076293945,3400.0
2022-10-14,27.920000076293945,27.920000076293945,27.969999313354492,27.889999389648438,27.90999984741211,4400.0
2022-10-17,27.96500015258789,27.96500015258789,27.979000091552734,27.920000076293945,27.979000091552734,2500.0
2022-10-18,27.969999313354492,27.969999313354492,28.020000457763672,27.969999313354492,27.969999313354492,7100.0
2022-10-19,27.975000381469727,27.975000381469727,28.02899932861328,27.969999313354492,27.969999313354492,11300.0
2022-10-20,27.985000610351562,27.985000610351562,28.040000915527344,27.985000610351562,27.989999771118164,6500.0
2022-10-21,28.013999938964844,28.013999938964844,28.040000915527344,28.013999938964844,28.040000915527344,200.0
2022-10-24,28.010000228881836,28.010000228881836,28.079999923706055,27.959999084472656,27.959999084472656,7400.0
2022-10-25,28.045000076293945,28.045000076293945,28.055999755859375,28.0,28.020000457763672,2300.0
2022-10-26,28.02899932861328,28.02899932861328,28.09000015258789,28.0,28.010000228881836,14500.0
2022-10-27,28.020000457763672,28.020000457763672,28.024999618530273,27.969999313354492,28.0,11300.0
2022-10-28,28.05500030517578,28.05500030517578,28.110000610351562,28.045000076293945,28.066999435424805,31700.0
2022-10-31,28.045000076293945,28.045000076293945,28.100000381469727,28.045000076293945,28.100000381469727,1700.0
2022-11-01,28.045000076293945,28.045000076293945,28.100000381469727,28.0,28.020000457763672,3300.0
2022-11-02,28.03499984741211,28.03499984741211,28.190000534057617,28.020000457763672,28.190000534057617,15800.0
2022-11-03,28.03499984741211,28.03499984741211,28.09000015258789,28.03499984741211,28.06999969482422,2900.0
2022-11-04,28.045000076293945,28.045000076293945,28.100000381469727,28.040000915527344,28.040000915527344,5600.0
2022-11-07,28.049999237060547,28.049999237060547,28.100000381469727,27.990999221801758,28.048999786376953,11100.0
2022-11-08,28.045000076293945,28.045000076293945,28.100000381469727,28.0,28.020000457763672,49000.0
2022-11-09,28.049999237060547,28.049999237060547,28.09000015258789,28.045000076293945,28.045000076293945,6900.0
2022-11-10,28.06999969482422,28.06999969482422,28.1200008392334,28.03499984741211,28.06999969482422,3300.0
2022-11-11,28.110000610351562,28.110000610351562,28.110000610351562,28.020000457763672,28.040000915527344,23600.0
2022-11-14,28.075000762939453,28.075000762939453,28.075000762939453,28.06999969482422,28.06999969482422,300.0
2022-11-15,28.079999923706055,28.079999923706055,28.079999923706055,28.040000915527344,28.079999923706055,1300.0
2022-11-16,28.079999923706055,28.079999923706055,28.079999923706055,28.040000915527344,28.06999969482422,1400.0
2022-11-17,28.079999923706055,28.079999923706055,28.110000610351562,28.077999114990234,28.079999923706055,2600.0
2022-11-18,28.084999084472656,28.084999084472656,28.084999084472656,28.084999084472656,28.084999084472656,0.0
2022-11-21,28.09000015258789,28.09000015258789,28.1200008392334,28.041000366210938,28.041000366210938,10300.0
2022-11-22,28.06999969482422,28.06999969482422,28.09000015258789,28.049999237060547,28.049999237060547,3900.0
2022-11-23,28.059999465942383,28.059999465942383,28.104999542236328,28.05500030517578,28.104999542236328,2400.0
2022-11-25,28.06100082397461,28.06100082397461,28.069000244140625,28.059999465942383,28.059999465942383,2200.0
2022-11-28,28.06999969482422,28.06999969482422,28.1299991607666,28.040000915527344,28.100000381469727,71400.0
2022-11-29,28.065000534057617,28.065000534057617,28.100000381469727,28.040000915527344,28.100000381469727,33300.0
2022-11-30,28.040000915527344,28.040000915527344,28.139999389648438,28.030000686645508,28.040000915527344,204700.0
2022-12-01,28.1200008392334,28.1200008392334,28.18000030517578,27.969999313354492,28.18000030517578,420200.0
2022-12-02,28.100000381469727,28.100000381469727,28.100000381469727,27.94700050354004,28.0,119900.0
2022-12-05,27.8700008392334,27.8700008392334,28.040000915527344,27.809999465942383,28.040000915527344,138600.0
2022-12-06,27.700000762939453,27.700000762939453,27.860000610351562,27.584999084472656,27.860000610351562,20200.0
2022-12-07,27.639999389648438,27.639999389648438,27.708999633789062,27.59000015258789,27.68000030517578,96400.0
2022-12-08,27.707000732421875,27.707000732421875,27.780000686645508,27.674999237060547,27.719999313354492,168100.0
2022-12-09,27.659000396728516,27.659000396728516,27.799999237060547,27.659000396728516,27.684999465942383,26600.0
2022-12-12,27.790000915527344,27.790000915527344,27.89900016784668,27.670000076293945,27.670000076293945,323400.0
2022-12-13,27.989999771118164,27.989999771118164,28.260000228881836,27.889999389648438,28.260000228881836,122100.0
2022-12-14,27.905000686645508,27.905000686645508,28.06999969482422,27.750999450683594,27.969999313354492,77900.0
2022-12-15,27.579999923706055,27.579999923706055,27.739999771118164,27.469999313354492,27.739999771118164,76900.0
2022-12-16,27.440000534057617,27.440000534057617,27.5,27.309999465942383,27.489999771118164,40300.0
2022-12-19,27.309999465942383,27.309999465942383,27.440000534057617,27.200000762939453,27.375999450683594,29600.0
2022-12-20,27.329999923706055,27.329999923706055,27.360000610351562,27.235000610351562,27.31999969482422,56500.0
2022-12-21,27.530000686645508,27.530000686645508,27.559999465942383,27.3700008392334,27.3700008392334,20300.0
2022-12-22,27.308000564575195,27.308000564575195,27.3799991607666,27.12299919128418,27.33300018310547,27900.0
2022-12-23,27.40999984741211,27.40999984741211,27.420000076293945,27.295000076293945,27.329999923706055,21000.0
2022-12-27,27.350000381469727,27.350000381469727,27.43000030517578,27.31999969482422,27.31999969482422,52300.0
2022-12-28,27.239999771118164,27.239999771118164,27.375,27.21500015258789,27.375,85800.0
2022-12-29,27.459999084472656,27.459999084472656,27.479999542236328,27.371999740600586,27.423999786376953,114000.0
2022-12-30,27.43000030517578,27.43000030517578,27.43000030517578,27.229999542236328,27.350000381469727,54700.0
2023-01-03,27.299999237060547,27.299999237060547,27.389999389648438,27.260000228881836,27.389999389648438,349500.0
2023-01-04,27.389999389648438,27.389999389648438,27.509000778198242,27.315000534057617,27.420000076293945,268400.0
2023-01-05,27.290000915527344,27.290000915527344,27.349000930786133,27.229999542236328,27.31999969482422,124500.0
2023-01-06,27.610000610351562,27.610000610351562,27.6299991607666,27.25,27.43000030517578,55200.0
2023-01-09,27.538000106811523,27.538000106811523,27.770000457763672,27.530000686645508,27.65999984741211,42300.0
2023-01-10,27.658000946044922,27.658000946044922,27.659000396728516,27.56999969482422,27.6299991607666,10900.0
2023-01-11,27.8700008392334,27.8700008392334,27.8700008392334,27.700000762939453,27.729999542236328,87900.0
2023-01-12,27.90999984741211,27.90999984741211,27.950000762939453,27.780000686645508,27.799999237060547,28000.0
2023-01-13,27.961000442504883,27.961000442504883,27.989999771118164,27.768999099731445,27.768999099731445,13100.0
2023-01-17,27.90999984741211,27.90999984741211,28.010000228881836,27.90999984741211,27.999000549316406,29400.0
2023-01-18,27.739999771118164,27.739999771118164,28.038999557495117,27.739999771118164,28.038999557495117,60500.0
2023-01-19,27.690000534057617,27.690000534057617,27.739999771118164,27.634000778198242,27.690000534057617,40300.0
2023-01-20,27.950000762939453,27.950000762939453,27.950000762939453,27.690000534057617,27.739999771118164,31600.0
2023-01-23,28.114999771118164,28.114999771118164,28.170000076293945,27.969999313354492,27.969999313354492,37500.0
2023-01-24,28.100000381469727,28.100000381469727,28.110000610351562,27.979999542236328,28.06999969482422,40200.0
2023-01-25,28.03700065612793,28.03700065612793,28.06999969482422,27.864999771118164,27.889999389648438,10100.0
2023-01-26,28.214000701904297,28.214000701904297,28.214000701904297,28.049999237060547,28.176000595092773,18100.0
2023-01-27,28.259000778198242,28.259000778198242,28.350000381469727,28.215999603271484,28.260000228881836,6900.0
2023-01-30,28.082000732421875,28.082000732421875,28.190000534057617,28.082000732421875,28.184999465942383,2100.0
2023-01-31,28.30500030517578,28.30500030517578,28.30500030517578,28.18000030517578,28.18000030517578,5900.0
2023-02-01,28.482999801635742,28.482999801635742,28.530000686645508,28.219999313354492,28.239999771118164,6500.0
2023-02-02,28.687000274658203,28.687000274658203,28.71500015258789,28.6200008392334,28.649999618530273,5300.0
2023-02-03,28.520000457763672,28.520000457763672,28.670000076293945,28.479999542236328,28.6200008392334,127900.0
2023-02-06,28.41200065612793,28.41200065612793,28.459999084472656,28.329999923706055,28.45199966430664,116900.0
2023-02-07,28.625999450683594,28.625999450683594,28.625999450683594,28.360000610351562,28.399999618530273,14300.0
2023-02-08,28.46299934387207,28.46299934387207,28.549999237060547,28.43899917602539,28.549999237060547,7200.0
2023-02-09,28.32200050354004,28.32200050354004,28.461999893188477,28.290000915527344,28.461999893188477,6100.0
2023-02-10,28.341999053955078,28.341999053955078,28.350000381469727,28.299999237060547,28.329999923706055,6100.0
2023-02-13,28.489999771118164,28.489999771118164,28.520000457763672,28.420000076293945,28.420000076293945,3200.0
2023-02-14,28.524999618530273,28.524999618530273,28.628999710083008,28.450000762939453,28.479999542236328,900.0
2023-02-15,28.55699920654297,28.55699920654297,28.55699920654297,28.506000518798828,28.506000518798828,3700.0
2023-02-16,28.350000381469727,28.350000381469727,28.489999771118164,28.350000381469727,28.360000610351562,2700.0
2023-02-17,28.297000885009766,28.297000885009766,28.297000885009766,28.264999389648438,28.264999389648438,1200.0
2023-02-21,27.989999771118164,27.989999771118164,28.1200008392334,27.989999771118164,28.1200008392334,1800.0
2023-02-22,27.959999084472656,27.959999084472656,28.06999969482422,27.930999755859375,27.969999313354492,15500.0
2023-02-23,28.073999404907227,28.073999404907227,28.118999481201172,27.913000106811523,28.079999923706055,3600.0
2023-02-24,27.892000198364258,27.892000198364258,27.892000198364258,27.790000915527344,27.8700008392334,14500.0
2023-02-27,27.952999114990234,27.952999114990234,28.100000381469727,27.920000076293945,28.100000381469727,9100.0
2023-02-28,27.90999984741211,27.90999984741211,27.989999771118164,27.905000686645508,27.975000381469727,25800.0
2023-03-01,27.820999145507812,27.820999145507812,27.93000030517578,27.785999298095703,27.93000030517578,8500.0
2023-03-02,27.94099998474121,27.94099998474121,27.94099998474121,27.780000686645508,27.780000686645508,400.0
2023-03-03,28.187999725341797,28.187999725341797,28.209999084472656,28.055999755859375,28.079999923706055,2900.0
2023-03-06,28.25,28.25,28.27400016784668,28.20800018310547,28.260000228881836,1400.0
2023-03-07,27.940000534057617,27.940000534057617,28.280000686645508,27.940000534057617,28.280000686645508,5100.0
2023-03-08,27.94499969482422,27.94499969482422,27.94499969482422,27.920000076293945,27.920000076293945,500.0
2023-03-09,27.68600082397461,27.68600082397461,28.049999237060547,27.670000076293945,27.969999313354492,11200.0
2023-03-10,27.461999893188477,27.461999893188477,27.65999984741211,27.440000534057617,27.639999389648438,1500.0
2023-03-13,27.552000045776367,27.552000045776367,27.690000534057617,27.459999084472656,27.459999084472656,124700.0
2023-03-14,27.739999771118164,27.739999771118164,27.760000228881836,27.6200008392334,27.709999084472656,16400.0
2023-03-15,27.649999618530273,27.649999618530273,27.68000030517578,27.549999237060547,27.579999923706055,13700.0
2023-03-16,27.906999588012695,27.906999588012695,27.93899917602539,27.649999618530273,27.65999984741211,8900.0
2023-03-17,27.79400062561035,27.79400062561035,27.79400062561035,27.729999542236328,27.7450008392334,2300.0
2023-03-20,27.922000885009766,27.922000885009766,27.959999084472656,27.836999893188477,27.850000381469727,10500.0
2023-03-21,28.107999801635742,28.107999801635742,28.15999984741211,27.959999084472656,27.959999084472656,15500.0
2023-03-22,27.895000457763672,27.895000457763672,28.25,27.895000457763672,28.069000244140625,30100.0
2023-03-23,27.940000534057617,27.940000534057617,28.059999465942383,27.80699920654297,27.969999313354492,132600.0
2023-03-24,28.040000915527344,28.040000915527344,28.040000915527344,27.799999237060547,27.799999237060547,21400.0
2023-03-27,28.006999969482422,28.006999969482422,28.1200008392334,28.006999969482422,28.1200008392334,8800.0
2023-03-28,27.968000411987305,27.968000411987305,28.0,27.968000411987305,28.0,900.0
2023-03-29,28.190000534057617,28.190000534057617,28.229999542236328,28.100000381469727,28.110000610351562,30600.0
2023-03-30,28.268999099731445,28.268999099731445,28.309999465942383,28.219999313354492,28.260000228881836,19600.0
2023-03-31,28.507999420166016,28.507999420166016,28.507999420166016,28.356000900268555,28.356000900268555,11400.0
2023-04-03,28.590999603271484,28.590999603271484,28.6299991607666,28.4950008392334,28.6200008392334,3300.0
2023-04-04,28.514999389648438,28.514999389648438,28.579999923706055,28.43000030517578,28.579999923706055,8700.0
2023-04-05,28.468000411987305,28.468000411987305,28.489999771118164,28.430999755859375,28.459999084472656,1900.0
2023-04-06,28.527999877929688,28.527999877929688,28.540000915527344,28.44499969482422,28.44499969482422,5800.0
2023-04-10,28.510000228881836,28.510000228881836,28.510000228881836,28.485000610351562,28.485000610351562,2300.0
2023-04-11,28.540000915527344,28.540000915527344,28.577999114990234,28.540000915527344,28.55900001525879,26300.0
2023-04-12,28.461999893188477,28.461999893188477,28.59000015258789,28.450000762939453,28.59000015258789,13100.0
2023-04-13,28.68899917602539,28.68899917602539,28.729999542236328,28.583999633789062,28.583999633789062,6800.0
2023-04-14,28.6560001373291,28.6560001373291,28.75,28.6200008392334,28.75,2300.0
2023-04-17,28.68000030517578,28.68000030517578,28.68000030517578,28.6200008392334,28.649999618530273,2000.0
2023-04-18,28.731000900268555,28.731000900268555,28.760000228881836,28.690000534057617,28.690000534057617,1100.0
2023-04-19,28.71500015258789,28.71500015258789,28.770000457763672,28.6200008392334,28.6200008392334,4800.0
2023-04-20,28.631000518798828,28.631000518798828,28.690000534057617,28.584999084472656,28.600000381469727,3300.0
2023-04-21,28.665000915527344,28.665000915527344,28.665000915527344,28.579999923706055,28.59000015258789,25000.0
2023-04-24,28.677000045776367,28.677000045776367,28.677000045776367,28.65999984741211,28.65999984741211,900.0
2023-04-25,28.42300033569336,28.42300033569336,28.42300033569336,28.42300033569336,28.42300033569336,800.0
2023-04-26,28.349000930786133,28.349000930786133,28.437999725341797,28.349000930786133,28.437999725341797,2000.0
2023-04-27,28.66200065612793,28.66200065612793,28.690000534057617,28.489999771118164,28.520000457763672,5900.0
2023-04-28,28.81100082397461,28.81100082397461,28.81100082397461,28.729999542236328,28.729999542236328,1700.0
2023-05-01,28.81599998474121,28.81599998474121,28.889999389648438,28.799999237060547,28.799999237060547,7800.0
2023-05-02,28.631000518798828,28.631000518798828,28.631000518798828,28.53499984741211,28.55900001525879,2600.0
2023-05-03,28.496000289916992,28.496000289916992,28.690000534057617,28.496000289916992,28.639999389648438,6400.0
2023-05-04,28.36400032043457,28.36400032043457,28.39299964904785,28.329999923706055,28.39299964904785,2400.0
2023-05-05,28.677000045776367,28.677000045776367,28.68000030517578,28.459999084472656,28.459999084472656,12800.0
2023-05-08,28.65999984741211,28.65999984741211,28.68000030517578,28.649999618530273,28.670000076293945,12900.0
2023-05-09,28.604999542236328,28.604999542236328,28.639999389648438,28.59000015258789,28.639999389648438,2400.0
2023-05-10,28.697999954223633,28.697999954223633,28.729999542236328,28.579999923706055,28.68000030517578,25900.0
2023-05-11,28.649999618530273,28.649999618530273,28.709999084472656,28.607999801635742,28.607999801635742,3900.0
2023-05-12,28.6200008392334,28.6200008392334,28.75,28.530000686645508,28.68000030517578,32200.0
2023-05-15,28.67300033569336,28.67300033569336,28.709999084472656,28.6299991607666,28.6299991607666,7000.0
2023-05-16,28.57900047302246,28.57900047302246,28.631999969482422,28.57900047302246,28.631999969482422,2900.0
2023-05-17,28.767000198364258,28.767000198364258,28.770000457763672,28.610000610351562,28.655000686645508,22100.0
2023-05-18,28.95199966430664,28.95199966430664,28.95199966430664,28.78499984741211,28.829999923706055,10600.0
2023-05-19,28.927000045776367,28.927000045776367,29.0,28.915000915527344,28.93000030517578,1100.0
2023-05-22,28.934999465942383,28.934999465942383,28.979999542236328,28.899999618530273,28.899999618530273,2500.0
2023-05-23,28.732999801635742,28.732999801635742,28.899999618530273,28.729999542236328,28.850000381469727,7900.0
2023-05-24,28.59600067138672,28.59600067138672,28.670000076293945,28.579999923706055,28.610000610351562,118900.0
2023-05-25,28.763999938964844,28.763999938964844,28.763999938964844,28.65999984741211,28.690000534057617,17100.0
2023-05-26,28.979999542236328,28.979999542236328,29.020000457763672,28.860000610351562,28.860000610351562,45100.0
2023-05-30,28.989999771118164,28.989999771118164,28.989999771118164,28.979999542236328,28.979999542236328,900.0
2023-05-31,28.898000717163086,28.898000717163086,28.979999542236328,28.8700008392334,28.899999618530273,8500.0
2023-06-01,29.05900001525879,29.05900001525879,29.100000381469727,28.940000534057617,28.940000534057617,10200.0
2023-06-02,29.31999969482422,29.31999969482422,29.399999618530273,29.200000762939453,29.229999542236328,12500.0
2023-06-05,29.326000213623047,29.326000213623047,29.360000610351562,29.299999237060547,29.350000381469727,3300.0
2023-06-06,29.361000061035156,29.361000061035156,29.361000061035156,29.27199935913086,29.309999465942383,9900.0
2023-06-07,29.280000686645508,29.280000686645508,29.389999389648438,29.280000686645508,29.389999389648438,1700.0
2023-06-08,29.409000396728516,29.409000396728516,29.43600082397461,29.280000686645508,29.299999237060547,17200.0
2023-06-09,29.44099998474121,29.44099998474121,29.533000946044922,29.43000030517578,29.479999542236328,2200.0
2023-06-12,29.591999053955078,29.591999053955078,29.591999053955078,29.479999542236328,29.5,3400.0
2023-06-13,29.718000411987305,29.718000411987305,29.735000610351562,29.68000030517578,29.68000030517578,8700.0
2023-06-14,29.719999313354492,29.719999313354492,29.799999237060547,29.649999618530273,29.78499984741211,4600.0
2023-06-15,29.97599983215332,29.97599983215332,30.02400016784668,29.639999389648438,29.639999389648438,4400.0
2023-06-16,29.927000045776367,29.927000045776367,30.020000457763672,29.927000045776367,30.013999938964844,5000.0
2023-06-20,29.854999542236328,29.854999542236328,29.854999542236328,29.81999969482422,29.83099937438965,800.0
2023-06-21,29.76799964904785,29.76799964904785,29.790000915527344,29.760000228881836,29.760000228881836,4000.0
2023-06-22,29.829999923706055,29.829999923706055,29.829999923706055,29.68000030517578,29.726999282836914,7700.0
2023-06-23,29.71299934387207,29.71299934387207,29.739999771118164,29.68000030517578,29.729999542236328,5000.0
2023-06-26,29.634000778198242,29.634000778198242,29.690000534057617,29.634000778198242,29.684999465942383,700.0
2023-06-27,29.832000732421875,29.832000732421875,29.84000015258789,29.770000457763672,29.780000686645508,1800.0
2023-06-28,29.816999435424805,29.816999435424805,29.889999389648438,29.739999771118164,29.739999771118164,30600.0
2023-06-29,29.915000915527344,29.915000915527344,29.940000534057617,29.860000610351562,29.8700008392334,4000.0
2023-06-30,30.190000534057617,30.190000534057617,30.215999603271484,30.100000381469727,30.100000381469727,658600.0
2023-07-03,30.170000076293945,30.170000076293945,30.180999755859375,30.1200008392334,30.139999389648438,17500.0
2023-07-05,30.149999618530273,30.149999618530273,30.229999542236328,30.1200008392334,30.1200008392334,39200.0
2023-07-06,30.009000778198242,30.009000778198242,30.025999069213867,29.8700008392334,29.8700008392334,44300.0
2023-07-07,29.97100067138672,29.97100067138672,30.135000228881836,29.97100067138672,30.020000457763672,7500.0
2023-07-10,29.996000289916992,29.996000289916992,30.0,29.961000442504883,29.979999542236328,3800.0
2023-07-11,30.15399932861328,30.15399932861328,30.15399932861328,30.05900001525879,30.05900001525879,14500.0
2023-07-12,30.309999465942383,30.309999465942383,30.334999084472656,30.280000686645508,30.299999237060547,7100.0
2023-07-13,30.468000411987305,30.468000411987305,30.499000549316406,30.391000747680664,30.391000747680664,4300.0
2023-07-14,30.44099998474121,30.44099998474121,30.489999771118164,30.44099998474121,30.479999542236328,3300.0
2023-07-17,30.52199935913086,30.52199935913086,30.53499984741211,30.479999542236328,30.489999771118164,3700.0
2023-07-18,30.631000518798828,30.631000518798828,30.64299964904785,30.540000915527344,30.57200050354004,17500.0
2023-07-19,30.665000915527344,30.665000915527344,30.68000030517578,30.6299991607666,30.68000030517578,21600.0
2023-07-20,30.55500030517578,30.55500030517578,30.55500030517578,30.520000457763672,30.540000915527344,23200.0
2023-07-21,30.57900047302246,30.57900047302246,30.639999389648438,30.530000686645508,30.639999389648438,8600.0
2023-07-24,30.64900016784668,30.64900016784668,30.64900016784668,30.56999969482422,30.56999969482422,15300.0
2023-07-25,30.704999923706055,30.704999923706055,30.709999084472656,30.676000595092773,30.676000595092773,500.0
2023-07-26,30.698999404907227,30.698999404907227,30.698999404907227,30.65999984741211,30.690000534057617,2300.0
2023-07-27,30.590999603271484,30.590999603271484,30.790000915527344,30.590999603271484,30.780000686645508,8100.0
2023-07-28,30.774999618530273,30.774999618530273,30.815000534057617,30.709999084472656,30.767000198364258,23200.0
2023-07-31,30.75,30.75,30.80500030517578,30.719999313354492,30.80500030517578,11900.0
2023-08-01,30.742000579833984,30.742000579833984,30.756999969482422,30.68000030517578,30.68000030517578,24800.0
2023-08-02,30.499000549316406,30.499000549316406,30.530000686645508,30.459999084472656,30.461000442504883,4400.0
2023-08-03,30.459999084472656,30.459999084472656,30.5049991607666,30.399999618530273,30.399999618530273,25800.0
2023-08-04,30.35300064086914,30.35300064086914,30.59000015258789,30.35300064086914,30.59000015258789,6200.0
2023-08-07,30.5310001373291,30.5310001373291,30.5310001373291,30.420000076293945,30.459999084472656,2100.0
2023-08-08,30.472999572753906,30.472999572753906,30.472999572753906,30.290000915527344,30.290000915527344,210700.0
2023-08-09,30.340999603271484,30.340999603271484,30.489999771118164,30.340999603271484,30.450000762939453,47400.0
2023-08-10,30.34000015258789,30.34000015258789,30.530000686645508,30.309999465942383,30.489999771118164,2300.0
2023-08-11,30.299999237060547,30.299999237060547,30.322999954223633,30.280000686645508,30.280000686645508,10200.0
2023-08-14,30.43400001525879,30.43400001525879,30.43400001525879,30.31999969482422,30.31999969482422,5300.0
2023-08-15,30.225000381469727,30.225000381469727,30.290000915527344,30.225000381469727,30.290000915527344,6900.0
2023-08-16,30.030000686645508,30.030000686645508,30.229999542236328,30.030000686645508,30.229999542236328,8800.0
2023-08-17,29.905000686645508,29.905000686645508,30.09000015258789,29.844999313354492,30.09000015258789,800.0
2023-08-18,29.871000289916992,29.871000289916992,29.8799991607666,29.84000015258789,29.860000610351562,1300.0
2023-08-21,30.041000366210938,30.041000366210938,30.042999267578125,30.0,30.0,2600.0
2023-08-22,29.97599983215332,29.97599983215332,29.97599983215332,29.959999084472656,29.969999313354492,1200.0
2023-08-23,30.211000442504883,30.211000442504883,30.211000442504883,30.211000442504883,30.211000442504883,100.0
2023-08-24,29.934999465942383,29.934999465942383,30.059999465942383,29.934999465942383,30.059999465942383,4400.0
2023-08-25,30.062000274658203,30.062000274658203,30.09000015258789,29.950000762939453,30.010000228881836,10900.0
2023-08-28,30.225000381469727,30.225000381469727,30.225000381469727,30.1299991607666,30.209999084472656,2500.0
2023-08-29,30.533000946044922,30.533000946044922,30.533000946044922,30.469999313354492,30.469999313354492,2900.0
2023-08-30,30.594999313354492,30.594999313354492,30.610000610351562,30.56999969482422,30.600000381469727,4300.0
2023-08-31,30.615999221801758,30.615999221801758,30.65999984741211,30.600000381469727,30.65999984741211,5600.0
2023-09-01,30.655000686645508,30.655000686645508,30.655000686645508,30.59000015258789,30.59000015258789,500.0
2023-09-05,30.586000442504883,30.586000442504883,30.59000015258789,30.570999145507812,30.59000015258789,500.0
2023-09-06,30.400999069213867,30.400999069213867,30.400999069213867,30.31999969482422,30.360000610351562,15600.0
2023-09-07,30.332000732421875,30.332000732421875,30.34000015258789,30.239999771118164,30.260000228881836,4400.0
2023-09-08,30.364999771118164,30.364999771118164,30.399999618530273,30.364999771118164,30.3799991607666,500.0
2023-09-11,30.524999618530273,30.524999618530273,30.53499984741211,30.440000534057617,30.440000534057617,8600.0
2023-09-12,30.399999618530273,30.399999618530273,30.479999542236328,30.375,30.440000534057617,1600.0
2023-09-13,30.44700050354004,30.44700050354004,30.510000228881836,30.420000076293945,30.450000762939453,7300.0
2023-09-14,30.645999908447266,30.645999908447266,30.649999618530273,30.549999237060547,30.549999237060547,2700.0
2023-09-15,30.329999923706055,30.329999923706055,30.549999237060547,30.329999923706055,30.549999237060547,4300.0
2023-09-18,30.371000289916992,30.371000289916992,30.437999725341797,30.34000015258789,30.34000015258789,7100.0
2023-09-19,30.304000854492188,30.304000854492188,30.31999969482422,30.180999755859375,30.180999755859375,6600.0
2023-09-20,30.097000122070312,30.097000122070312,30.459999084472656,30.097000122070312,30.459999084472656,7900.0
2023-09-21,29.632999420166016,29.632999420166016,29.850000381469727,29.632999420166016,29.799999237060547,5900.0
2023-09-22,29.57900047302246,29.57900047302246,29.770000457763672,29.57900047302246,29.760000228881836,42500.0
2023-09-25,29.670000076293945,29.670000076293945,29.68000030517578,29.482999801635742,29.482999801635742,32900.0
2023-09-26,29.309999465942383,29.309999465942383,29.530000686645508,29.280000686645508,29.530000686645508,4800.0
2023-09-27,29.329999923706055,29.329999923706055,29.389999389648438,29.18000030517578,29.3799991607666,7100.0
2023-09-28,29.44499969482422,29.44499969482422,29.459999084472656,29.260000228881836,29.260000228881836,48600.0
2023-09-29,29.378999710083008,29.378999710083008,29.6299991607666,29.299999237060547,29.59000015258789,2100.0
2023-10-02,29.350000381469727,29.350000381469727,29.3799991607666,29.239999771118164,29.3700008392334,19600.0
2023-10-03,29.025999069213867,29.025999069213867,29.025999069213867,29.0,29.0,5800.0
2023-10-04,29.25,29.25,29.25,29.030000686645508,29.079999923706055,6500.0
2023-10-05,29.18000030517578,29.18000030517578,29.21299934387207,29.030000686645508,29.052000045776367,13700.0
2023-10-06,29.520999908447266,29.520999908447266,29.575000762939453,29.020000457763672,29.040000915527344,11600.0
2023-10-09,29.639999389648438,29.639999389648438,29.670000076293945,29.399999618530273,29.440000534057617,3700.0
2023-10-10,29.816999435424805,29.816999435424805,29.940000534057617,29.805999755859375,29.940000534057617,2400.0
2023-10-11,29.937999725341797,29.937999725341797,29.937999725341797,29.799999237060547,29.889999389648438,4300.0
2023-10-12,29.766000747680664,29.766000747680664,29.969999313354492,29.68000030517578,29.969999313354492,6600.0
2023-10-13,29.63599967956543,29.63599967956543,29.68000030517578,29.63599967956543,29.68000030517578,1100.0
2023-10-16,29.950000762939453,29.950000762939453,29.950000762939453,29.915000915527344,29.915000915527344,900.0
2023-10-17,29.908000946044922,29.908000946044922,29.908000946044922,29.8700008392334,29.8700008392334,600.0
2023-10-18,29.548999786376953,29.548999786376953,29.790000915527344,29.510000228881836,29.790000915527344,2100.0
2023-10-19,29.33799934387207,29.33799934387207,29.450000762939453,29.309999465942383,29.450000762939453,2000.0
2023-10-20,29.003999710083008,29.003999710083008,29.1200008392334,29.003999710083008,29.06800079345703,6300.0
2023-10-23,28.924999237060547,28.924999237060547,29.0,28.924999237060547,28.979999542236328,900.0
2023-10-24,29.118999481201172,29.118999481201172,29.118999481201172,29.049999237060547,29.049999237060547,5700.0
2023-10-25,28.69099998474121,28.69099998474121,28.8700008392334,28.69099998474121,28.81999969482422,5000.0
2023-10-26,28.38800048828125,28.38800048828125,28.549999237060547,28.38800048828125,28.549999237060547,6100.0
2023-10-27,28.26799964904785,28.26799964904785,28.459999084472656,28.26799964904785,28.440000534057617,5700.0
2023-10-30,28.579999923706055,28.579999923706055,28.579999923706055,28.540000915527344,28.540000915527344,400.0
2023-10-31,28.718000411987305,28.718000411987305,28.718000411987305,28.530000686645508,28.530000686645508,5100.0
2023-11-01,29.00200080871582,29.00200080871582,29.00200080871582,28.809999465942383,28.860000610351562,5400.0
2023-11-02,29.489999771118164,29.489999771118164,29.489999771118164,29.389999389648438,29.389999389648438,2900.0
2023-11-03,29.802000045776367,29.802000045776367,29.829999923706055,29.56999969482422,29.56999969482422,1600.0
2023-11-06,29.80299949645996,29.80299949645996,29.80299949645996,29.719999313354492,29.719999313354492,5700.0
2023-11-07,29.90999984741211,29.90999984741211,29.940000534057617,29.809999465942383,29.809999465942383,8300.0
2023-11-08,29.93000030517578,29.93000030517578,29.93000030517578,29.93000030517578,29.93000030517578,200.0
2023-11-09,29.695999145507812,29.695999145507812,29.969999313354492,29.670000076293945,29.940000534057617,6000.0
2023-11-10,30.14900016784668,30.14900016784668,30.14900016784668,30.0,30.0,39500.0
2023-11-13,30.155000686645508,30.155000686645508,30.190000534057617,30.020000457763672,30.020000457763672,7400.0
2023-11-14,30.700000762939453,30.700000762939453,30.770000457763672,30.65999984741211,30.690000534057617,10000.0
2023-11-15,30.792999267578125,30.792999267578125,30.8700008392334,30.790000915527344,30.8700008392334,1600.0
2023-11-16,30.812999725341797,30.812999725341797,30.812999725341797,30.714000701904297,30.719999313354492,58300.0
2023-11-17,30.871999740600586,30.871999740600586,30.885000228881836,30.790000915527344,30.799999237060547,1600.0
2023-11-20,31.09600067138672,31.09600067138672,31.107999801635742,30.989999771118164,30.989999771118164,7200.0
2023-11-21,31.045000076293945,31.045000076293945,31.045000076293945,30.940000534057617,30.940000534057617,1700.0
2023-11-22,31.149999618530273,31.149999618530273,31.149999618530273,31.139999389648438,31.139999389648438,200.0
2023-11-24,31.160999298095703,31.160999298095703,31.160999298095703,31.160999298095703,31.160999298095703,0.0
2023-11-27,31.118000030517578,31.118000030517578,31.184999465942383,31.118000030517578,31.1200008392334,5000.0
2023-11-28,31.138999938964844,31.138999938964844,31.25,31.079999923706055,31.079999923706055,7100.0
2023-11-29,31.086000442504883,31.086000442504883,31.290000915527344,31.086000442504883,31.270000457763672,6100.0
2023-11-30,31.224000930786133,31.224000930786133,31.25,31.020000457763672,31.1200008392334,71700.0
2023-12-01,31.3799991607666,31.3799991607666,31.389999389648438,31.219999313354492,31.270000457763672,329700.0
2023-12-04,31.250999450683594,31.250999450683594,31.299999237060547,31.16699981689453,31.290000915527344,40900.0
2023-12-05,31.288000106811523,31.288000106811523,31.31100082397461,31.200000762939453,31.239999771118164,32200.0
2023-12-06,31.18600082397461,31.18600082397461,31.40999984741211,31.18600082397461,31.40999984741211,47200.0
2023-12-07,31.334999084472656,31.334999084472656,31.3700008392334,31.290000915527344,31.360000610351562,28900.0
2023-12-08,31.420000076293945,31.420000076293945,31.43000030517578,31.329999923706055,31.329999923706055,22600.0
2023-12-11,31.489999771118164,31.489999771118164,31.489999771118164,31.3799991607666,31.399999618530273,47200.0
2023-12-12,31.54199981689453,31.54199981689453,31.569000244140625,31.451000213623047,31.469999313354492,10900.0
2023-12-13,31.777999877929688,31.777999877929688,31.777999877929688,31.549999237060547,31.579999923706055,22100.0
2023-12-14,31.860000610351562,31.860000610351562,31.889999389648438,31.780000686645508,31.889999389648438,43500.0
2023-12-15,31.85099983215332,31.85099983215332,31.889999389648438,31.780000686645508,31.780000686645508,437300.0
2023-12-18,31.908000946044922,31.908000946044922,31.950000762939453,31.860000610351562,31.860000610351562,36300.0
2023-12-19,31.98200035095215,31.98200035095215,31.989999771118164,31.941999435424805,31.959999084472656,43000.0
2023-12-20,31.780000686645508,31.780000686645508,32.029998779296875,31.780000686645508,31.979999542236328,43400.0
2023-12-21,31.920000076293945,31.920000076293945,31.93000030517578,31.81999969482422,31.90999984741211,18800.0
2023-12-22,31.979999542236328,31.979999542236328,32.029998779296875,31.940000534057617,32.02000045776367,16100.0
2023-12-26,32.04999923706055,32.04999923706055,32.060001373291016,31.950000762939453,32.02000045776367,30100.0
2023-12-27,32.09000015258789,32.09000015258789,32.09000015258789,31.950000762939453,31.950000762939453,31100.0
2023-12-28,32.040000915527344,32.040000915527344,32.099998474121094,32.029998779296875,32.029998779296875,19700.0
2023-12-29,32.03900146484375,32.03900146484375,32.05500030517578,31.959999084472656,32.047000885009766,5700.0
2024-01-02,31.930999755859375,31.930999755859375,31.959999084472656,31.8700008392334,31.899999618530273,7500.0
2024-01-03,31.809999465942383,31.809999465942383,31.860000610351562,31.780000686645508,31.809999465942383,26300.0
2024-01-04,31.768999099731445,31.768999099731445,31.850000381469727,31.768999099731445,31.850000381469727,12400.0
2024-01-05,31.802000045776367,31.802000045776367,31.8700008392334,31.719999313354492,31.850000381469727,7700.0
2024-01-08,32.02000045776367,32.02000045776367,32.029998779296875,31.81100082397461,31.81100082397461,19000.0
2024-01-09,32.007999420166016,32.007999420166016,32.007999420166016,31.920000076293945,31.989999771118164,9100.0
2024-01-10,32.08300018310547,32.08300018310547,32.119998931884766,32.029998779296875,32.04999923706055,1800.0
2024-01-11,32.08000183105469,32.08000183105469,32.119998931884766,32.03499984741211,32.040000915527344,7300.0
2024-01-12,32.119998931884766,32.119998931884766,32.119998931884766,32.06999969482422,32.119998931884766,1900.0
2024-01-16,32.04999923706055,32.04999923706055,32.150001525878906,32.029998779296875,32.150001525878906,13200.0
2024-01-17,31.98900032043457,31.98900032043457,31.989999771118164,31.889999389648438,31.959999084472656,2500.0
2024-01-18,32.12300109863281,32.12300109863281,32.150001525878906,32.0,32.0,800.0
2024-01-19,32.290000915527344,32.290000915527344,32.34000015258789,32.19900131225586,32.19900131225586,4500.0
2024-01-22,32.36399841308594,32.36399841308594,32.43000030517578,32.34000015258789,32.43000030517578,3000.0
2024-01-23,32.40999984741211,32.40999984741211,32.439998626708984,32.34000015258789,32.34000015258789,4600.0
2024-01-24,32.41999816894531,32.41999816894531,32.470001220703125,32.41999816894531,32.45800018310547,2700.0
2024-01-25,32.47600173950195,32.47600173950195,32.47600173950195,32.439998626708984,32.45000076293945,2700.0
2024-01-26,32.439998626708984,32.439998626708984,32.5099983215332,32.41999816894531,32.41999816894531,3200.0
2024-01-29,32.5629997253418,32.5629997253418,32.61000061035156,32.45000076293945,32.45000076293945,10600.0
2024-01-30,32.55699920654297,32.55699920654297,32.56999969482422,32.54600143432617,32.54600143432617,2400.0
2024-01-31,32.35499954223633,32.35499954223633,32.470001220703125,32.35499954223633,32.45399856567383,6500.0
2024-02-01,32.512001037597656,32.512001037597656,32.512001037597656,32.38999938964844,32.38999938964844,1300.0
2024-02-02,32.65599822998047,32.65599822998047,32.66999816894531,32.56999969482422,32.56999969482422,3900.0
2024-02-05,32.6150016784668,32.6150016784668,32.619998931884766,32.560001373291016,32.57400131225586,14300.0
2024-02-06,32.62799835205078,32.62799835205078,32.63999938964844,32.56999969482422,32.57500076293945,78700.0
2024-02-07,32.74300003051758,32.74300003051758,32.75,32.70000076293945,32.70000076293945,23100.0
2024-02-08,32.72999954223633,32.72999954223633,32.75,32.70000076293945,32.70000076293945,8500.0
2024-02-09,32.810001373291016,32.810001373291016,32.84000015258789,32.7599983215332,32.7599983215332,3300.0
2024-02-12,32.805999755859375,32.805999755859375,32.82899856567383,32.79199981689453,32.79999923706055,3400.0
2024-02-13,32.60200119018555,32.60200119018555,32.68000030517578,32.4900016784668,32.630001068115234,7800.0
2024-02-14,32.720001220703125,32.720001220703125,32.720001220703125,32.720001220703125,32.720001220703125,400.0
2024-02-15,32.82400131225586,32.82400131225586,32.82400131225586,32.79999923706055,32.79999923706055,400.0
2024-02-16,32.77299880981445,32.77299880981445,32.849998474121094,32.7599983215332,32.805999755859375,4100.0
2024-02-20,32.694000244140625,32.694000244140625,32.72999954223633,32.654998779296875,32.68000030517578,7000.0
2024-02-21,32.731998443603516,32.731998443603516,32.731998443603516,32.630001068115234,32.70000076293945,3300.0
2024-02-22,32.97700119018555,32.97700119018555,32.97700119018555,32.939998626708984,32.970001220703125,3600.0
2024-02-23,32.99399948120117,32.99399948120117,33.02000045776367,32.95000076293945,32.95000076293945,6800.0
2024-02-26,32.95199966430664,32.95199966430664,32.979000091552734,32.95000076293945,32.979000091552734,5200.0
2024-02-27,32.98099899291992,32.98099899291992,32.98099899291992,32.93000030517578,32.93000030517578,11900.0
2024-02-28,32.91999816894531,32.91999816894531,32.959999084472656,32.849998474121094,32.849998474121094,6200.0
2024-02-29,33.0260009765625,33.0260009765625,33.0260009765625,32.97100067138672,32.9900016784668,1700.0
2024-03-01,33.10900115966797,33.10900115966797,33.10900115966797,33.029998779296875,33.029998779296875,2500.0
2024-03-04,33.08100128173828,33.08100128173828,33.11899948120117,33.060001373291016,33.060001373291016,2100.0
2024-03-05,32.96699905395508,32.96699905395508,32.96699905395508,32.917999267578125,32.952999114990234,3700.0
2024-03-06,33.029998779296875,33.029998779296875,33.03900146484375,33.029998779296875,33.03900146484375,600.0
2024-03-07,33.12799835205078,33.12799835205078,33.150001525878906,33.09000015258789,33.09000015258789,22200.0
2024-03-08,33.040000915527344,33.040000915527344,33.130001068115234,33.040000915527344,33.08000183105469,3300.0
2024-03-11,33.04100036621094,33.04100036621094,33.060001373291016,33.01499938964844,33.02299880981445,1600.0
2024-03-12,33.18000030517578,33.18000030517578,33.209999084472656,33.0099983215332,33.0099983215332,13000.0
2024-03-13,33.165000915527344,33.165000915527344,33.20000076293945,33.13999938964844,33.13999938964844,6700.0
2024-03-14,33.11800003051758,33.11800003051758,33.119998931884766,33.06999969482422,33.119998931884766,5500.0
2024-03-15,33.029998779296875,33.029998779296875,33.119998931884766,33.0,33.0,11700.0
2024-03-18,33.132999420166016,33.132999420166016,33.17599868774414,33.132999420166016,33.154998779296875,3000.0
2024-03-19,33.207000732421875,33.207000732421875,33.207000732421875,33.150001525878906,33.17499923706055,2700.0
2024-03-20,33.30099868774414,33.30099868774414,33.310001373291016,33.18000030517578,33.21500015258789,1700.0
2024-03-21,33.345001220703125,33.345001220703125,33.380001068115234,33.31999969482422,33.380001068115234,1400.0
2024-03-22,33.345001220703125,33.345001220703125,33.36000061035156,33.34000015258789,33.36000061035156,3800.0
2024-03-25,33.314998626708984,33.314998626708984,33.34400177001953,33.279998779296875,33.29999923706055,4000.0
2024-03-26,33.314998626708984,33.314998626708984,33.36000061035156,33.29999923706055,33.35900115966797,6800.0
2024-03-27,33.4010009765625,33.4010009765625,33.4010009765625,33.34000015258789,33.34000015258789,3100.0
2024-03-28,33.41999816894531,33.41999816894531,33.4370002746582,33.400001525878906,33.400001525878906,3400.0
2024-04-01,33.380001068115234,33.380001068115234,33.40999984741211,33.33000183105469,33.39099884033203,4100.0
2024-04-02,33.310001373291016,33.310001373291016,33.31999969482422,33.2599983215332,33.31999969482422,800.0
2024-04-03,33.33599853515625,33.33599853515625,33.380001068115234,33.2400016784668,33.2400016784668,8200.0
2024-04-04,33.20000076293945,33.20000076293945,33.43000030517578,33.20000076293945,33.380001068115234,4700.0
2024-04-05,33.314998626708984,33.314998626708984,33.33000183105469,33.29999923706055,33.33000183105469,12500.0
2024-04-08,33.33100128173828,33.33100128173828,33.36000061035156,33.29999923706055,33.33000183105469,5000.0
2024-04-09,33.34600067138672,33.34600067138672,33.34600067138672,33.27000045776367,33.27000045776367,10900.0
2024-04-10,33.24399948120117,33.24399948120117,33.27000045776367,33.172000885009766,33.220001220703125,1500.0
2024-04-11,33.33100128173828,33.33100128173828,33.349998474121094,33.22200012207031,33.22200012207031,3700.0
2024-04-12,33.14799880981445,33.14799880981445,33.150001525878906,33.09000015258789,33.09000015258789,3100.0
2024-04-15,32.99800109863281,32.99800109863281,33.14699935913086,32.97999954223633,33.14699935913086,6400.0
2024-04-16,32.97700119018555,32.97700119018555,33.02000045776367,32.95000076293945,32.95000076293945,5200.0
2024-04-17,32.904998779296875,32.904998779296875,32.97999954223633,32.88999938964844,32.9010009765625,3700.0
2024-04-18,32.880001068115234,32.880001068115234,32.900001525878906,32.849998474121094,32.849998474121094,1400.0
2024-04-19,32.763999938964844,32.763999938964844,32.85499954223633,32.7400016784668,32.85499954223633,4900.0
2024-04-22,32.91699981689453,32.91699981689453,32.99599838256836,32.83000183105469,32.900001525878906,10900.0
2024-04-23,33.10100173950195,33.10100173950195,33.130001068115234,33.040000915527344,33.040000915527344,3200.0
2024-04-24,33.13199996948242,33.13199996948242,33.150001525878906,33.099998474121094,33.13999938964844,6600.0
2024-04-25,33.04800033569336,33.04800033569336,33.08000183105469,32.91999816894531,32.91999816894531,16700.0
2024-04-26,33.20000076293945,33.20000076293945,33.2599983215332,33.16999816894531,33.189998626708984,8400.0
2024-04-29,33.2400016784668,33.2400016784668,33.279998779296875,33.16999816894531,33.24800109863281,2200.0
2024-04-30,33.06700134277344,33.06700134277344,33.2599983215332,33.06700134277344,33.22999954223633,13500.0
2024-05-01,33.01100158691406,33.01100158691406,33.11000061035156,32.95000076293945,33.029998779296875,7000.0
2024-05-02,33.11399841308594,33.11399841308594,33.13999938964844,32.97999954223633,32.97999954223633,3500.0
2024-05-03,33.31800079345703,33.31800079345703,33.36000061035156,33.26499938964844,33.26499938964844,13200.0
2024-05-06,33.44900131225586,33.44900131225586,33.45000076293945,33.36000061035156,33.36000061035156,1200.0
2024-05-07,33.47999954223633,33.47999954223633,33.529998779296875,33.474998474121094,33.47999954223633,3200.0
2024-05-08,33.50199890136719,33.50199890136719,33.52000045776367,33.459999084472656,33.459999084472656,7800.0
2024-05-09,33.55500030517578,33.55500030517578,33.59000015258789,33.4900016784668,33.4900016784668,451400.0
2024-05-10,33.60900115966797,33.60900115966797,33.63999938964844,33.54999923706055,33.630001068115234,6600.0
2024-05-13,33.60499954223633,33.60499954223633,33.63999938964844,33.56999969482422,33.59000015258789,1300.0
2024-05-14,33.67499923706055,33.67499923706055,33.689998626708984,33.625,33.625,900.0
2024-05-15,33.810001373291016,33.810001373291016,33.83000183105469,33.75899887084961,33.75899887084961,2000.0
2024-05-16,33.77000045776367,33.77000045776367,33.83399963378906,33.77000045776367,33.790000915527344,3000.0
2024-05-17,33.82500076293945,33.82500076293945,33.82500076293945,33.81999969482422,33.81999969482422,4100.0
2024-05-20,33.85100173950195,33.85100173950195,33.90999984741211,33.85100173950195,33.90999984741211,600.0
2024-05-21,33.89799880981445,33.89799880981445,33.89799880981445,33.875999450683594,33.88100051879883,1300.0
2024-05-22,33.861000061035156,33.861000061035156,33.88100051879883,33.861000061035156,33.88100051879883,200.0
2024-05-23,33.779998779296875,33.779998779296875,33.880001068115234,33.75199890136719,33.880001068115234,1200.0
2024-05-24,33.89099884033203,33.89099884033203,33.89099884033203,33.88999938964844,33.88999938964844,700.0
2024-05-28,33.89400100708008,33.89400100708008,33.89400100708008,33.89400100708008,33.89400100708008,100.0
2024-05-29,33.834999084472656,33.834999084472656,33.834999084472656,33.834999084472656,33.834999084472656,100.0
2024-05-30,33.77199935913086,33.77199935913086,33.83000183105469,33.77199935913086,33.79999923706055,2100.0
2024-05-31,33.869998931884766,33.869998931884766,33.869998931884766,33.744998931884766,33.82600021362305,3400.0
2024-06-03,33.88399887084961,33.88399887084961,33.88399887084961,33.88399887084961,33.88399887084961,100.0
2024-06-04,33.90999984741211,33.90999984741211,33.939998626708984,33.86800003051758,33.88999938964844,2600.0
2024-06-05,33.98500061035156,33.98500061035156,33.98500061035156,33.97999954223633,33.97999954223633,1000.0
2024-06-06,34.02000045776367,34.02000045776367,34.040000915527344,34.0,34.0,6600.0
2024-06-07,34.027000427246094,34.027000427246094,34.060001373291016,33.9900016784668,34.01499938964844,6800.0
2024-06-10,34.04499816894531,34.04499816894531,34.04499816894531,34.02000045776367,34.03499984741211,800.0
2024-06-11,34.06999969482422,34.06999969482422,34.06999969482422,34.0099983215332,34.0099983215332,400.0
2024-06-12,34.16299819946289,34.16299819946289,34.189998626708984,34.11000061035156,34.13999938964844,25200.0
2024-06-13,34.17300033569336,34.17300033569336,34.209999084472656,34.10100173950195,34.150001525878906,25600.0
2024-06-14,34.154998779296875,34.154998779296875,34.16999816894531,34.11000061035156,34.15800094604492,1700.0
2024-06-17,34.25,34.25,34.25,34.18000030517578,34.18000030517578,800.0
2024-06-18,34.23400115966797,34.23400115966797,34.2400016784668,34.18000030517578,34.18000030517578,600.0
2024-06-20,34.20000076293945,34.20000076293945,34.20000076293945,34.18600082397461,34.20000076293945,900.0
2024-06-21,34.209999084472656,34.209999084472656,34.2400016784668,34.18199920654297,34.209999084472656,13600.0
2024-06-24,34.19900131225586,34.19900131225586,34.19900131225586,34.19900131225586,34.19900131225586,200.0
2024-06-25,34.220001220703125,34.220001220703125,34.25,34.18000030517578,34.189998626708984,1700.0
2024-06-26,34.23899841308594,34.23899841308594,34.2599983215332,34.21500015258789,34.22999954223633,700.0
2024-06-27,34.26499938964844,34.26499938964844,34.290000915527344,34.22999954223633,34.25,12300.0
2024-06-28,34.290000915527344,34.290000915527344,34.34000015258789,34.242000579833984,34.29600143432617,15900.0
2024-07-01,34.29899978637695,34.29899978637695,34.29899978637695,34.25400161743164,34.26499938964844,1400.0
2024-07-02,34.34000015258789,34.34000015258789,34.34000015258789,34.290000915527344,34.29999923706055,7300.0
2024-07-03,34.369998931884766,34.369998931884766,34.369998931884766,34.34000015258789,34.34000015258789,1200.0
2024-07-05,34.40999984741211,34.40999984741211,34.40999984741211,34.36000061035156,34.36000061035156,1700.0
2024-07-08,34.43000030517578,34.43000030517578,34.45000076293945,34.400001525878906,34.400001525878906,11500.0
2024-07-09,34.44300079345703,34.44300079345703,34.44300079345703,34.41999816894531,34.41999816894531,500.0
2024-07-10,34.46699905395508,34.46699905395508,34.4900016784668,34.38999938964844,34.38999938964844,2900.0
2024-07-11,34.459999084472656,34.459999084472656,34.459999084472656,34.43000030517578,34.459999084472656,5300.0
2024-07-12,34.50899887084961,34.50899887084961,34.540000915527344,34.48500061035156,34.48500061035156,10300.0
2024-07-15,34.51499938964844,34.51499938964844,34.54999923706055,34.51499938964844,34.529998779296875,9200.0
2024-07-16,34.52000045776367,34.52000045776367,34.54999923706055,34.5099983215332,34.5099983215332,4900.0
2024-07-17,34.45000076293945,34.45000076293945,34.4900016784668,34.45000076293945,34.47700119018555,1900.0
2024-07-18,34.40800094604492,34.40800094604492,34.507999420166016,34.400001525878906,34.459999084472656,9800.0
2024-07-19,34.369998931884766,34.369998931884766,34.375999450683594,34.36000061035156,34.36000061035156,8400.0
2024-07-22,34.474998474121094,34.474998474121094,34.481998443603516,34.43000030517578,34.43000030517578,2900.0
2024-07-23,34.470001220703125,34.470001220703125,34.47999954223633,34.41999816894531,34.41999816894531,2100.0
2024-07-24,34.27799987792969,34.27799987792969,34.27799987792969,34.27799987792969,34.27799987792969,300.0
2024-07-25,34.26499938964844,34.26499938964844,34.33000183105469,34.2599983215332,34.29999923706055,23200.0
2024-07-26,34.367000579833984,34.367000579833984,34.374000549316406,34.310001373291016,34.310001373291016,1800.0
2024-07-29,34.39699935913086,34.39699935913086,34.43000030517578,34.395999908447266,34.43000030517578,500.0
2024-07-30,34.36800003051758,34.36800003051758,34.439998626708984,34.310001373291016,34.439998626708984,8700.0
2024-07-31,34.4640007019043,34.4640007019043,34.470001220703125,34.45000076293945,34.45000076293945,1100.0
2024-08-01,34.34600067138672,34.34600067138672,34.5099983215332,34.290000915527344,34.505001068115234,4000.0
2024-08-02,34.10300064086914,34.10300064086914,34.209999084472656,34.040000915527344,34.209999084472656,1700.0
2024-08-05,33.54999923706055,33.54999923706055,33.81999969482422,33.54999923706055,33.7599983215332,71500.0
2024-08-06,33.89799880981445,33.89799880981445,33.970001220703125,33.81100082397461,33.84600067138672,7200.0
2024-08-07,33.784000396728516,33.784000396728516,34.0,33.784000396728516,34.0,2500.0
2024-08-08,34.05400085449219,34.05400085449219,34.064998626708984,33.96099853515625,33.97999954223633,8600.0
2024-08-09,34.178001403808594,34.178001403808594,34.178001403808594,34.1150016784668,34.1150016784668,5700.0
2024-08-12,34.20100021362305,34.20100021362305,34.29999923706055,34.16999816894531,34.189998626708984,33200.0
2024-08-13,34.3849983215332,34.3849983215332,34.3849983215332,34.29999923706055,34.29999923706055,19500.0
2024-08-14,34.474998474121094,34.474998474121094,34.47999954223633,34.43000030517578,34.47999954223633,7600.0
2024-08-15,34.560001373291016,34.560001373291016,34.61000061035156,34.54999923706055,34.599998474121094,8400.0
2024-08-16,34.604000091552734,34.604000091552734,34.6150016784668,34.599998474121094,34.61000061035156,700.0
2024-08-19,34.665000915527344,34.665000915527344,34.66999816894531,34.599998474121094,34.619998931884766,1200.0
2024-08-20,34.66299819946289,34.66299819946289,34.66299819946289,34.63999938964844,34.65299987792969,700.0
2024-08-21,34.659000396728516,34.659000396728516,34.709999084472656,34.63999938964844,34.63999938964844,6100.0
2024-08-22,34.619998931884766,34.619998931884766,34.7130012512207,34.59000015258789,34.7130012512207,1900.0
2024-08-23,34.70399856567383,34.70399856567383,34.70399856567383,34.650001525878906,34.68000030517578,5900.0
2024-08-26,34.71500015258789,34.71500015258789,34.7400016784668,34.689998626708984,34.72999954223633,3900.0
2024-08-27,34.73400115966797,34.73400115966797,34.73400115966797,34.709999084472656,34.731998443603516,300.0
2024-08-28,34.69900131225586,34.69900131225586,34.709999084472656,34.650001525878906,34.689998626708984,4100.0
2024-08-29,34.7140007019043,34.7140007019043,34.755001068115234,34.7140007019043,34.755001068115234,1000.0
2024-08-30,34.79499816894531,34.79499816894531,34.79499816894531,34.79499816894531,34.79499816894531,100.0
2024-09-03,34.60300064086914,34.60300064086914,34.7400016784668,34.60300064086914,34.70000076293945,2200.0
2024-09-04,34.61000061035156,34.61000061035156,34.70000076293945,34.54999923706055,34.60499954223633,2900.0
2024-09-05,34.60599899291992,34.60599899291992,34.6349983215332,34.58000183105469,34.611000061035156,4400.0
2024-09-06,34.465999603271484,34.465999603271484,34.529998779296875,34.435001373291016,34.529998779296875,10700.0
2024-09-09,34.58599853515625,34.58599853515625,34.58599853515625,34.58599853515625,34.58599853515625,200.0
2024-09-10,34.63999938964844,34.63999938964844,34.63999938964844,34.54999923706055,34.56100082397461,300.0
2024-09-11,34.722999572753906,34.722999572753906,34.722999572753906,34.58000183105469,34.58000183105469,200.0
2024-09-12,34.779998779296875,34.779998779296875,34.79999923706055,34.66999816894531,34.7599983215332,2600.0
2024-09-13,34.83399963378906,34.83399963378906,34.88999938964844,34.77000045776367,34.77000045776367,9600.0
2024-09-16,34.845001220703125,34.845001220703125,34.86000061035156,34.790000915527344,34.849998474121094,1600.0
2024-09-17,34.8489990234375,34.8489990234375,34.8489990234375,34.81999969482422,34.81999969482422,1900.0
2024-09-18,34.84000015258789,34.84000015258789,34.90999984741211,34.81999969482422,34.845001220703125,1800.0
2024-09-19,34.94499969482422,34.94499969482422,34.95199966430664,34.88999938964844,34.90999984741211,3200.0
2024-09-20,34.94499969482422,34.94499969482422,34.959999084472656,34.90999984741211,34.959999084472656,3300.0
2024-09-23,34.972999572753906,34.972999572753906,34.974998474121094,34.939998626708984,34.939998626708984,8100.0
2024-09-24,35.0099983215332,35.0099983215332,35.0099983215332,34.97999954223633,34.97999954223633,2800.0
2024-09-25,34.98500061035156,34.98500061035156,35.02000045776367,34.98500061035156,35.02000045776367,200.0
2024-09-26,35.005001068115234,35.005001068115234,35.0099983215332,34.95000076293945,35.0099983215332,800.0
2024-09-27,34.994998931884766,34.994998931884766,35.03099822998047,34.9900016784668,35.0,4000.0
2024-09-30,34.99599838256836,34.99599838256836,35.012001037597656,34.9900016784668,35.0,2500.0
2024-10-01,34.959999084472656,34.959999084472656,34.959999084472656,34.959999084472656,34.959999084472656,200.0
2024-10-02,34.98500061035156,34.98500061035156,34.98500061035156,34.959999084472656,34.959999084472656,1500.0
2024-10-03,34.96500015258789,34.96500015258789,34.97999954223633,34.96500015258789,34.97999954223633,400.0
2024-10-04,35.047000885009766,35.047000885009766,35.11000061035156,34.970001220703125,35.11000061035156,9700.0
2024-10-07,34.98500061035156,34.98500061035156,35.04999923706055,34.959999084472656,34.959999084472656,200.0
2024-10-08,35.04399871826172,35.04399871826172,35.05099868774414,34.97999954223633,35.03499984741211,7800.0
2024-10-09,35.07400131225586,35.07400131225586,35.084999084472656,34.959999084472656,34.959999084472656,1200.0
2024-10-10,35.07500076293945,35.07500076293945,35.09000015258789,35.07500076293945,35.09000015258789,500.0
2024-10-11,35.119998931884766,35.119998931884766,35.119998931884766,35.099998474121094,35.099998474121094,6000.0
2024-10-14,35.138999938964844,35.138999938964844,35.15800094604492,35.130001068115234,35.15800094604492,1200.0
2024-10-15,35.125,35.125,35.18000030517578,35.11000061035156,35.13999938964844,1200.0
2024-10-16,35.154998779296875,35.154998779296875,35.189998626708984,35.08000183105469,35.09000015258789,13800.0
2024-10-17,35.17499923706055,35.17499923706055,35.189998626708984,35.17499923706055,35.18000030517578,2600.0
2024-10-18,35.19499969482422,35.19499969482422,35.220001220703125,35.13999938964844,35.13999938964844,800.0
2024-10-21,35.16999816894531,35.16999816894531,35.220001220703125,35.16999816894531,35.220001220703125,600.0
2024-10-22,35.21799850463867,35.21799850463867,35.21799850463867,35.189998626708984,35.209999084472656,2000.0
2024-10-23,35.19499969482422,35.19499969482422,35.209999084472656,35.19499969482422,35.209999084472656,300.0
2024-10-24,35.20500183105469,35.20500183105469,35.222999572753906,35.18000030517578,35.20000076293945,6000.0
2024-10-25,35.209999084472656,35.209999084472656,35.2400016784668,35.209999084472656,35.220001220703125,900.0
2024-10-28,35.22999954223633,35.22999954223633,35.24599838256836,35.189998626708984,35.24599838256836,1800.0
2024-10-29,35.24300003051758,35.24300003051758,35.2599983215332,35.2400016784668,35.25600051879883,1900.0
2024-10-30,35.244998931884766,35.244998931884766,35.29999923706055,35.20199966430664,35.220001220703125,2700.0
2024-10-31,35.2140007019043,35.2140007019043,35.21900177001953,35.15999984741211,35.189998626708984,1500.0
2024-11-01,35.23500061035156,35.23500061035156,35.27000045776367,35.189998626708984,35.25,1100.0
2024-11-04,35.2400016784668,35.2400016784668,35.27000045776367,35.20000076293945,35.25199890136719,18900.0
2024-11-05,35.268001556396484,35.268001556396484,35.310001373291016,35.220001220703125,35.220001220703125,3400.0
2024-11-06,35.34000015258789,35.34000015258789,35.34000015258789,35.279998779296875,35.29999923706055,14600.0
2024-11-07,35.334999084472656,35.334999084472656,35.38999938964844,35.29999923706055,35.29999923706055,4000.0
2024-11-08,35.349998474121094,35.349998474121094,35.349998474121094,35.310001373291016,35.310001373291016,4000.0
2024-11-11,35.369998931884766,35.369998931884766,35.369998931884766,35.3650016784668,35.369998931884766,600.0
2024-11-12,35.35499954223633,35.35499954223633,35.400001525878906,35.310001373291016,35.345001220703125,12100.0
2024-11-13,35.34000015258789,35.34000015258789,35.380001068115234,35.310001373291016,35.380001068115234,7100.0
2024-11-14,35.3650016784668,35.3650016784668,35.375999450683594,35.31999969482422,35.31999969482422,102000.0
2024-11-15,35.369998931884766,35.369998931884766,35.369998931884766,35.369998931884766,35.369998931884766,1000.0
2024-11-18,35.36000061035156,35.36000061035156,35.41999816894531,35.349998474121094,35.349998474121094,5400.0
2024-11-19,35.38999938964844,35.38999938964844,35.439998626708984,35.349998474121094,35.41999816894531,11500.0
2024-11-20,35.38999938964844,35.38999938964844,35.40700149536133,35.34000015258789,35.40700149536133,1000.0
2024-11-21,35.3849983215332,35.3849983215332,35.41999816894531,35.310001373291016,35.31999969482422,14700.0
2024-11-22,35.3849983215332,35.3849983215332,35.439998626708984,35.380001068115234,35.43600082397461,6400.0
2024-11-25,35.43000030517578,35.43000030517578,35.4739990234375,35.369998931884766,35.4739990234375,13900.0
2024-11-26,35.435001373291016,35.435001373291016,35.470001220703125,35.43000030517578,35.459999084472656,38300.0
2024-11-27,35.46500015258789,35.46500015258789,35.470001220703125,35.439998626708984,35.44200134277344,67200.0
2024-11-29,35.4900016784668,35.4900016784668,35.5,35.459999084472656,35.5,33200.0
2024-12-02,35.4900016784668,35.4900016784668,35.54999923706055,35.45000076293945,35.529998779296875,545000.0
2024-12-03,35.5099983215332,35.5099983215332,35.53499984741211,35.45199966430664,35.5,183900.0
2024-12-04,35.58000183105469,35.58000183105469,35.630001068115234,35.54499816894531,35.619998931884766,108100.0
2024-12-05,35.61000061035156,35.61000061035156,35.66999816894531,35.58000183105469,35.66999816894531,62400.0
2024-12-06,35.650001525878906,35.650001525878906,35.720001220703125,35.560001373291016,35.56999969482422,104000.0
2024-12-09,35.52299880981445,35.52299880981445,35.5989990234375,35.5099983215332,35.5989990234375,49200.0
2024-12-10,35.48899841308594,35.48899841308594,35.56999969482422,35.45199966430664,35.54899978637695,76500.0
2024-12-11,35.619998931884766,35.619998931884766,35.65999984741211,35.52000045776367,35.52000045776367,44100.0
2024-12-12,35.540000915527344,35.540000915527344,35.619998931884766,35.52000045776367,35.54999923706055,92300.0
2024-12-13,35.54999923706055,35.54999923706055,35.689998626708984,35.507999420166016,35.689998626708984,36900.0
2024-12-16,35.597999572753906,35.597999572753906,35.66999816894531,35.54999923706055,35.59000015258789,25100.0
2024-12-17,35.564998626708984,35.564998626708984,35.61000061035156,35.529998779296875,35.56800079345703,41900.0
2024-12-18,35.04999923706055,35.04999923706055,35.63999938964844,35.04999923706055,35.619998931884766,91200.0
2024-12-19,35.08000183105469,35.08000183105469,35.27000045776367,35.05099868774414,35.2599983215332,76100.0
2024-12-20,35.2400016784668,35.2400016784668,35.36000061035156,34.93000030517578,34.9900016784668,875800.0
2024-12-23,35.400001525878906,35.400001525878906,35.400001525878906,35.18000030517578,35.290000915527344,49500.0
2024-12-24,35.51599884033203,35.51599884033203,35.529998779296875,35.40999984741211,35.40999984741211,5200.0
2024-12-26,35.59000015258789,35.59000015258789,35.599998474121094,35.5099983215332,35.52000045776367,20700.0
2024-12-27,35.369998931884766,35.369998931884766,35.4900016784668,35.220001220703125,35.4900016784668,59900.0
2024-12-30,35.16999816894531,35.16999816894531,35.27000045776367,35.029998779296875,35.18000030517578,73000.0
2024-12-31,35.09000015258789,35.09000015258789,35.209999084472656,35.03799819946289,35.189998626708984,71200.0
2025-01-02,35.08000183105469,35.08000183105469,35.27000045776367,34.86000061035156,35.27000045776367,65200.0
2025-01-03,35.279998779296875,35.279998779296875,35.290000915527344,35.099998474121094,35.099998474121094,131300.0
2025-01-06,35.380001068115234,35.380001068115234,35.52000045776367,35.29999923706055,35.435001373291016,40100.0
2025-01-07,35.15999984741211,35.15999984741211,35.43000030517578,35.08100128173828,35.43000030517578,65500.0
2025-01-08,35.2599983215332,35.2599983215332,35.2599983215332,35.09000015258789,35.150001525878906,447200.0
2025-01-10,34.880001068115234,34.880001068115234,35.02000045776367,34.84000015258789,35.02000045776367,528600.0
2025-01-13,34.939998626708984,34.939998626708984,34.970001220703125,34.689998626708984,34.779998779296875,91300.0
2025-01-14,34.970001220703125,34.970001220703125,35.042999267578125,34.849998474121094,34.98899841308594,72800.0
2025-01-15,35.31999969482422,35.31999969482422,35.349998474121094,35.189998626708984,35.189998626708984,84700.0
2025-01-16,35.31999969482422,35.31999969482422,35.36000061035156,35.26499938964844,35.310001373291016,139300.0
2025-01-17,35.494998931884766,35.494998931884766,35.529998779296875,35.470001220703125,35.47999954223633,5300.0
2025-01-21,35.65999984741211,35.65999984741211,35.65999984741211,35.5099983215332,35.59000015258789,22800.0
2025-01-22,35.77000045776367,35.77000045776367,35.810001373291016,35.69300079345703,35.75,33700.0
2025-01-23,35.82500076293945,35.82500076293945,35.82500076293945,35.61199951171875,35.61199951171875,26300.0
2025-01-24,35.79999923706055,35.79999923706055,35.900001525878906,35.7599983215332,35.779998779296875,25600.0
2025-01-27,35.520999908447266,35.520999908447266,35.54999923706055,35.43000030517578,35.54999923706055,26900.0
2025-01-28,35.7400016784668,35.7400016784668,35.75,35.5,35.50899887084961,43500.0
2025-01-29,35.630001068115234,35.630001068115234,35.689998626708984,35.529998779296875,35.66999816894531,25800.0
2025-01-30,35.7599983215332,35.7599983215332,35.79999923706055,35.599998474121094,35.720001220703125,11900.0
2025-01-31,35.66999816894531,35.66999816894531,35.869998931884766,35.58000183105469,35.79999923706055,16100.0
2025-02-03,35.439998626708984,35.439998626708984,35.59000015258789,35.27000045776367,35.290000915527344,78800.0
2025-02-04,35.65999984741211,35.65999984741211,35.65999984741211,35.459999084472656,35.459999084472656,45700.0
2025-02-05,35.720001220703125,35.720001220703125,35.739898681640625,35.540000915527344,35.650001525878906,55529.0
